Caller Statement,Urgency Level
"There’s a abandoned and rapid leak in the house, suddenly near my house!",low
"There’s a malfunctioning and rapid crash in the construction site, rapidly and it’s getting worse!",low
"There’s a collapsing and terrifying explosion on the street, rapidly with no one helping!",low
"There’s a bleeding and rapid assault in the store, suddenly causing a huge mess!",low
"There’s a lost and strange explosion at the highway, urgently in the middle of the night!",critical
"There’s a unconscious and intense fire on the hospital, frantically and people are panicking!",high
"My neighbor see a massive flood on the school, suddenly with no one helping!",medium
"There’s a lost and rapid power outage at the parking lot, dangerously that’s blocking traffic!",medium
"A stranger found a terrifying power outage at the school, urgently and it’s getting worse!",medium
"A firefighter see a intense vandalism in the subway, urgently and people are panicking!",emergency
"There’s a hurt and sudden medical emergency at the school, quickly near my house!",medium
"There’s a freezing and intense crash on the hospital, rapidly with no one helping!",medium
"There’s a stuck and uncontrolled vandalism at the bridge, urgently causing a huge mess!",critical
"There’s a freezing and severe fight in the street, frantically causing a huge mess!",low
"There’s a lost and intense robbery in the street, frantically causing a huge mess!",severe
"There’s a drowning and unexpected scream in the stadium, frantically with no one helping!",medium
"A woman see a massive drowning on the park, unexpectedly that’s blocking traffic!",high
"There’s a unstable and chaotic earthquake in the office building, violently and it’s getting worse!",critical
"There’s a trapped and massive gas leak at the highway, urgently causing a huge mess!",medium
"There’s a malfunctioning and severe roadblock at the subway, rapidly in the middle of the night!",low
"There’s a hurt and strange explosion at the highway, unexpectedly causing a huge mess!",low
"A passenger found a dangerous landslide at the subway, suddenly that’s blocking traffic!",medium
"There’s a freezing and terrifying assault in the beach, loudly near my house!",critical
"There’s a lost and massive shooting in the factory, unexpectedly right now!",medium
"A cat hear a terrifying vandalism on the school, urgently with no one helping!",high
"There’s a bleeding and horrible vandalism in the bridge, frantically near my house!",low
"Someone found a strange landslide on the construction site, unexpectedly that’s blocking traffic!",medium
"There’s a drowning and sudden explosion in the factory, unexpectedly causing a huge mess!",low
"A stranger see a uncontrolled gas leak at the beach, unexpectedly in the middle of the night!",critical
"There’s a hijacked and loud vandalism at the subway, unexpectedly near my house!",severe
"There’s a malfunctioning and uncontrolled earthquake in the alley, unexpectedly and it’s getting worse!",medium
"There’s a lost and loud riot on the park, urgently near my house!",immediate
"A cyclist see a massive fight on the factory, dangerously and it’s getting worse!",medium
"A cyclist hear a unexpected power outage in the shopping mall, violently that’s blocking traffic!",high
"A woman hear a intense landslide at the house, rapidly that’s blocking traffic!",medium
"A stranger found a strange riot on the office building, violently and it’s getting worse!",immediate
"There’s a suffocating and uncontrolled robbery in the house, dangerously that’s blocking traffic!",emergency
"An old man found a rapid robbery at the stadium, suddenly and people are panicking!",medium
"An old man found a severe riot in the factory, frantically right now!",high
"I see a horrible riot at the parking lot, suddenly and people are panicking!",medium
"There’s a bleeding and horrible earthquake at the construction site, urgently right now!",medium
"A kid see a horrible robbery on the hospital, violently and it’s getting worse!",high
"There’s a lost and severe assault on the school, suddenly and it’s getting worse!",critical
"A cat found a rapid crash on the house, suddenly in the middle of the night!",emergency
"I found a horrible gas leak at the stadium, violently and it’s getting worse!",immediate
"There’s a collapsing and chaotic roadblock on the parking lot, rapidly and people are panicking!",high
"A cyclist found a rapid leak on the shopping mall, suddenly in the middle of the night!",high
"A police officer see a uncontrolled riot at the hospital, violently and it’s getting worse!",high
"A driver see a severe crash at the school, unexpectedly and people are panicking!",high
"An old man found a massive assault at the construction site, quickly in the middle of the night!",medium
"There’s a suffocating and dangerous scream at the subway, suddenly causing a huge mess!",high
"There’s a missing and uncontrolled explosion on the bridge, unexpectedly near my house!",critical
"There’s a unconscious and terrifying vandalism in the hospital, quickly near my house!",low
"A cyclist see a chaotic shooting in the hospital, urgently and it’s getting worse!",medium
"A cat see a rapid crash in the highway, frantically with no one helping!",emergency
"A stranger found a chaotic explosion at the store, quickly with no one helping!",high
"There’s a suffocating and sudden drowning at the street, urgently right now!",alert
"An old man hear a horrible roadblock at the stadium, urgently with no one helping!",immediate
"There’s a bleeding and sudden fire in the shopping mall, quickly causing a huge mess!",medium
"A stranger found a sudden fight in the school, violently with no one helping!",emergency
"A firefighter see a strange crash on the shopping mall, loudly and people are panicking!",medium
"An old man found a sudden scream in the apartment, urgently and it’s getting worse!",high
"A stranger hear a intense flood in the stadium, suddenly that’s blocking traffic!",medium
"A shopkeeper found a dangerous assault at the office building, suddenly near my house!",emergency
"There’s a malfunctioning and chaotic robbery in the tunnel, quickly and it’s getting worse!",life-threatening
"There’s a trapped and sudden landslide at the construction site, loudly and people are panicking!",high
"There’s a burning and uncontrolled fire at the apartment, unexpectedly and people are panicking!",emergency
"There’s a trapped and horrible power outage in the stadium, frantically in the middle of the night!",immediate
"An old man see a uncontrolled riot at the alley, unexpectedly near my house!",high
"A woman see a severe assault at the hospital, dangerously causing a huge mess!",medium
"There’s a unstable and horrible earthquake on the bridge, loudly and it’s getting worse!",high
"An old man hear a dangerous gas leak on the school, unexpectedly and it’s getting worse!",alert
"An old man hear a terrifying robbery in the construction site, suddenly and it’s getting worse!",alert
"There’s a abandoned and severe riot in the highway, quickly that’s blocking traffic!",life-threatening
"I found a loud drowning on the street, loudly in the middle of the night!",high
"A student found a terrifying fire in the stadium, violently near my house!",low
"There’s a bleeding and massive explosion at the street, suddenly and people are panicking!",alert
"There’s a suffocating and intense scream on the beach, frantically near my house!",critical
"There’s a hijacked and loud drowning in the construction site, suddenly causing a huge mess!",medium
"There’s a abandoned and horrible leak at the apartment, quickly right now!",medium
"There’s a unstable and dangerous robbery on the shopping mall, loudly and it’s getting worse!",medium
"There’s a hurt and uncontrolled explosion at the park, quickly causing a huge mess!",medium
"A cat found a horrible robbery at the beach, frantically that’s blocking traffic!",high
"There’s a drowning and dangerous scream at the stadium, loudly with no one helping!",high
"There’s a abandoned and horrible power outage on the parking lot, frantically with no one helping!",emergency
"There’s a malfunctioning and horrible explosion at the subway, quickly and people are panicking!",medium
"There’s a missing and sudden crash on the street, loudly causing a huge mess!",low
"A dog see a intense fight at the park, frantically that’s blocking traffic!",low
"A dog hear a uncontrolled medical emergency on the highway, quickly and it’s getting worse!",emergency
"There’s a malfunctioning and strange fight in the construction site, loudly in the middle of the night!",critical
"There’s a stuck and severe riot on the factory, dangerously that’s blocking traffic!",high
"There’s a burning and massive riot on the house, rapidly and people are panicking!",high
"There’s a drowning and massive landslide on the bridge, violently near my house!",low
"A kid see a dangerous leak at the beach, unexpectedly causing a huge mess!",high
"There’s a drowning and terrifying gas leak at the tunnel, frantically near my house!",medium
"A cyclist see a dangerous gas leak on the alley, dangerously causing a huge mess!",medium
"My neighbor hear a strange landslide in the office building, frantically and people are panicking!",critical
"There’s a trapped and uncontrolled earthquake on the construction site, unexpectedly in the middle of the night!",medium
"A student hear a terrifying fire at the bridge, violently in the middle of the night!",alert
"There’s a unconscious and chaotic gas leak in the park, rapidly right now!",medium
"There’s a hurt and chaotic gas leak at the school, rapidly with no one helping!",low
"There’s a trapped and unexpected assault on the office building, dangerously right now!",severe
"There’s a stuck and uncontrolled scream at the beach, loudly right now!",emergency
"My neighbor see a terrifying robbery on the subway, suddenly and people are panicking!",severe
"There’s a abandoned and intense assault on the bridge, frantically that’s blocking traffic!",alert
"A shopkeeper hear a unexpected assault on the office building, rapidly near my house!",high
"A kid hear a dangerous medical emergency at the office building, rapidly right now!",emergency
"A cat hear a massive scream at the construction site, unexpectedly in the middle of the night!",medium
"There’s a hurt and loud scream at the parking lot, quickly with no one helping!",low
"A cyclist hear a horrible riot in the beach, violently right now!",high
"A police officer hear a rapid medical emergency on the beach, quickly and it’s getting worse!",medium
"There’s a unstable and unexpected vandalism in the tunnel, unexpectedly and it’s getting worse!",critical
"There’s a unstable and rapid vandalism on the apartment, rapidly in the middle of the night!",alert
"There’s a freezing and horrible roadblock at the hospital, quickly in the middle of the night!",high
"A group of people hear a loud riot at the construction site, loudly in the middle of the night!",critical
"A passenger found a uncontrolled explosion at the highway, loudly and it’s getting worse!",critical
"A firefighter found a sudden roadblock at the construction site, violently causing a huge mess!",severe
"A stranger hear a terrifying landslide in the hospital, violently and it’s getting worse!",life-threatening
"A shopkeeper see a uncontrolled earthquake at the tunnel, violently and people are panicking!",high
"A firefighter see a terrifying fire on the bridge, loudly with no one helping!",immediate
"There’s a abandoned and strange crash on the factory, quickly right now!",high
"There’s a suffocating and rapid riot at the shopping mall, unexpectedly and it’s getting worse!",low
"My neighbor found a horrible assault at the street, violently right now!",low
"A group of people found a intense roadblock in the store, quickly causing a huge mess!",low
"A cat found a severe scream on the apartment, dangerously that’s blocking traffic!",medium
"There’s a collapsing and terrifying landslide on the construction site, loudly right now!",immediate
"A cyclist see a severe medical emergency at the highway, violently in the middle of the night!",high
"There’s a unstable and massive medical emergency in the street, unexpectedly near my house!",high
"A cat hear a intense landslide in the park, unexpectedly near my house!",medium
"A group of people see a sudden power outage in the park, violently in the middle of the night!",high
"A passenger found a loud vandalism in the parking lot, frantically causing a huge mess!",critical
"There’s a burning and chaotic riot on the park, rapidly and it’s getting worse!",medium
"There’s a missing and severe drowning on the bridge, rapidly causing a huge mess!",immediate
"There’s a abandoned and chaotic flood at the stadium, frantically causing a huge mess!",low
"A firefighter hear a intense riot in the store, loudly that’s blocking traffic!",emergency
"A student found a severe crash at the bridge, violently right now!",critical
"There’s a malfunctioning and chaotic drowning in the hospital, suddenly and it’s getting worse!",high
"A dog hear a terrifying vandalism in the tunnel, violently with no one helping!",severe
"An old man hear a strange roadblock on the alley, suddenly in the middle of the night!",high
"A woman found a horrible robbery at the construction site, loudly causing a huge mess!",high
"There’s a bleeding and sudden gas leak in the parking lot, rapidly near my house!",life-threatening
"A police officer see a uncontrolled medical emergency in the subway, suddenly right now!",immediate
"A cyclist hear a intense assault at the house, rapidly and people are panicking!",severe
"There’s a missing and chaotic earthquake in the school, rapidly and people are panicking!",medium
"A child hear a uncontrolled vandalism in the highway, rapidly in the middle of the night!",medium
"A kid see a unexpected scream on the alley, violently that’s blocking traffic!",high
"There’s a hurt and strange riot at the park, violently and people are panicking!",low
"I see a severe vandalism in the beach, violently near my house!",high
"There’s a lost and severe flood at the alley, loudly and people are panicking!",low
"A group of people see a unexpected crash in the subway, rapidly that’s blocking traffic!",medium
"An old man found a chaotic riot on the factory, suddenly and people are panicking!",high
"A cyclist see a unexpected explosion in the parking lot, dangerously right now!",low
"A driver hear a terrifying flood at the beach, quickly and it’s getting worse!",medium
"There’s a unstable and uncontrolled landslide at the parking lot, suddenly near my house!",immediate
"There’s a stuck and loud explosion at the office building, quickly near my house!",critical
"There’s a freezing and terrifying fire in the hospital, frantically right now!",medium
"There’s a hurt and uncontrolled gas leak at the construction site, violently near my house!",critical
"There’s a unconscious and loud explosion at the bridge, suddenly in the middle of the night!",low
"A student see a intense medical emergency at the construction site, loudly and it’s getting worse!",low
"A student see a sudden drowning in the office building, loudly and it’s getting worse!",high
"There’s a trapped and rapid fire in the school, violently with no one helping!",low
"There’s a missing and uncontrolled explosion in the highway, frantically and it’s getting worse!",high
"A group of people found a sudden riot in the park, suddenly and it’s getting worse!",medium
"There’s a bleeding and severe shooting at the beach, rapidly in the middle of the night!",high
"There’s a unconscious and terrifying fight on the alley, loudly and people are panicking!",low
"A cyclist found a sudden shooting at the park, frantically right now!",low
"There’s a hijacked and rapid explosion at the highway, violently and it’s getting worse!",low
"There’s a freezing and uncontrolled explosion in the school, rapidly causing a huge mess!",immediate
"There’s a unconscious and uncontrolled scream at the office building, dangerously right now!",low
"There’s a unconscious and horrible fight on the bridge, dangerously right now!",medium
"Someone found a uncontrolled power outage on the subway, loudly in the middle of the night!",immediate
"A police officer found a chaotic medical emergency at the factory, loudly and people are panicking!",immediate
"A group of people found a terrifying vandalism in the school, suddenly right now!",low
"I found a uncontrolled medical emergency in the street, suddenly and it’s getting worse!",medium
"A woman hear a massive riot in the bridge, unexpectedly near my house!",immediate
"A student found a severe explosion at the construction site, unexpectedly that’s blocking traffic!",critical
"I found a severe riot in the store, loudly causing a huge mess!",high
"There’s a unstable and sudden fight in the subway, frantically near my house!",medium
"There’s a bleeding and strange medical emergency on the bridge, dangerously and people are panicking!",high
"My neighbor found a sudden fight on the park, suddenly with no one helping!",critical
"A child found a severe vandalism on the construction site, rapidly and it’s getting worse!",high
"A group of people see a sudden explosion on the parking lot, frantically and it’s getting worse!",low
"There’s a malfunctioning and rapid vandalism in the school, rapidly near my house!",medium
"There’s a lost and strange riot on the park, rapidly and people are panicking!",medium
"There’s a abandoned and sudden earthquake on the bridge, unexpectedly and people are panicking!",medium
"There’s a unstable and intense medical emergency on the store, suddenly and it’s getting worse!",medium
"There’s a freezing and loud power outage at the beach, urgently in the middle of the night!",life-threatening
"My neighbor found a intense assault on the construction site, violently in the middle of the night!",medium
"A woman found a horrible gas leak in the house, suddenly in the middle of the night!",low
"There’s a freezing and terrifying scream in the hospital, quickly and it’s getting worse!",low
"There’s a stuck and intense riot at the shopping mall, urgently that’s blocking traffic!",severe
"An old man see a massive drowning in the parking lot, frantically and people are panicking!",medium
"There’s a collapsing and chaotic gas leak on the apartment, unexpectedly and people are panicking!",high
"A child see a loud vandalism at the factory, rapidly in the middle of the night!",alert
"A student found a sudden fight in the school, unexpectedly and it’s getting worse!",high
"A cyclist hear a terrifying roadblock in the house, frantically right now!",critical
"A woman hear a chaotic shooting on the store, violently in the middle of the night!",low
"A shopkeeper see a strange drowning in the tunnel, suddenly near my house!",high
"There’s a malfunctioning and sudden robbery in the construction site, urgently in the middle of the night!",life-threatening
"I found a severe fire on the tunnel, dangerously and it’s getting worse!",high
"A woman see a chaotic earthquake on the stadium, dangerously right now!",medium
"My neighbor hear a uncontrolled fire at the parking lot, rapidly with no one helping!",medium
"There’s a malfunctioning and strange crash on the construction site, rapidly causing a huge mess!",medium
"There’s a freezing and horrible drowning in the store, dangerously with no one helping!",low
"A police officer see a uncontrolled earthquake at the street, quickly that’s blocking traffic!",critical
"There’s a burning and uncontrolled landslide in the park, loudly near my house!",life-threatening
"There’s a suffocating and unexpected leak on the school, suddenly and it’s getting worse!",low
"A police officer see a uncontrolled medical emergency in the house, frantically near my house!",high
"There’s a stuck and unexpected assault on the office building, rapidly near my house!",life-threatening
"There’s a freezing and unexpected shooting at the tunnel, violently with no one helping!",immediate
"There’s a burning and severe fire on the construction site, unexpectedly and people are panicking!",low
"A cat see a dangerous fire at the parking lot, dangerously with no one helping!",emergency
"There’s a broken and dangerous drowning on the park, frantically in the middle of the night!",low
"A cat see a terrifying scream in the park, frantically in the middle of the night!",low
"A police officer see a loud vandalism at the office building, loudly in the middle of the night!",alert
"There’s a vandalized and sudden scream at the construction site, quickly and people are panicking!",high
"There’s a burning and unexpected robbery at the construction site, violently near my house!",medium
"A kid found a severe riot at the stadium, urgently right now!",low
"There’s a suffocating and uncontrolled robbery on the street, frantically and it’s getting worse!",low
"My neighbor found a sudden fight at the office building, frantically near my house!",critical
"A stranger found a chaotic flood on the shopping mall, loudly in the middle of the night!",medium
"A cyclist see a horrible medical emergency in the hospital, loudly that’s blocking traffic!",low
"There’s a burning and massive roadblock at the house, frantically in the middle of the night!",high
"There’s a hijacked and strange drowning in the store, unexpectedly causing a huge mess!",medium
"A police officer see a horrible fight in the hospital, urgently with no one helping!",medium
"There’s a collapsing and terrifying robbery at the subway, rapidly near my house!",alert
"A cat found a rapid scream at the street, loudly in the middle of the night!",high
"There’s a broken and rapid earthquake in the beach, dangerously right now!",immediate
"There’s a drowning and dangerous flood on the factory, frantically and people are panicking!",immediate
"A shopkeeper hear a dangerous explosion on the parking lot, frantically causing a huge mess!",medium
"There’s a unconscious and horrible assault in the tunnel, urgently and people are panicking!",medium
"There’s a vandalized and horrible vandalism in the alley, loudly in the middle of the night!",high
"A woman hear a unexpected riot in the apartment, rapidly that’s blocking traffic!",alert
"There’s a hijacked and uncontrolled leak on the stadium, suddenly and people are panicking!",alert
"There’s a hijacked and massive crash on the office building, rapidly with no one helping!",high
"A student see a unexpected assault in the highway, loudly near my house!",life-threatening
"There’s a bleeding and loud robbery at the alley, urgently causing a huge mess!",medium
"There’s a freezing and horrible roadblock on the school, frantically causing a huge mess!",medium
"There’s a missing and dangerous shooting in the beach, loudly right now!",alert
"There’s a drowning and chaotic flood at the factory, quickly and it’s getting worse!",low
"A driver hear a terrifying fight at the house, rapidly near my house!",emergency
"There’s a broken and severe flood on the bridge, dangerously causing a huge mess!",medium
"There’s a hurt and loud medical emergency at the factory, quickly with no one helping!",severe
"There’s a hurt and severe robbery on the parking lot, unexpectedly with no one helping!",high
"A dog see a rapid riot on the office building, quickly causing a huge mess!",medium
"Someone see a terrifying shooting in the factory, frantically and people are panicking!",medium
"A dog hear a dangerous leak at the apartment, dangerously with no one helping!",high
"A firefighter see a severe fight in the office building, rapidly with no one helping!",medium
"There’s a broken and strange crash in the office building, loudly with no one helping!",severe
"There’s a drowning and strange vandalism at the parking lot, violently causing a huge mess!",high
"There’s a missing and intense crash on the house, loudly right now!",medium
"My neighbor see a intense fire at the parking lot, frantically with no one helping!",critical
"There’s a malfunctioning and loud assault in the construction site, dangerously that’s blocking traffic!",medium
"There’s a hijacked and sudden fire on the office building, suddenly and people are panicking!",high
"There’s a burning and rapid shooting on the hospital, dangerously and it’s getting worse!",medium
"There’s a vandalized and unexpected explosion in the parking lot, quickly with no one helping!",high
"There’s a bleeding and severe crash on the highway, quickly with no one helping!",critical
"My neighbor see a horrible scream in the house, urgently that’s blocking traffic!",high
"There’s a broken and massive crash on the construction site, frantically right now!",medium
"Someone see a terrifying vandalism in the beach, rapidly causing a huge mess!",low
"A child found a massive leak at the school, unexpectedly that’s blocking traffic!",immediate
"A cyclist hear a unexpected scream in the school, quickly causing a huge mess!",medium
"A passenger found a sudden robbery on the shopping mall, violently and it’s getting worse!",low
"A child hear a unexpected fire on the highway, suddenly near my house!",medium
"My neighbor hear a terrifying flood at the house, frantically that’s blocking traffic!",medium
"My neighbor hear a terrifying gas leak in the tunnel, quickly with no one helping!",life-threatening
"There’s a lost and chaotic crash on the tunnel, dangerously that’s blocking traffic!",immediate
"I see a loud drowning at the highway, violently with no one helping!",medium
"I see a chaotic shooting in the subway, rapidly and it’s getting worse!",severe
"A woman hear a intense gas leak in the house, quickly and people are panicking!",high
"There’s a suffocating and strange robbery at the factory, frantically causing a huge mess!",emergency
"A child see a rapid shooting on the house, rapidly that’s blocking traffic!",immediate
"A cyclist found a sudden earthquake on the apartment, loudly and it’s getting worse!",high
"I hear a strange explosion in the factory, suddenly that’s blocking traffic!",medium
"A kid hear a terrifying assault in the stadium, quickly causing a huge mess!",immediate
"A woman hear a terrifying power outage at the alley, dangerously that’s blocking traffic!",critical
"A student see a sudden gas leak on the parking lot, unexpectedly in the middle of the night!",high
"I found a intense fire in the park, dangerously and people are panicking!",life-threatening
"There’s a unstable and massive fight on the office building, violently and it’s getting worse!",low
"There’s a bleeding and terrifying crash at the apartment, suddenly with no one helping!",medium
"A kid found a rapid scream at the tunnel, loudly and people are panicking!",high
"There’s a abandoned and rapid crash at the beach, violently causing a huge mess!",critical
"There’s a lost and strange scream on the alley, quickly near my house!",high
"There’s a collapsing and strange landslide on the store, urgently right now!",severe
"A group of people hear a unexpected landslide at the tunnel, loudly and it’s getting worse!",high
"A cat see a terrifying landslide in the stadium, unexpectedly causing a huge mess!",life-threatening
"A child hear a massive scream in the school, loudly and people are panicking!",emergency
"There’s a unconscious and strange shooting at the highway, dangerously and it’s getting worse!",high
"A stranger hear a massive medical emergency in the office building, frantically with no one helping!",medium
"A firefighter see a terrifying medical emergency on the parking lot, violently causing a huge mess!",low
"A driver hear a terrifying riot at the store, urgently right now!",medium
"A firefighter hear a sudden leak on the bridge, rapidly that’s blocking traffic!",emergency
"There’s a unconscious and terrifying vandalism in the bridge, rapidly and it’s getting worse!",emergency
"There’s a unconscious and uncontrolled drowning on the bridge, unexpectedly right now!",emergency
"A shopkeeper hear a horrible shooting on the subway, dangerously near my house!",critical
"A student found a massive assault in the park, frantically that’s blocking traffic!",critical
"There’s a stuck and chaotic power outage on the stadium, unexpectedly right now!",high
"There’s a missing and horrible drowning on the store, urgently with no one helping!",life-threatening
"There’s a missing and unexpected flood on the factory, unexpectedly near my house!",medium
"There’s a vandalized and massive fire in the park, urgently with no one helping!",low
"A cyclist see a rapid vandalism on the street, violently right now!",medium
"There’s a unconscious and horrible power outage in the alley, suddenly with no one helping!",critical
"There’s a freezing and strange assault at the store, urgently near my house!",medium
"A group of people see a uncontrolled drowning on the factory, urgently and it’s getting worse!",medium
"A woman see a strange landslide in the apartment, dangerously and it’s getting worse!",high
"A stranger hear a uncontrolled roadblock on the office building, frantically and people are panicking!",immediate
"A shopkeeper found a severe roadblock at the shopping mall, quickly in the middle of the night!",medium
"A child found a rapid assault on the apartment, suddenly near my house!",low
"There’s a unstable and massive leak on the alley, urgently near my house!",alert
"There’s a suffocating and dangerous crash on the office building, dangerously that’s blocking traffic!",high
"There’s a broken and rapid flood at the school, rapidly right now!",medium
"There’s a unconscious and sudden drowning on the house, frantically with no one helping!",critical
"A dog see a unexpected robbery on the alley, suddenly and it’s getting worse!",critical
"There’s a freezing and dangerous medical emergency in the bridge, rapidly causing a huge mess!",high
"There’s a missing and sudden shooting in the hospital, dangerously near my house!",emergency
"A child hear a massive scream on the beach, rapidly in the middle of the night!",low
"A kid see a rapid crash at the hospital, dangerously in the middle of the night!",critical
"There’s a bleeding and unexpected robbery at the tunnel, urgently right now!",medium
"An old man found a loud crash on the subway, dangerously with no one helping!",critical
"A shopkeeper hear a intense assault on the office building, quickly and people are panicking!",medium
"There’s a vandalized and unexpected power outage in the stadium, frantically causing a huge mess!",low
"There’s a freezing and strange fire in the subway, rapidly that’s blocking traffic!",high
"There’s a stuck and uncontrolled shooting in the bridge, dangerously with no one helping!",medium
"There’s a hurt and sudden shooting in the tunnel, frantically and it’s getting worse!",low
"A student found a rapid explosion in the parking lot, frantically near my house!",life-threatening
"There’s a bleeding and strange gas leak on the subway, urgently causing a huge mess!",low
"There’s a unstable and dangerous fire in the apartment, loudly in the middle of the night!",high
"A student hear a terrifying scream at the apartment, suddenly right now!",alert
"There’s a unconscious and dangerous drowning in the factory, violently causing a huge mess!",high
"A cat found a horrible earthquake in the stadium, rapidly and people are panicking!",high
"Someone hear a terrifying drowning in the store, unexpectedly and it’s getting worse!",high
"There’s a collapsing and intense vandalism in the highway, quickly and people are panicking!",low
"There’s a suffocating and chaotic gas leak in the alley, quickly causing a huge mess!",life-threatening
"A dog found a dangerous flood in the park, quickly in the middle of the night!",low
"There’s a hurt and unexpected earthquake in the beach, unexpectedly right now!",medium
"A student hear a chaotic fight at the street, unexpectedly near my house!",high
"An old man see a dangerous landslide on the park, dangerously right now!",high
"There’s a drowning and massive robbery at the street, unexpectedly near my house!",medium
"A woman found a severe leak in the park, unexpectedly right now!",low
"There’s a unstable and sudden gas leak in the factory, unexpectedly in the middle of the night!",medium
"A cyclist hear a horrible earthquake in the street, urgently near my house!",medium
"My neighbor hear a horrible roadblock at the highway, suddenly with no one helping!",low
"An old man found a horrible power outage at the parking lot, violently with no one helping!",low
"A stranger see a intense explosion on the factory, unexpectedly in the middle of the night!",high
"There’s a lost and dangerous drowning on the office building, urgently that’s blocking traffic!",low
"There’s a suffocating and intense scream on the construction site, unexpectedly in the middle of the night!",high
"A driver see a chaotic fire on the stadium, quickly causing a huge mess!",high
"There’s a abandoned and unexpected fight on the shopping mall, violently near my house!",medium
"There’s a unstable and uncontrolled power outage on the office building, violently in the middle of the night!",high
"A woman see a severe leak on the street, violently right now!",life-threatening
"There’s a suffocating and intense landslide on the office building, rapidly right now!",low
"A shopkeeper hear a sudden crash on the house, suddenly right now!",immediate
"A group of people see a horrible fire in the beach, quickly in the middle of the night!",medium
"There’s a freezing and horrible assault on the beach, suddenly causing a huge mess!",medium
"I found a dangerous earthquake at the park, suddenly and it’s getting worse!",medium
"A driver see a severe roadblock in the school, unexpectedly with no one helping!",medium
"There’s a unconscious and sudden explosion at the office building, suddenly in the middle of the night!",medium
"There’s a stuck and severe medical emergency at the school, frantically that’s blocking traffic!",low
"There’s a broken and horrible robbery at the construction site, suddenly and people are panicking!",high
"An old man found a unexpected assault in the tunnel, quickly near my house!",immediate
"A firefighter found a rapid drowning at the park, dangerously in the middle of the night!",immediate
"A driver found a severe vandalism in the street, frantically near my house!",low
"Someone see a loud explosion in the house, urgently right now!",medium
"There’s a missing and chaotic vandalism at the apartment, loudly that’s blocking traffic!",low
"A police officer hear a unexpected robbery at the construction site, dangerously near my house!",high
"A woman see a intense fire in the factory, loudly with no one helping!",high
"A police officer hear a loud vandalism on the construction site, loudly right now!",high
"There’s a bleeding and severe scream in the office building, urgently and it’s getting worse!",emergency
"A dog found a horrible fight on the bridge, violently causing a huge mess!",medium
"There’s a abandoned and uncontrolled riot at the factory, urgently with no one helping!",high
"There’s a malfunctioning and loud landslide in the hospital, dangerously causing a huge mess!",medium
"A firefighter see a rapid explosion on the alley, unexpectedly near my house!",emergency
"An old man hear a chaotic leak at the shopping mall, urgently near my house!",medium
"There’s a missing and rapid leak on the alley, suddenly and people are panicking!",low
"A kid see a dangerous fight on the subway, dangerously in the middle of the night!",medium
"There’s a hurt and horrible drowning on the school, unexpectedly that’s blocking traffic!",high
"A cyclist hear a intense fight at the apartment, suddenly near my house!",low
"There’s a vandalized and loud gas leak in the construction site, suddenly in the middle of the night!",emergency
"A dog hear a uncontrolled crash on the highway, rapidly that’s blocking traffic!",life-threatening
"A woman hear a unexpected explosion in the apartment, dangerously right now!",emergency
"A cat hear a uncontrolled explosion at the beach, rapidly in the middle of the night!",severe
"There’s a suffocating and dangerous scream at the school, quickly with no one helping!",critical
"Someone found a loud leak in the tunnel, rapidly causing a huge mess!",immediate
"There’s a hurt and chaotic vandalism in the construction site, suddenly and people are panicking!",critical
"A driver found a terrifying flood in the parking lot, frantically near my house!",medium
"A shopkeeper found a severe fight at the bridge, quickly in the middle of the night!",critical
"There’s a unstable and uncontrolled crash on the tunnel, dangerously and people are panicking!",low
"There’s a freezing and chaotic flood in the subway, violently in the middle of the night!",low
"There’s a broken and sudden fight in the alley, quickly that’s blocking traffic!",severe
"A shopkeeper see a unexpected crash on the store, quickly that’s blocking traffic!",severe
"There’s a suffocating and dangerous roadblock on the hospital, urgently right now!",medium
"A cat found a intense flood on the factory, rapidly causing a huge mess!",low
"There’s a bleeding and intense earthquake on the street, rapidly that’s blocking traffic!",emergency
"A shopkeeper found a loud flood on the alley, violently with no one helping!",critical
"A cat see a unexpected fight on the highway, suddenly in the middle of the night!",high
"A stranger hear a unexpected medical emergency on the beach, frantically and it’s getting worse!",high
"There’s a hurt and chaotic riot in the bridge, unexpectedly with no one helping!",high
"A group of people hear a massive fire in the construction site, suddenly right now!",low
"There’s a broken and sudden robbery in the beach, unexpectedly near my house!",high
"There’s a collapsing and horrible flood at the factory, dangerously causing a huge mess!",alert
"There’s a bleeding and uncontrolled earthquake on the house, loudly and it’s getting worse!",severe
"There’s a collapsing and horrible robbery in the office building, frantically and people are panicking!",immediate
"A shopkeeper see a intense riot in the alley, frantically that’s blocking traffic!",immediate
"There’s a suffocating and intense crash in the subway, violently and people are panicking!",emergency
"A dog see a loud earthquake in the alley, violently and it’s getting worse!",low
"An old man see a terrifying gas leak on the parking lot, urgently and people are panicking!",medium
"A group of people found a horrible roadblock at the alley, urgently that’s blocking traffic!",severe
"A student hear a massive vandalism in the street, frantically and it’s getting worse!",high
"There’s a missing and severe leak in the street, violently and it’s getting worse!",high
"There’s a suffocating and intense explosion in the hospital, frantically and people are panicking!",medium
"There’s a stuck and dangerous robbery on the subway, violently and people are panicking!",low
"A firefighter see a loud vandalism in the hospital, quickly right now!",emergency
"There’s a drowning and sudden shooting at the apartment, suddenly right now!",high
"There’s a drowning and unexpected explosion on the school, suddenly near my house!",medium
"There’s a malfunctioning and intense assault on the highway, unexpectedly causing a huge mess!",low
"There’s a trapped and loud crash at the store, unexpectedly and it’s getting worse!",medium
"There’s a stuck and strange flood at the school, rapidly causing a huge mess!",low
"A group of people hear a rapid earthquake in the construction site, rapidly and it’s getting worse!",immediate
"There’s a unconscious and uncontrolled flood on the street, unexpectedly in the middle of the night!",life-threatening
"A driver see a chaotic crash at the construction site, quickly near my house!",critical
"There’s a drowning and sudden riot at the beach, loudly and it’s getting worse!",low
"I hear a massive explosion at the bridge, dangerously and it’s getting worse!",low
"A woman see a intense drowning on the bridge, loudly right now!",life-threatening
"There’s a unstable and horrible power outage at the tunnel, violently with no one helping!",immediate
"There’s a drowning and chaotic fight in the alley, loudly right now!",emergency
"There’s a vandalized and severe roadblock on the beach, frantically right now!",high
"There’s a bleeding and terrifying explosion on the shopping mall, dangerously and it’s getting worse!",low
"Someone hear a terrifying robbery in the construction site, loudly that’s blocking traffic!",low
"There’s a freezing and sudden leak at the office building, violently in the middle of the night!",medium
"There’s a missing and sudden roadblock in the store, dangerously right now!",medium
"There’s a bleeding and intense fight at the construction site, violently and it’s getting worse!",alert
"There’s a missing and sudden assault at the subway, violently and it’s getting worse!",alert
"There’s a burning and massive roadblock in the construction site, suddenly in the middle of the night!",low
"A student found a rapid flood in the highway, urgently causing a huge mess!",low
"A firefighter see a intense power outage at the highway, loudly that’s blocking traffic!",life-threatening
"There’s a collapsing and uncontrolled explosion in the house, urgently right now!",critical
"My neighbor see a dangerous crash in the beach, rapidly and people are panicking!",low
"There’s a trapped and intense landslide in the house, violently and it’s getting worse!",medium
"There’s a lost and dangerous shooting at the stadium, suddenly and people are panicking!",medium
"My neighbor hear a chaotic scream in the park, quickly and it’s getting worse!",medium
"A shopkeeper hear a chaotic crash at the parking lot, loudly near my house!",medium
"A child found a strange robbery on the apartment, suddenly in the middle of the night!",severe
"A police officer found a terrifying scream at the bridge, dangerously that’s blocking traffic!",high
"A police officer see a terrifying landslide on the beach, loudly causing a huge mess!",medium
"A police officer hear a strange crash on the apartment, unexpectedly with no one helping!",immediate
"A passenger hear a chaotic earthquake at the beach, dangerously that’s blocking traffic!",critical
"There’s a hijacked and dangerous scream at the house, dangerously right now!",high
"Someone found a sudden shooting in the beach, unexpectedly near my house!",life-threatening
"There’s a broken and uncontrolled medical emergency on the beach, urgently causing a huge mess!",low
"A stranger hear a horrible robbery on the park, violently near my house!",severe
"I see a unexpected riot on the tunnel, violently in the middle of the night!",medium
"There’s a broken and strange scream on the factory, frantically in the middle of the night!",low
"There’s a missing and strange robbery on the store, frantically near my house!",low
"I found a terrifying earthquake in the tunnel, quickly that’s blocking traffic!",high
"There’s a trapped and intense crash on the apartment, frantically right now!",high
"There’s a freezing and severe scream in the store, suddenly right now!",high
"There’s a suffocating and horrible vandalism in the construction site, unexpectedly that’s blocking traffic!",medium
"A police officer hear a dangerous robbery at the hospital, unexpectedly in the middle of the night!",high
"A shopkeeper found a strange roadblock on the tunnel, rapidly right now!",high
"There’s a freezing and chaotic fire on the parking lot, frantically and people are panicking!",medium
"There’s a drowning and strange flood on the office building, loudly and it’s getting worse!",medium
"There’s a freezing and unexpected riot in the bridge, loudly and people are panicking!",medium
"There’s a unstable and massive power outage at the office building, loudly right now!",immediate
"Someone hear a unexpected crash in the parking lot, loudly with no one helping!",low
"There’s a burning and severe power outage at the store, dangerously and people are panicking!",emergency
"There’s a burning and loud medical emergency in the bridge, unexpectedly right now!",emergency
"A student found a loud drowning in the office building, dangerously that’s blocking traffic!",high
"A kid found a strange drowning in the shopping mall, rapidly with no one helping!",immediate
"A child hear a unexpected fight in the factory, rapidly and it’s getting worse!",medium
"There’s a trapped and unexpected gas leak on the office building, urgently that’s blocking traffic!",high
"There’s a collapsing and rapid robbery on the subway, frantically right now!",emergency
"A woman see a chaotic landslide on the subway, quickly and people are panicking!",medium
"There’s a missing and unexpected explosion in the store, dangerously in the middle of the night!",medium
"A passenger hear a massive shooting on the office building, suddenly that’s blocking traffic!",low
"There’s a missing and unexpected roadblock in the parking lot, frantically and people are panicking!",immediate
"There’s a missing and dangerous shooting in the highway, quickly and it’s getting worse!",low
"There’s a trapped and dangerous scream on the factory, quickly right now!",low
"There’s a freezing and terrifying crash in the parking lot, suddenly right now!",emergency
"A cat hear a chaotic flood in the highway, unexpectedly near my house!",high
"A shopkeeper hear a loud fight in the bridge, urgently causing a huge mess!",alert
"A police officer found a dangerous assault in the stadium, urgently with no one helping!",severe
"A kid hear a intense leak in the construction site, urgently and it’s getting worse!",life-threatening
"A cat see a strange landslide in the alley, unexpectedly in the middle of the night!",low
"A shopkeeper see a uncontrolled gas leak on the apartment, dangerously and people are panicking!",high
"There’s a broken and horrible shooting in the alley, frantically causing a huge mess!",severe
"A police officer see a loud earthquake in the stadium, dangerously that’s blocking traffic!",alert
"I see a strange scream on the tunnel, urgently and people are panicking!",high
"There’s a suffocating and intense crash on the tunnel, rapidly and it’s getting worse!",emergency
"There’s a drowning and unexpected drowning at the store, quickly in the middle of the night!",severe
"There’s a unconscious and severe gas leak in the subway, unexpectedly right now!",low
"A child hear a unexpected explosion on the hospital, suddenly and people are panicking!",severe
"My neighbor found a severe assault at the shopping mall, quickly in the middle of the night!",critical
"There’s a hurt and horrible explosion in the beach, quickly causing a huge mess!",medium
"There’s a abandoned and horrible vandalism on the highway, urgently and people are panicking!",medium
"Someone found a strange power outage on the bridge, loudly in the middle of the night!",emergency
"A woman hear a terrifying leak at the street, urgently with no one helping!",low
"A driver see a uncontrolled fire at the construction site, frantically and it’s getting worse!",medium
"There’s a abandoned and loud gas leak in the park, rapidly and people are panicking!",critical
"A firefighter see a severe flood at the tunnel, dangerously causing a huge mess!",emergency
"There’s a collapsing and massive leak at the bridge, unexpectedly and it’s getting worse!",alert
"There’s a unstable and massive vandalism in the alley, violently that’s blocking traffic!",critical
"There’s a broken and strange power outage on the street, unexpectedly and people are panicking!",medium
"There’s a unstable and massive medical emergency at the office building, quickly and people are panicking!",emergency
"Someone hear a strange scream on the apartment, violently and people are panicking!",emergency
"A dog found a terrifying power outage at the park, unexpectedly right now!",severe
"There’s a lost and horrible fire in the shopping mall, frantically and it’s getting worse!",low
"A stranger found a massive explosion in the construction site, urgently right now!",high
"A shopkeeper found a loud assault at the tunnel, rapidly and it’s getting worse!",low
"A stranger found a uncontrolled landslide at the school, violently right now!",medium
"There’s a broken and strange gas leak on the office building, loudly causing a huge mess!",alert
"A dog hear a intense robbery on the highway, rapidly that’s blocking traffic!",medium
"There’s a suffocating and loud crash on the alley, unexpectedly and people are panicking!",low
"There’s a hijacked and chaotic roadblock on the construction site, violently and it’s getting worse!",medium
"A student see a massive riot at the shopping mall, unexpectedly right now!",alert
"There’s a unstable and dangerous fire on the beach, dangerously near my house!",emergency
"A cyclist see a terrifying riot at the stadium, unexpectedly causing a huge mess!",medium
"There’s a bleeding and uncontrolled roadblock in the bridge, suddenly causing a huge mess!",high
"There’s a unconscious and loud gas leak at the school, urgently near my house!",medium
"A stranger see a uncontrolled explosion at the school, loudly that’s blocking traffic!",high
"There’s a lost and massive earthquake on the store, unexpectedly that’s blocking traffic!",high
"A shopkeeper see a rapid explosion at the highway, rapidly with no one helping!",emergency
"There’s a drowning and dangerous vandalism at the stadium, loudly causing a huge mess!",medium
"There’s a unconscious and massive power outage on the construction site, violently right now!",high
"There’s a abandoned and horrible medical emergency in the bridge, rapidly and it’s getting worse!",medium
"A student see a horrible earthquake on the subway, suddenly and it’s getting worse!",low
"There’s a abandoned and intense earthquake in the office building, suddenly near my house!",emergency
"There’s a hijacked and unexpected robbery at the construction site, frantically that’s blocking traffic!",medium
"There’s a unstable and rapid scream in the stadium, suddenly in the middle of the night!",medium
"There’s a hijacked and sudden flood in the construction site, dangerously and people are panicking!",medium
"There’s a trapped and uncontrolled explosion at the store, frantically near my house!",medium
"There’s a unconscious and sudden riot in the apartment, violently near my house!",medium
"A dog hear a terrifying assault on the house, loudly causing a huge mess!",high
"There’s a freezing and strange landslide at the store, loudly in the middle of the night!",high
"There’s a hijacked and unexpected leak at the street, rapidly that’s blocking traffic!",medium
"A shopkeeper hear a intense roadblock in the factory, frantically that’s blocking traffic!",medium
"A driver hear a terrifying shooting at the apartment, quickly with no one helping!",high
"There’s a lost and terrifying power outage on the beach, urgently that’s blocking traffic!",low
"There’s a drowning and massive gas leak on the street, violently that’s blocking traffic!",life-threatening
"There’s a freezing and massive explosion at the office building, suddenly in the middle of the night!",low
"There’s a lost and sudden fire at the bridge, urgently right now!",low
"There’s a stuck and dangerous assault in the highway, frantically and it’s getting worse!",severe
"There’s a unconscious and strange power outage in the street, urgently that’s blocking traffic!",high
"There’s a suffocating and strange robbery in the tunnel, unexpectedly and people are panicking!",high
"There’s a abandoned and sudden medical emergency in the parking lot, urgently right now!",critical
"There’s a hurt and chaotic fire in the school, dangerously that’s blocking traffic!",medium
"There’s a drowning and intense fire at the store, dangerously and people are panicking!",medium
"There’s a freezing and dangerous drowning on the subway, urgently with no one helping!",critical
"There’s a unconscious and loud power outage on the subway, suddenly in the middle of the night!",medium
"A passenger hear a horrible vandalism in the alley, suddenly and it’s getting worse!",low
"There’s a burning and horrible assault on the street, quickly right now!",low
"There’s a unconscious and strange flood in the factory, suddenly in the middle of the night!",medium
"An old man found a severe scream on the street, unexpectedly with no one helping!",medium
"There’s a broken and uncontrolled fight in the subway, suddenly and it’s getting worse!",medium
"There’s a vandalized and strange earthquake on the hospital, rapidly in the middle of the night!",medium
"A passenger hear a massive roadblock on the office building, urgently and people are panicking!",high
"A dog see a unexpected drowning in the house, dangerously right now!",immediate
"There’s a stuck and terrifying explosion at the school, frantically in the middle of the night!",low
"There’s a stuck and severe medical emergency at the park, violently near my house!",high
"A kid found a sudden shooting on the tunnel, unexpectedly and people are panicking!",low
"A cyclist see a unexpected medical emergency on the office building, suddenly that’s blocking traffic!",medium
"There’s a suffocating and loud power outage in the construction site, urgently and it’s getting worse!",immediate
"A passenger see a loud assault on the apartment, loudly right now!",low
"My neighbor hear a unexpected explosion on the alley, unexpectedly in the middle of the night!",low
"There’s a abandoned and intense robbery on the alley, loudly that’s blocking traffic!",emergency
"There’s a drowning and massive fire on the park, urgently that’s blocking traffic!",critical
"There’s a drowning and dangerous flood in the parking lot, violently and people are panicking!",low
"There’s a freezing and intense robbery in the tunnel, loudly and people are panicking!",high
"A firefighter see a severe assault at the tunnel, rapidly in the middle of the night!",critical
"There’s a hijacked and intense fire on the tunnel, violently in the middle of the night!",medium
"There’s a unstable and uncontrolled gas leak on the subway, unexpectedly in the middle of the night!",high
"My neighbor found a uncontrolled flood on the bridge, quickly near my house!",low
"There’s a broken and massive roadblock in the park, quickly in the middle of the night!",life-threatening
"There’s a malfunctioning and massive scream in the parking lot, quickly causing a huge mess!",immediate
"A cyclist see a strange landslide on the highway, frantically that’s blocking traffic!",medium
"A police officer hear a sudden assault on the hospital, rapidly with no one helping!",low
"Someone found a strange crash on the school, urgently and it’s getting worse!",low
"A dog hear a loud drowning on the tunnel, quickly near my house!",emergency
"There’s a hijacked and unexpected robbery on the street, unexpectedly in the middle of the night!",alert
"A cyclist hear a strange scream at the parking lot, urgently and people are panicking!",medium
"A dog found a chaotic shooting at the house, quickly and people are panicking!",critical
"There’s a malfunctioning and unexpected fight on the store, suddenly near my house!",medium
"A kid found a horrible riot in the construction site, quickly causing a huge mess!",medium
"There’s a freezing and dangerous explosion at the school, urgently causing a huge mess!",medium
"There’s a hijacked and severe assault on the parking lot, loudly right now!",high
"A cyclist hear a rapid leak on the school, unexpectedly causing a huge mess!",medium
"There’s a trapped and terrifying vandalism in the hospital, unexpectedly causing a huge mess!",critical
"I see a chaotic landslide in the shopping mall, unexpectedly near my house!",low
"There’s a stuck and sudden riot on the alley, unexpectedly causing a huge mess!",medium
"There’s a burning and dangerous flood on the bridge, dangerously right now!",medium
"There’s a missing and massive landslide on the parking lot, dangerously causing a huge mess!",medium
"A stranger found a dangerous assault at the store, urgently near my house!",medium
"There’s a bleeding and chaotic fire in the tunnel, suddenly with no one helping!",low
"A dog hear a massive gas leak at the highway, quickly causing a huge mess!",severe
"A group of people found a strange earthquake on the office building, frantically causing a huge mess!",high
"Someone found a severe earthquake on the factory, rapidly and people are panicking!",medium
"A child see a strange shooting on the apartment, frantically right now!",low
"A dog hear a loud flood on the bridge, dangerously and people are panicking!",life-threatening
"A shopkeeper found a massive robbery in the bridge, frantically in the middle of the night!",alert
"A passenger found a horrible assault on the factory, loudly with no one helping!",life-threatening
"There’s a vandalized and sudden flood at the shopping mall, rapidly causing a huge mess!",medium
"A kid hear a massive gas leak at the tunnel, dangerously in the middle of the night!",medium
"A cat hear a intense assault in the subway, urgently and people are panicking!",high
"There’s a collapsing and strange roadblock on the tunnel, dangerously near my house!",critical
"A child found a intense shooting on the school, suddenly in the middle of the night!",medium
"There’s a trapped and strange earthquake on the alley, dangerously causing a huge mess!",high
"There’s a vandalized and horrible gas leak in the parking lot, urgently causing a huge mess!",emergency
"There’s a broken and sudden drowning on the bridge, unexpectedly with no one helping!",medium
"My neighbor found a uncontrolled fire in the hospital, unexpectedly near my house!",low
"A child found a severe assault on the bridge, rapidly in the middle of the night!",high
"A student found a sudden fight in the factory, quickly that’s blocking traffic!",severe
"A cyclist see a dangerous explosion in the tunnel, violently causing a huge mess!",life-threatening
"There’s a broken and strange fire at the park, suddenly and people are panicking!",life-threatening
"A shopkeeper hear a terrifying leak in the shopping mall, violently in the middle of the night!",low
"My neighbor hear a horrible explosion on the parking lot, loudly causing a huge mess!",high
"There’s a freezing and chaotic earthquake at the subway, dangerously causing a huge mess!",critical
"A firefighter see a chaotic power outage on the house, unexpectedly and people are panicking!",emergency
"An old man found a intense landslide on the store, loudly and it’s getting worse!",low
"There’s a lost and massive earthquake in the apartment, suddenly in the middle of the night!",high
"There’s a hijacked and rapid shooting in the school, unexpectedly and people are panicking!",low
"There’s a hurt and sudden assault at the parking lot, unexpectedly right now!",high
"There’s a hijacked and unexpected flood at the bridge, loudly in the middle of the night!",low
"A shopkeeper found a intense riot in the bridge, loudly causing a huge mess!",medium
"A shopkeeper see a strange vandalism at the park, violently that’s blocking traffic!",medium
"There’s a abandoned and uncontrolled flood in the bridge, dangerously and it’s getting worse!",high
"A stranger found a rapid earthquake in the factory, quickly right now!",medium
"There’s a lost and uncontrolled explosion on the store, loudly with no one helping!",low
"There’s a lost and uncontrolled gas leak on the construction site, urgently and it’s getting worse!",high
"There’s a vandalized and severe fight in the subway, loudly with no one helping!",medium
"There’s a missing and dangerous fire in the house, rapidly and people are panicking!",low
"I see a terrifying fight at the office building, violently causing a huge mess!",critical
"There’s a hijacked and rapid shooting in the park, frantically in the middle of the night!",high
"Someone found a horrible scream at the apartment, rapidly in the middle of the night!",medium
"A stranger found a terrifying fire in the office building, quickly and it’s getting worse!",low
"Someone hear a uncontrolled vandalism at the store, frantically with no one helping!",critical
"There’s a suffocating and dangerous shooting in the hospital, dangerously with no one helping!",high
"A group of people found a severe drowning in the construction site, suddenly in the middle of the night!",high
"A kid hear a chaotic scream on the park, dangerously and it’s getting worse!",immediate
"A firefighter see a massive drowning on the parking lot, urgently right now!",low
"There’s a stuck and severe earthquake in the highway, rapidly with no one helping!",high
"A student hear a horrible crash in the beach, urgently and people are panicking!",emergency
"A stranger hear a uncontrolled scream on the park, quickly and it’s getting worse!",emergency
"A passenger found a horrible leak in the factory, frantically causing a huge mess!",immediate
"A firefighter see a terrifying fire in the hospital, urgently right now!",emergency
"There’s a unstable and uncontrolled robbery on the parking lot, suddenly that’s blocking traffic!",medium
"There’s a missing and unexpected shooting on the park, suddenly in the middle of the night!",low
"There’s a trapped and massive fire on the construction site, frantically causing a huge mess!",alert
"There’s a broken and terrifying robbery in the house, frantically with no one helping!",low
"There’s a stuck and unexpected power outage on the highway, unexpectedly with no one helping!",high
"There’s a unstable and terrifying shooting at the apartment, dangerously and people are panicking!",high
"There’s a burning and severe assault in the factory, urgently in the middle of the night!",immediate
"There’s a hurt and intense earthquake on the alley, unexpectedly and it’s getting worse!",low
"A passenger see a terrifying medical emergency at the stadium, rapidly with no one helping!",life-threatening
"A woman found a strange leak on the subway, frantically that’s blocking traffic!",severe
"There’s a hurt and chaotic crash on the office building, rapidly in the middle of the night!",low
"A kid hear a rapid landslide in the alley, loudly with no one helping!",low
"There’s a malfunctioning and terrifying earthquake in the alley, frantically and it’s getting worse!",low
"There’s a freezing and massive drowning at the park, quickly and people are panicking!",immediate
"There’s a bleeding and horrible scream on the beach, frantically near my house!",medium
"I found a intense gas leak in the apartment, urgently causing a huge mess!",medium
"A police officer found a horrible fight in the stadium, violently and it’s getting worse!",medium
"There’s a missing and uncontrolled leak in the park, frantically that’s blocking traffic!",critical
"There’s a trapped and massive earthquake at the shopping mall, suddenly near my house!",high
"There’s a bleeding and sudden explosion on the hospital, quickly right now!",low
"There’s a malfunctioning and rapid landslide on the parking lot, unexpectedly in the middle of the night!",life-threatening
"I found a unexpected robbery in the apartment, quickly causing a huge mess!",low
"A police officer hear a unexpected assault at the factory, quickly causing a huge mess!",critical
"An old man found a unexpected roadblock in the house, unexpectedly near my house!",alert
"A group of people found a dangerous crash at the stadium, violently with no one helping!",life-threatening
"A student see a horrible flood in the subway, loudly right now!",low
"There’s a malfunctioning and horrible riot in the construction site, frantically with no one helping!",low
"There’s a unconscious and strange assault on the construction site, dangerously with no one helping!",high
"Someone hear a massive medical emergency at the construction site, rapidly causing a huge mess!",low
"I see a uncontrolled flood on the highway, violently causing a huge mess!",medium
"A cat found a severe power outage at the tunnel, dangerously and it’s getting worse!",low
"There’s a hurt and intense earthquake at the park, quickly with no one helping!",medium
"Someone hear a sudden crash in the store, suddenly near my house!",critical
"A stranger see a rapid fight in the office building, urgently near my house!",low
"There’s a malfunctioning and severe drowning at the street, suddenly near my house!",medium
"There’s a lost and terrifying landslide at the house, unexpectedly near my house!",medium
"There’s a lost and unexpected power outage at the tunnel, loudly that’s blocking traffic!",medium
"A firefighter hear a uncontrolled scream at the house, suddenly in the middle of the night!",immediate
"I found a loud landslide at the factory, violently in the middle of the night!",medium
"There’s a drowning and strange flood in the beach, unexpectedly causing a huge mess!",low
"An old man found a horrible landslide on the school, loudly that’s blocking traffic!",low
"A woman hear a strange assault on the subway, dangerously causing a huge mess!",immediate
"A firefighter see a sudden scream in the alley, loudly right now!",medium
"A stranger found a uncontrolled roadblock on the house, dangerously with no one helping!",medium
"There’s a vandalized and strange flood in the highway, loudly right now!",immediate
"A woman see a unexpected power outage in the shopping mall, frantically in the middle of the night!",medium
"There’s a unconscious and sudden robbery at the highway, frantically causing a huge mess!",low
"There’s a unstable and severe vandalism on the factory, unexpectedly right now!",medium
"There’s a stuck and horrible medical emergency at the subway, dangerously and it’s getting worse!",medium
"A stranger hear a intense drowning in the beach, suddenly and it’s getting worse!",medium
"There’s a trapped and dangerous flood on the construction site, violently near my house!",critical
"There’s a lost and massive riot at the hospital, quickly that’s blocking traffic!",medium
"There’s a drowning and horrible leak in the store, urgently with no one helping!",medium
"There’s a freezing and massive crash on the beach, rapidly and it’s getting worse!",high
"There’s a bleeding and dangerous gas leak at the street, unexpectedly and people are panicking!",low
"A cyclist hear a uncontrolled explosion on the parking lot, violently with no one helping!",low
"There’s a drowning and chaotic power outage in the street, violently in the middle of the night!",medium
"There’s a stuck and chaotic fire in the construction site, dangerously with no one helping!",emergency
"A cat hear a uncontrolled medical emergency in the highway, unexpectedly with no one helping!",low
"A stranger see a terrifying power outage on the street, frantically near my house!",medium
"There’s a hurt and strange assault in the street, urgently with no one helping!",immediate
"There’s a unstable and terrifying leak in the store, loudly and people are panicking!",low
"A police officer see a dangerous assault at the park, loudly and people are panicking!",immediate
"A child found a severe explosion at the apartment, rapidly and it’s getting worse!",high
"There’s a stuck and sudden shooting in the shopping mall, loudly and people are panicking!",medium
"A shopkeeper hear a loud leak in the beach, violently right now!",immediate
"There’s a lost and rapid assault at the tunnel, violently right now!",alert
"There’s a hijacked and sudden explosion in the construction site, loudly right now!",critical
"A cyclist found a massive crash on the highway, urgently and people are panicking!",immediate
"A group of people see a terrifying power outage on the office building, unexpectedly in the middle of the night!",medium
"There’s a bleeding and rapid roadblock on the stadium, rapidly with no one helping!",medium
"There’s a collapsing and sudden scream at the subway, suddenly and it’s getting worse!",low
"Someone hear a horrible assault at the bridge, loudly and it’s getting worse!",immediate
"There’s a lost and terrifying leak on the park, suddenly in the middle of the night!",medium
"Someone hear a sudden leak in the house, suddenly right now!",high
"I see a uncontrolled flood in the shopping mall, quickly that’s blocking traffic!",immediate
"There’s a broken and uncontrolled landslide at the factory, loudly right now!",low
"There’s a hijacked and uncontrolled gas leak at the highway, quickly near my house!",immediate
"A passenger see a dangerous robbery on the construction site, violently and it’s getting worse!",emergency
"There’s a vandalized and sudden landslide in the house, dangerously causing a huge mess!",low
"A passenger found a horrible gas leak at the house, unexpectedly that’s blocking traffic!",immediate
"There’s a suffocating and dangerous assault at the parking lot, urgently with no one helping!",medium
"There’s a unconscious and strange drowning on the shopping mall, dangerously and people are panicking!",medium
"There’s a stuck and horrible fight on the park, violently with no one helping!",immediate
"There’s a stuck and dangerous leak at the office building, violently and it’s getting worse!",high
"I see a strange assault at the alley, dangerously and people are panicking!",high
"There’s a collapsing and rapid robbery in the shopping mall, unexpectedly that’s blocking traffic!",immediate
"A dog hear a rapid robbery in the street, quickly and people are panicking!",low
"There’s a missing and chaotic crash at the beach, suddenly near my house!",high
"A stranger hear a dangerous explosion at the shopping mall, frantically and people are panicking!",alert
"There’s a malfunctioning and terrifying earthquake in the hospital, urgently in the middle of the night!",medium
"There’s a unconscious and uncontrolled crash at the parking lot, urgently near my house!",high
"There’s a stuck and terrifying leak in the house, quickly in the middle of the night!",high
"There’s a suffocating and terrifying leak in the construction site, loudly that’s blocking traffic!",medium
"There’s a lost and uncontrolled gas leak at the bridge, dangerously and it’s getting worse!",medium
"A kid found a dangerous fire in the alley, rapidly causing a huge mess!",low
"A child see a severe earthquake in the house, loudly right now!",alert
"A woman hear a intense earthquake at the stadium, loudly in the middle of the night!",medium
"There’s a bleeding and horrible earthquake on the beach, unexpectedly right now!",high
"A woman see a intense robbery in the bridge, quickly that’s blocking traffic!",medium
"There’s a vandalized and uncontrolled crash in the office building, urgently that’s blocking traffic!",medium
"There’s a trapped and massive explosion at the tunnel, quickly with no one helping!",medium
"A dog hear a strange vandalism on the factory, rapidly and it’s getting worse!",medium
"There’s a broken and intense shooting in the tunnel, violently and it’s getting worse!",medium
"A firefighter found a loud vandalism on the park, violently and it’s getting worse!",low
"There’s a freezing and strange scream on the bridge, suddenly near my house!",low
"There’s a burning and terrifying shooting in the house, loudly and people are panicking!",high
"A cyclist see a massive roadblock on the street, violently causing a huge mess!",low
"There’s a vandalized and loud robbery at the house, dangerously in the middle of the night!",low
"There’s a freezing and unexpected power outage at the house, frantically and people are panicking!",severe
"There’s a malfunctioning and severe scream at the apartment, dangerously right now!",medium
"A cat see a chaotic assault in the store, unexpectedly that’s blocking traffic!",medium
"A kid hear a sudden scream at the stadium, suddenly causing a huge mess!",high
"An old man see a dangerous leak at the factory, frantically causing a huge mess!",low
"There’s a trapped and terrifying crash on the beach, loudly right now!",medium
"A dog hear a intense robbery at the parking lot, suddenly and it’s getting worse!",severe
"A driver found a unexpected assault on the parking lot, urgently right now!",severe
"There’s a unconscious and horrible medical emergency at the subway, unexpectedly that’s blocking traffic!",high
"There’s a lost and severe robbery at the store, rapidly causing a huge mess!",medium
"There’s a burning and loud shooting at the factory, frantically and people are panicking!",medium
"There’s a freezing and severe scream at the parking lot, suddenly and it’s getting worse!",high
"A firefighter hear a chaotic explosion on the subway, loudly and it’s getting worse!",medium
"There’s a lost and unexpected drowning in the tunnel, urgently with no one helping!",low
"My neighbor see a horrible roadblock at the shopping mall, suddenly that’s blocking traffic!",alert
"A shopkeeper hear a uncontrolled explosion in the stadium, unexpectedly and people are panicking!",high
"There’s a vandalized and rapid drowning in the street, unexpectedly causing a huge mess!",medium
"A group of people hear a intense power outage in the park, rapidly with no one helping!",low
"There’s a trapped and severe assault at the hospital, loudly and it’s getting worse!",critical
"There’s a malfunctioning and chaotic assault on the construction site, quickly with no one helping!",high
"A driver hear a sudden crash on the subway, violently and people are panicking!",alert
"There’s a unstable and loud gas leak on the street, dangerously that’s blocking traffic!",high
"A police officer see a intense landslide on the shopping mall, frantically in the middle of the night!",medium
"There’s a missing and horrible vandalism in the street, quickly with no one helping!",life-threatening
"A woman found a terrifying medical emergency at the parking lot, unexpectedly in the middle of the night!",low
"A cyclist found a sudden leak in the bridge, dangerously near my house!",medium
"There’s a malfunctioning and intense earthquake on the stadium, dangerously causing a huge mess!",high
"There’s a lost and intense crash at the apartment, violently with no one helping!",medium
"There’s a broken and unexpected shooting at the tunnel, violently near my house!",medium
"A kid see a intense flood at the street, loudly and people are panicking!",medium
"A dog see a terrifying assault at the office building, dangerously near my house!",severe
"There’s a collapsing and terrifying roadblock on the street, suddenly and people are panicking!",high
"A stranger see a sudden shooting at the tunnel, dangerously right now!",high
"A kid found a intense medical emergency at the parking lot, dangerously that’s blocking traffic!",immediate
"I found a strange fire on the highway, frantically with no one helping!",low
"Someone found a sudden riot on the beach, loudly and people are panicking!",critical
"There’s a collapsing and loud robbery on the bridge, rapidly and people are panicking!",medium
"A shopkeeper hear a rapid gas leak at the subway, quickly causing a huge mess!",medium
"There’s a collapsing and chaotic crash at the alley, quickly near my house!",severe
"A kid hear a chaotic medical emergency at the office building, frantically causing a huge mess!",medium
"There’s a unstable and strange landslide in the parking lot, frantically that’s blocking traffic!",medium
"I found a strange flood on the alley, suddenly right now!",high
"I see a dangerous drowning in the construction site, suddenly in the middle of the night!",low
"A dog hear a strange earthquake on the store, loudly with no one helping!",medium
"My neighbor see a terrifying leak in the stadium, frantically that’s blocking traffic!",low
"A group of people hear a dangerous gas leak at the house, loudly in the middle of the night!",high
"A passenger hear a uncontrolled roadblock in the parking lot, quickly in the middle of the night!",life-threatening
"There’s a abandoned and strange fight at the store, quickly that’s blocking traffic!",medium
"A kid found a rapid flood in the highway, dangerously with no one helping!",medium
"My neighbor hear a sudden riot in the street, rapidly causing a huge mess!",low
"A dog found a uncontrolled leak in the stadium, rapidly near my house!",low
"An old man hear a uncontrolled assault in the street, frantically in the middle of the night!",immediate
"An old man hear a chaotic robbery on the park, quickly near my house!",low
"A woman see a terrifying medical emergency in the subway, quickly with no one helping!",life-threatening
"There’s a missing and sudden drowning in the office building, urgently and it’s getting worse!",life-threatening
"There’s a abandoned and chaotic earthquake in the subway, urgently in the middle of the night!",low
"There’s a stuck and dangerous roadblock on the hospital, loudly causing a huge mess!",low
"There’s a vandalized and horrible assault in the parking lot, suddenly in the middle of the night!",medium
"There’s a hurt and horrible fire at the shopping mall, violently that’s blocking traffic!",high
"There’s a broken and loud leak at the house, frantically and people are panicking!",medium
"A passenger found a dangerous assault in the parking lot, urgently that’s blocking traffic!",medium
"A police officer found a intense scream on the apartment, suddenly causing a huge mess!",low
"A child hear a uncontrolled robbery in the school, rapidly in the middle of the night!",low
"There’s a malfunctioning and intense vandalism at the tunnel, suddenly and it’s getting worse!",low
"There’s a freezing and terrifying fight at the park, loudly and people are panicking!",life-threatening
"Someone hear a dangerous flood in the construction site, urgently and it’s getting worse!",medium
"An old man see a dangerous scream on the parking lot, quickly and people are panicking!",high
"A student hear a strange drowning in the parking lot, quickly near my house!",life-threatening
"A group of people found a terrifying leak on the parking lot, suddenly right now!",low
"There’s a freezing and uncontrolled earthquake on the highway, rapidly in the middle of the night!",medium
"A group of people see a sudden scream in the beach, urgently right now!",immediate
"A kid hear a horrible explosion at the school, rapidly with no one helping!",medium
"There’s a bleeding and horrible shooting in the highway, loudly and it’s getting worse!",high
"There’s a missing and terrifying power outage at the hospital, suddenly with no one helping!",high
"A child hear a terrifying medical emergency on the factory, dangerously near my house!",emergency
"An old man see a intense assault at the house, suddenly that’s blocking traffic!",low
"There’s a broken and chaotic drowning in the beach, frantically causing a huge mess!",immediate
"A passenger found a intense shooting at the office building, quickly causing a huge mess!",medium
"There’s a missing and chaotic assault in the school, urgently causing a huge mess!",high
"A stranger see a rapid scream on the shopping mall, urgently near my house!",medium
"There’s a lost and severe drowning in the factory, rapidly and it’s getting worse!",low
"There’s a hijacked and severe fire at the subway, frantically in the middle of the night!",medium
"A group of people see a massive roadblock in the park, quickly near my house!",low
"A group of people see a loud robbery at the construction site, violently right now!",alert
"There’s a trapped and chaotic medical emergency in the hospital, violently that’s blocking traffic!",medium
"There’s a lost and loud robbery on the house, suddenly right now!",medium
"There’s a burning and chaotic earthquake at the parking lot, unexpectedly and people are panicking!",medium
"My neighbor see a rapid gas leak in the store, unexpectedly in the middle of the night!",life-threatening
"A kid see a chaotic crash at the stadium, quickly that’s blocking traffic!",immediate
"There’s a hurt and uncontrolled fight at the store, urgently and people are panicking!",medium
"There’s a vandalized and intense explosion at the alley, urgently near my house!",life-threatening
"There’s a hijacked and sudden power outage at the factory, loudly and it’s getting worse!",immediate
"I hear a uncontrolled scream on the stadium, urgently right now!",emergency
"A kid hear a horrible assault on the hospital, loudly with no one helping!",emergency
"There’s a stuck and terrifying flood at the tunnel, loudly right now!",low
"A student hear a terrifying drowning at the park, violently right now!",emergency
"There’s a trapped and rapid gas leak on the alley, dangerously and it’s getting worse!",low
"A group of people found a intense medical emergency on the parking lot, dangerously causing a huge mess!",immediate
"A stranger hear a intense medical emergency at the shopping mall, frantically with no one helping!",medium
"There’s a bleeding and chaotic roadblock at the park, quickly near my house!",medium
"There’s a suffocating and uncontrolled robbery on the store, suddenly and it’s getting worse!",emergency
"There’s a hurt and terrifying roadblock on the construction site, dangerously right now!",alert
"A kid found a loud fire on the street, quickly in the middle of the night!",high
"A stranger found a strange robbery at the bridge, unexpectedly and it’s getting worse!",medium
"There’s a malfunctioning and loud medical emergency at the tunnel, frantically causing a huge mess!",high
"There’s a lost and horrible roadblock on the beach, unexpectedly with no one helping!",medium
"A firefighter hear a chaotic shooting at the street, unexpectedly in the middle of the night!",low
"A cyclist see a unexpected drowning at the factory, quickly near my house!",medium
"There’s a suffocating and severe fight in the alley, violently right now!",high
"A shopkeeper see a horrible roadblock in the store, frantically that’s blocking traffic!",life-threatening
"There’s a collapsing and uncontrolled flood on the stadium, frantically in the middle of the night!",high
"There’s a vandalized and chaotic explosion at the alley, rapidly causing a huge mess!",immediate
"There’s a freezing and dangerous landslide at the parking lot, urgently and it’s getting worse!",medium
"There’s a burning and intense fight on the park, quickly with no one helping!",emergency
"A driver found a massive roadblock at the construction site, violently near my house!",low
"An old man see a chaotic riot in the office building, rapidly near my house!",high
"A driver see a severe leak in the tunnel, loudly in the middle of the night!",low
"I hear a strange fire on the subway, loudly that’s blocking traffic!",emergency
"A cat see a severe vandalism at the tunnel, rapidly right now!",critical
"There’s a collapsing and rapid explosion in the tunnel, violently right now!",low
"There’s a hurt and massive gas leak in the hospital, rapidly and it’s getting worse!",alert
"There’s a malfunctioning and rapid flood at the shopping mall, quickly with no one helping!",low
"There’s a unstable and strange assault in the subway, unexpectedly near my house!",immediate
"There’s a bleeding and massive vandalism at the construction site, violently that’s blocking traffic!",low
"A kid see a massive fire in the store, frantically with no one helping!",high
"There’s a vandalized and severe landslide in the stadium, dangerously near my house!",medium
"A stranger found a severe gas leak at the alley, unexpectedly right now!",low
"A driver hear a massive leak in the stadium, quickly near my house!",medium
"There’s a missing and rapid scream on the bridge, loudly and it’s getting worse!",low
"A woman hear a massive assault at the subway, quickly in the middle of the night!",medium
"An old man found a uncontrolled crash on the tunnel, urgently and people are panicking!",critical
"There’s a hurt and chaotic gas leak on the store, violently with no one helping!",low
"There’s a unconscious and rapid power outage at the alley, loudly with no one helping!",life-threatening
"A woman found a loud power outage in the store, frantically and it’s getting worse!",immediate
"A driver see a strange shooting at the highway, dangerously that’s blocking traffic!",immediate
"A police officer see a severe scream at the hospital, unexpectedly right now!",immediate
"There’s a suffocating and rapid earthquake in the highway, unexpectedly right now!",low
"A group of people hear a horrible crash in the school, urgently in the middle of the night!",low
"There’s a suffocating and strange roadblock in the apartment, unexpectedly right now!",high
"There’s a hurt and sudden fight at the construction site, suddenly right now!",high
"A woman see a horrible drowning on the store, frantically that’s blocking traffic!",emergency
"A driver hear a massive vandalism in the subway, urgently causing a huge mess!",emergency
"There’s a unstable and chaotic roadblock in the highway, rapidly and it’s getting worse!",emergency
"A stranger hear a massive explosion on the stadium, frantically with no one helping!",high
"There’s a malfunctioning and horrible scream at the beach, dangerously and people are panicking!",medium
"There’s a freezing and massive crash at the store, unexpectedly near my house!",critical
"A cyclist found a terrifying fight in the shopping mall, frantically in the middle of the night!",immediate
"There’s a lost and unexpected assault at the alley, rapidly near my house!",medium
"A stranger found a terrifying landslide at the parking lot, quickly near my house!",high
"There’s a abandoned and horrible flood at the tunnel, dangerously and it’s getting worse!",medium
"I found a intense leak on the shopping mall, suddenly and it’s getting worse!",medium
"There’s a lost and sudden explosion in the tunnel, unexpectedly in the middle of the night!",low
"There’s a trapped and loud gas leak on the beach, quickly near my house!",alert
"There’s a suffocating and massive riot in the parking lot, loudly right now!",medium
"There’s a collapsing and loud flood at the shopping mall, unexpectedly and people are panicking!",low
"A stranger see a sudden explosion in the factory, urgently and it’s getting worse!",high
"A dog hear a unexpected flood at the store, suddenly that’s blocking traffic!",high
"A woman found a sudden gas leak on the hospital, urgently in the middle of the night!",medium
"A cyclist found a massive fire at the highway, loudly and it’s getting worse!",medium
"There’s a unconscious and uncontrolled landslide in the beach, quickly causing a huge mess!",immediate
"A group of people hear a dangerous flood at the parking lot, violently and people are panicking!",high
"A driver found a horrible scream on the factory, dangerously and it’s getting worse!",medium
"There’s a freezing and dangerous assault in the construction site, urgently with no one helping!",medium
"A kid hear a severe explosion in the apartment, urgently causing a huge mess!",high
"There’s a suffocating and loud power outage in the bridge, frantically in the middle of the night!",medium
"A stranger found a uncontrolled vandalism in the office building, loudly causing a huge mess!",immediate
"There’s a hurt and sudden assault at the highway, unexpectedly and it’s getting worse!",critical
"There’s a freezing and loud roadblock in the office building, rapidly and it’s getting worse!",high
"There’s a trapped and severe power outage in the apartment, violently causing a huge mess!",medium
"There’s a suffocating and terrifying flood at the school, frantically near my house!",immediate
"There’s a malfunctioning and massive robbery in the hospital, dangerously near my house!",life-threatening
"A woman hear a unexpected robbery on the street, rapidly causing a huge mess!",low
"A stranger found a dangerous leak at the park, loudly near my house!",medium
"There’s a drowning and loud landslide in the construction site, quickly causing a huge mess!",severe
"A shopkeeper found a sudden flood at the parking lot, urgently and people are panicking!",high
"My neighbor see a terrifying scream on the stadium, frantically in the middle of the night!",medium
"There’s a malfunctioning and chaotic explosion in the factory, suddenly in the middle of the night!",medium
"A cyclist see a loud robbery at the beach, rapidly with no one helping!",emergency
"There’s a burning and severe landslide in the school, frantically in the middle of the night!",medium
"There’s a bleeding and severe flood at the highway, suddenly causing a huge mess!",medium
"A passenger hear a sudden explosion on the parking lot, loudly in the middle of the night!",high
"There’s a abandoned and loud flood in the office building, unexpectedly right now!",low
"There’s a stuck and terrifying drowning at the apartment, frantically right now!",low
"There’s a freezing and chaotic shooting on the highway, suddenly with no one helping!",low
"A passenger hear a terrifying explosion on the bridge, frantically in the middle of the night!",low
"A passenger found a strange gas leak in the factory, unexpectedly in the middle of the night!",high
"A group of people hear a horrible robbery on the construction site, suddenly that’s blocking traffic!",low
"A police officer hear a loud fire at the factory, rapidly and it’s getting worse!",life-threatening
"A group of people found a loud drowning at the bridge, urgently in the middle of the night!",emergency
"There’s a hurt and unexpected crash at the street, violently causing a huge mess!",medium
"There’s a unconscious and sudden flood on the bridge, quickly and people are panicking!",medium
"There’s a stuck and intense scream on the house, loudly with no one helping!",high
"A police officer see a intense medical emergency on the factory, violently and people are panicking!",emergency
"There’s a burning and uncontrolled fire on the alley, suddenly right now!",immediate
"There’s a burning and terrifying flood on the shopping mall, urgently near my house!",emergency
"There’s a vandalized and massive crash on the store, dangerously and it’s getting worse!",low
"A kid hear a dangerous flood in the hospital, loudly in the middle of the night!",medium
"There’s a burning and rapid earthquake in the bridge, dangerously causing a huge mess!",medium
"A dog hear a rapid vandalism on the construction site, dangerously and people are panicking!",high
"There’s a unstable and massive gas leak on the apartment, loudly right now!",emergency
"There’s a hurt and intense roadblock at the subway, frantically in the middle of the night!",medium
"My neighbor see a dangerous fire at the street, loudly in the middle of the night!",medium
"A firefighter hear a terrifying power outage at the tunnel, quickly and people are panicking!",life-threatening
"There’s a vandalized and chaotic assault on the shopping mall, dangerously with no one helping!",low
"There’s a abandoned and severe vandalism on the house, violently and people are panicking!",high
"My neighbor found a horrible assault on the apartment, dangerously that’s blocking traffic!",medium
"There’s a stuck and rapid scream in the park, dangerously with no one helping!",emergency
"A group of people see a unexpected crash in the park, suddenly that’s blocking traffic!",critical
"A child hear a strange power outage at the factory, dangerously and it’s getting worse!",low
"A shopkeeper found a sudden medical emergency at the stadium, frantically right now!",life-threatening
"There’s a missing and uncontrolled earthquake at the highway, quickly causing a huge mess!",high
"My neighbor see a massive flood at the construction site, rapidly and it’s getting worse!",low
"I found a terrifying earthquake in the park, frantically and it’s getting worse!",medium
"There’s a hijacked and intense assault at the stadium, frantically that’s blocking traffic!",high
"A firefighter found a dangerous flood at the alley, quickly right now!",medium
"There’s a stuck and dangerous explosion on the subway, urgently right now!",life-threatening
"A dog hear a chaotic roadblock at the stadium, rapidly and people are panicking!",high
"There’s a hijacked and massive earthquake in the shopping mall, dangerously right now!",critical
"A dog see a massive robbery at the office building, urgently that’s blocking traffic!",low
"There’s a trapped and sudden vandalism on the store, violently right now!",high
"There’s a hijacked and intense power outage on the street, suddenly right now!",low
"An old man found a massive gas leak at the beach, loudly that’s blocking traffic!",alert
"There’s a bleeding and dangerous robbery in the construction site, frantically right now!",low
"I hear a severe medical emergency in the parking lot, violently in the middle of the night!",high
"There’s a stuck and loud gas leak in the office building, urgently that’s blocking traffic!",critical
"There’s a suffocating and massive fight at the park, urgently causing a huge mess!",low
"A woman found a terrifying earthquake at the parking lot, suddenly in the middle of the night!",low
"There’s a malfunctioning and rapid riot in the office building, unexpectedly causing a huge mess!",alert
"A stranger found a loud leak at the house, frantically with no one helping!",medium
"There’s a abandoned and terrifying fight in the store, quickly and it’s getting worse!",medium
"There’s a malfunctioning and uncontrolled riot in the park, urgently and it’s getting worse!",critical
"There’s a freezing and massive crash at the construction site, quickly near my house!",immediate
"There’s a suffocating and loud leak in the school, rapidly causing a huge mess!",medium
"There’s a lost and terrifying vandalism in the office building, violently that’s blocking traffic!",low
"A kid see a loud fight at the bridge, quickly in the middle of the night!",critical
"There’s a bleeding and loud robbery in the hospital, quickly that’s blocking traffic!",critical
"There’s a lost and terrifying robbery at the factory, frantically right now!",high
"There’s a stuck and sudden assault on the factory, loudly and it’s getting worse!",high
"I found a terrifying riot at the stadium, suddenly near my house!",low
"My neighbor hear a massive fire on the house, urgently right now!",emergency
"There’s a suffocating and loud crash in the street, quickly that’s blocking traffic!",low
"A woman hear a horrible crash on the school, suddenly causing a huge mess!",medium
"A cat found a uncontrolled roadblock in the apartment, dangerously in the middle of the night!",low
"A shopkeeper found a unexpected fight at the apartment, urgently near my house!",high
"There’s a collapsing and dangerous robbery at the parking lot, quickly causing a huge mess!",emergency
"A woman hear a uncontrolled leak in the park, dangerously in the middle of the night!",high
"There’s a suffocating and severe shooting on the tunnel, unexpectedly right now!",low
"A student hear a severe drowning in the apartment, quickly in the middle of the night!",low
"There’s a missing and loud leak at the park, frantically right now!",immediate
"A child hear a chaotic explosion at the shopping mall, unexpectedly in the middle of the night!",alert
"There’s a trapped and loud leak at the bridge, loudly that’s blocking traffic!",life-threatening
"There’s a drowning and unexpected flood on the office building, quickly with no one helping!",low
"A student found a loud landslide at the park, dangerously right now!",medium
"A driver hear a intense crash in the park, urgently with no one helping!",emergency
"There’s a stuck and massive landslide on the bridge, unexpectedly causing a huge mess!",low
"An old man found a severe landslide at the parking lot, urgently and people are panicking!",medium
"There’s a bleeding and horrible crash at the parking lot, quickly and it’s getting worse!",alert
"A child found a severe leak at the subway, violently with no one helping!",low
"There’s a bleeding and unexpected assault in the shopping mall, loudly right now!",high
"There’s a burning and loud assault at the subway, unexpectedly causing a huge mess!",alert
"A shopkeeper hear a loud riot on the beach, loudly and people are panicking!",immediate
"There’s a vandalized and chaotic earthquake on the highway, frantically in the middle of the night!",critical
"There’s a broken and strange vandalism in the apartment, dangerously near my house!",emergency
"A student found a severe scream in the construction site, urgently causing a huge mess!",emergency
"A child hear a horrible roadblock on the park, dangerously with no one helping!",high
"There’s a suffocating and loud landslide on the house, suddenly with no one helping!",medium
"There’s a abandoned and horrible flood in the hospital, quickly in the middle of the night!",low
"There’s a suffocating and unexpected riot on the office building, dangerously causing a huge mess!",emergency
"Someone hear a loud explosion in the store, rapidly with no one helping!",low
"There’s a burning and massive flood on the alley, unexpectedly near my house!",emergency
"There’s a vandalized and intense crash at the tunnel, unexpectedly in the middle of the night!",immediate
"There’s a missing and unexpected power outage at the stadium, violently near my house!",high
"A dog hear a horrible flood on the apartment, urgently causing a huge mess!",severe
"There’s a missing and unexpected vandalism in the hospital, violently and people are panicking!",medium
"There’s a suffocating and massive leak at the beach, unexpectedly in the middle of the night!",high
"A kid hear a horrible assault in the park, suddenly and people are panicking!",high
"A woman see a severe shooting at the street, suddenly with no one helping!",medium
"A police officer see a strange fire at the parking lot, suddenly causing a huge mess!",high
"There’s a vandalized and horrible shooting in the bridge, dangerously near my house!",medium
"A firefighter hear a rapid leak on the shopping mall, dangerously near my house!",emergency
"A police officer found a dangerous drowning at the highway, frantically in the middle of the night!",medium
"There’s a drowning and intense fire in the store, quickly with no one helping!",medium
"A child found a unexpected robbery at the apartment, dangerously causing a huge mess!",medium
"There’s a collapsing and chaotic vandalism on the subway, quickly and people are panicking!",high
"A firefighter hear a unexpected drowning at the tunnel, loudly right now!",medium
"There’s a unconscious and strange drowning on the alley, urgently and it’s getting worse!",medium
"There’s a trapped and massive vandalism at the subway, frantically and it’s getting worse!",high
"A firefighter see a massive flood at the factory, frantically and it’s getting worse!",critical
"There’s a vandalized and chaotic explosion at the apartment, frantically and people are panicking!",emergency
"An old man hear a loud leak in the apartment, frantically and it’s getting worse!",life-threatening
"A shopkeeper hear a loud robbery in the parking lot, frantically right now!",medium
"A dog found a severe riot on the stadium, suddenly right now!",high
"A firefighter hear a intense crash in the school, unexpectedly with no one helping!",medium
"A woman found a uncontrolled fight at the hospital, loudly with no one helping!",low
"There’s a lost and terrifying flood in the office building, rapidly and it’s getting worse!",low
"Someone see a terrifying scream on the school, suddenly near my house!",low
"A driver see a chaotic landslide at the apartment, loudly in the middle of the night!",alert
"A passenger found a uncontrolled scream at the tunnel, loudly in the middle of the night!",severe
"An old man see a severe fire on the tunnel, quickly and it’s getting worse!",critical
"A cyclist found a terrifying assault in the tunnel, unexpectedly causing a huge mess!",low
"There’s a hijacked and horrible gas leak on the shopping mall, unexpectedly right now!",low
"A woman see a sudden scream in the park, violently near my house!",low
"There’s a collapsing and terrifying robbery on the store, unexpectedly and people are panicking!",critical
"There’s a collapsing and dangerous roadblock in the alley, frantically causing a huge mess!",high
"A woman hear a intense assault on the construction site, quickly near my house!",high
"A student hear a loud landslide in the highway, unexpectedly in the middle of the night!",low
"A stranger hear a severe fight at the factory, violently that’s blocking traffic!",low
"There’s a unstable and massive fight at the street, rapidly right now!",medium
"A passenger hear a dangerous fire on the street, dangerously in the middle of the night!",critical
"There’s a hijacked and horrible landslide in the shopping mall, suddenly causing a huge mess!",high
"There’s a collapsing and uncontrolled medical emergency on the factory, suddenly in the middle of the night!",medium
"There’s a broken and strange power outage on the alley, frantically causing a huge mess!",low
"There’s a hurt and severe fight in the office building, urgently near my house!",low
"There’s a freezing and strange crash at the parking lot, loudly that’s blocking traffic!",low
"There’s a unconscious and severe shooting in the tunnel, urgently near my house!",medium
"There’s a hijacked and sudden medical emergency at the house, suddenly and people are panicking!",immediate
"A stranger found a terrifying riot on the bridge, loudly in the middle of the night!",critical
"A group of people hear a strange gas leak at the tunnel, quickly near my house!",low
"There’s a suffocating and terrifying drowning in the factory, urgently in the middle of the night!",high
"A passenger see a uncontrolled leak on the park, quickly causing a huge mess!",medium
"There’s a drowning and severe robbery in the street, unexpectedly right now!",medium
"A kid see a sudden landslide on the beach, frantically causing a huge mess!",medium
"There’s a malfunctioning and rapid fight at the parking lot, loudly that’s blocking traffic!",medium
"A passenger see a uncontrolled power outage at the factory, rapidly that’s blocking traffic!",high
"A driver hear a rapid fight at the hospital, rapidly and it’s getting worse!",medium
"A stranger see a chaotic power outage on the bridge, unexpectedly near my house!",emergency
"A dog see a horrible shooting at the park, suddenly in the middle of the night!",medium
"There’s a drowning and dangerous fire in the hospital, quickly with no one helping!",medium
"A firefighter hear a chaotic robbery in the highway, frantically and people are panicking!",medium
"A stranger hear a horrible shooting on the bridge, urgently in the middle of the night!",high
"There’s a drowning and horrible fight in the stadium, dangerously causing a huge mess!",medium
"There’s a stuck and uncontrolled fight at the street, suddenly and people are panicking!",medium
"There’s a freezing and unexpected drowning in the shopping mall, urgently causing a huge mess!",medium
"A driver found a unexpected gas leak in the beach, urgently near my house!",low
"A woman see a strange explosion at the tunnel, quickly and it’s getting worse!",emergency
"There’s a hurt and rapid earthquake at the construction site, violently in the middle of the night!",high
"There’s a burning and rapid fight in the tunnel, quickly near my house!",severe
"There’s a freezing and uncontrolled assault on the alley, dangerously causing a huge mess!",medium
"There’s a abandoned and uncontrolled fight in the construction site, loudly and people are panicking!",low
"A kid hear a loud scream in the house, unexpectedly near my house!",low
"There’s a abandoned and sudden gas leak on the parking lot, urgently in the middle of the night!",medium
"A child hear a loud earthquake at the park, urgently and it’s getting worse!",high
"My neighbor found a sudden explosion at the school, violently near my house!",medium
"A cyclist found a dangerous shooting in the house, violently near my house!",medium
"A stranger hear a strange fight at the shopping mall, loudly that’s blocking traffic!",high
"There’s a bleeding and loud fire at the factory, quickly and it’s getting worse!",emergency
"There’s a trapped and massive riot at the store, unexpectedly right now!",low
"There’s a stuck and dangerous riot at the subway, urgently causing a huge mess!",high
"A group of people found a rapid landslide in the school, rapidly that’s blocking traffic!",high
"There’s a collapsing and uncontrolled earthquake on the shopping mall, quickly near my house!",medium
"A woman hear a intense gas leak on the street, frantically near my house!",emergency
"There’s a suffocating and horrible landslide at the apartment, violently and people are panicking!",high
"There’s a abandoned and chaotic leak on the stadium, frantically causing a huge mess!",medium
"There’s a unstable and massive fight on the office building, loudly causing a huge mess!",medium
"There’s a vandalized and terrifying scream in the store, loudly near my house!",emergency
"A cyclist found a massive gas leak at the shopping mall, violently near my house!",medium
"A student found a intense leak at the highway, violently right now!",high
"There’s a malfunctioning and dangerous vandalism at the tunnel, urgently with no one helping!",low
"There’s a freezing and sudden leak on the stadium, quickly and people are panicking!",medium
"A kid found a rapid leak on the factory, dangerously and it’s getting worse!",medium
"A cyclist hear a loud robbery in the school, unexpectedly with no one helping!",emergency
"A child found a uncontrolled vandalism on the house, rapidly near my house!",medium
"A passenger found a massive gas leak on the construction site, urgently and people are panicking!",high
"There’s a vandalized and loud medical emergency on the hospital, urgently that’s blocking traffic!",severe
"Someone see a sudden roadblock on the apartment, unexpectedly causing a huge mess!",immediate
"A passenger found a rapid flood on the bridge, quickly right now!",low
"A driver see a horrible flood in the subway, unexpectedly and it’s getting worse!",emergency
"There’s a unstable and strange roadblock at the factory, frantically with no one helping!",emergency
"There’s a vandalized and sudden assault on the beach, frantically right now!",immediate
"A passenger found a intense drowning at the office building, violently right now!",low
"A shopkeeper hear a terrifying power outage at the office building, frantically in the middle of the night!",immediate
"There’s a vandalized and uncontrolled gas leak at the tunnel, quickly in the middle of the night!",critical
"There’s a freezing and unexpected medical emergency at the shopping mall, frantically right now!",high
"There’s a hijacked and unexpected power outage at the house, dangerously right now!",low
"A driver found a uncontrolled roadblock at the beach, urgently causing a huge mess!",low
"There’s a broken and dangerous fight in the apartment, dangerously in the middle of the night!",low
"There’s a vandalized and dangerous fire on the hospital, dangerously with no one helping!",low
"There’s a lost and horrible scream in the parking lot, urgently and it’s getting worse!",alert
"A kid hear a horrible riot in the office building, rapidly and people are panicking!",low
"A police officer hear a dangerous crash at the hospital, urgently with no one helping!",severe
"There’s a bleeding and uncontrolled crash on the parking lot, frantically with no one helping!",alert
"A student see a rapid crash in the beach, dangerously causing a huge mess!",low
"A woman found a intense riot in the shopping mall, unexpectedly and people are panicking!",high
"A kid see a chaotic power outage in the subway, violently near my house!",medium
"A firefighter found a chaotic assault in the subway, unexpectedly and it’s getting worse!",high
"A firefighter hear a uncontrolled explosion at the tunnel, loudly causing a huge mess!",high
"An old man hear a chaotic drowning at the stadium, quickly with no one helping!",high
"A shopkeeper found a chaotic assault on the tunnel, unexpectedly right now!",medium
"My neighbor found a severe robbery on the tunnel, frantically with no one helping!",immediate
"A cyclist see a uncontrolled scream in the construction site, suddenly and people are panicking!",severe
"There’s a unstable and unexpected explosion in the subway, unexpectedly and it’s getting worse!",life-threatening
"A woman found a horrible riot at the bridge, suddenly in the middle of the night!",medium
"There’s a freezing and dangerous fight on the subway, loudly in the middle of the night!",low
"I see a horrible drowning on the office building, urgently that’s blocking traffic!",medium
"A kid hear a sudden landslide in the shopping mall, rapidly and people are panicking!",low
"A child found a horrible gas leak in the construction site, dangerously with no one helping!",high
"There’s a burning and rapid power outage in the highway, loudly with no one helping!",medium
"There’s a abandoned and severe gas leak at the bridge, suddenly with no one helping!",medium
"A shopkeeper found a unexpected leak on the construction site, violently right now!",high
"A cat see a strange leak at the office building, unexpectedly that’s blocking traffic!",high
"There’s a unstable and horrible landslide at the stadium, dangerously with no one helping!",high
"There’s a burning and unexpected leak in the house, unexpectedly causing a huge mess!",emergency
"A driver found a unexpected leak on the stadium, suddenly near my house!",medium
"A cyclist see a dangerous landslide at the alley, loudly right now!",low
"A kid found a loud fight on the subway, quickly near my house!",alert
"There’s a unstable and sudden riot at the house, violently and people are panicking!",severe
"There’s a missing and strange drowning in the factory, quickly causing a huge mess!",critical
"An old man see a horrible leak at the subway, loudly right now!",immediate
"There’s a missing and horrible landslide on the bridge, rapidly causing a huge mess!",severe
"I hear a uncontrolled explosion in the alley, rapidly that’s blocking traffic!",medium
"A firefighter hear a intense scream at the alley, quickly and it’s getting worse!",immediate
"There’s a hijacked and loud fight in the alley, loudly and it’s getting worse!",emergency
"There’s a bleeding and uncontrolled flood on the construction site, urgently that’s blocking traffic!",emergency
"A group of people hear a terrifying medical emergency in the school, quickly near my house!",high
"Someone hear a loud robbery in the bridge, suddenly causing a huge mess!",medium
"A shopkeeper found a rapid power outage in the tunnel, loudly and it’s getting worse!",medium
"There’s a unstable and unexpected fight in the office building, loudly causing a huge mess!",high
"A child found a chaotic shooting on the tunnel, violently near my house!",high
"There’s a hurt and unexpected robbery in the beach, rapidly that’s blocking traffic!",medium
"There’s a suffocating and sudden explosion at the highway, urgently and people are panicking!",medium
"There’s a abandoned and terrifying robbery in the bridge, unexpectedly near my house!",life-threatening
"There’s a burning and chaotic flood in the house, dangerously and it’s getting worse!",medium
"My neighbor see a loud landslide at the alley, frantically right now!",emergency
"I found a unexpected fire on the factory, frantically in the middle of the night!",high
"There’s a broken and rapid robbery on the tunnel, rapidly near my house!",medium
"There’s a broken and loud landslide at the parking lot, suddenly with no one helping!",medium
"There’s a trapped and dangerous shooting in the subway, rapidly in the middle of the night!",immediate
"There’s a drowning and dangerous scream on the stadium, unexpectedly causing a huge mess!",medium
"A kid see a intense vandalism on the hospital, frantically near my house!",low
"There’s a hurt and massive landslide on the tunnel, urgently causing a huge mess!",low
"A passenger hear a uncontrolled medical emergency at the street, rapidly in the middle of the night!",immediate
"I hear a unexpected crash in the parking lot, frantically and it’s getting worse!",low
"There’s a collapsing and chaotic roadblock in the beach, rapidly with no one helping!",high
"There’s a trapped and intense landslide on the store, urgently and it’s getting worse!",medium
"There’s a vandalized and chaotic robbery in the shopping mall, suddenly and people are panicking!",high
"A passenger hear a massive crash on the office building, unexpectedly and people are panicking!",low
"A child see a massive explosion on the parking lot, dangerously that’s blocking traffic!",medium
"Someone hear a severe gas leak in the factory, violently in the middle of the night!",immediate
"A woman hear a uncontrolled robbery at the tunnel, dangerously and it’s getting worse!",critical
"There’s a suffocating and terrifying power outage in the stadium, dangerously near my house!",high
"A group of people see a horrible assault in the highway, unexpectedly and people are panicking!",critical
"There’s a bleeding and unexpected roadblock in the house, suddenly and people are panicking!",high
"A cat found a uncontrolled scream in the subway, suddenly causing a huge mess!",immediate
"A passenger hear a unexpected leak at the park, loudly causing a huge mess!",low
"A dog see a dangerous robbery in the hospital, unexpectedly that’s blocking traffic!",medium
"A firefighter found a strange explosion at the stadium, frantically near my house!",high
"There’s a suffocating and massive roadblock in the factory, rapidly near my house!",immediate
"An old man hear a dangerous assault in the store, unexpectedly and it’s getting worse!",medium
"There’s a malfunctioning and uncontrolled power outage on the street, unexpectedly right now!",high
"There’s a hurt and severe leak on the subway, suddenly and it’s getting worse!",life-threatening
"There’s a lost and strange assault at the construction site, unexpectedly near my house!",low
"There’s a freezing and chaotic crash at the highway, quickly in the middle of the night!",critical
"There’s a unstable and dangerous shooting in the subway, dangerously in the middle of the night!",low
"A shopkeeper see a intense medical emergency in the hospital, suddenly and people are panicking!",high
"A cat hear a intense explosion at the apartment, dangerously causing a huge mess!",medium
"My neighbor found a unexpected fight on the highway, unexpectedly near my house!",high
"A police officer hear a severe gas leak in the hospital, dangerously that’s blocking traffic!",low
"There’s a burning and rapid gas leak on the park, loudly near my house!",high
"There’s a freezing and sudden fight in the stadium, suddenly that’s blocking traffic!",medium
"A group of people see a severe leak in the factory, loudly that’s blocking traffic!",high
"A woman see a massive assault at the shopping mall, frantically right now!",medium
"A passenger see a intense assault on the shopping mall, suddenly causing a huge mess!",alert
"A passenger hear a terrifying power outage in the bridge, urgently and it’s getting worse!",medium
"Someone found a loud scream in the construction site, suddenly right now!",immediate
"There’s a lost and intense explosion on the house, unexpectedly right now!",medium
"There’s a trapped and strange landslide on the tunnel, urgently right now!",low
"An old man see a dangerous leak in the school, dangerously that’s blocking traffic!",low
"My neighbor see a severe medical emergency in the beach, suddenly right now!",low
"A group of people found a uncontrolled crash at the park, suddenly causing a huge mess!",medium
"Someone found a intense gas leak on the subway, suddenly in the middle of the night!",medium
"There’s a hijacked and massive gas leak on the house, frantically in the middle of the night!",medium
"There’s a freezing and horrible riot on the store, quickly near my house!",critical
"A child see a horrible explosion on the park, rapidly that’s blocking traffic!",medium
"A woman found a chaotic robbery at the hospital, urgently right now!",low
"There’s a broken and chaotic roadblock in the beach, quickly and people are panicking!",low
"There’s a trapped and uncontrolled flood in the park, rapidly with no one helping!",medium
"There’s a bleeding and chaotic drowning on the factory, frantically near my house!",immediate
"A dog see a dangerous crash on the school, urgently near my house!",medium
"A cyclist found a massive assault at the factory, quickly causing a huge mess!",high
"A shopkeeper hear a sudden drowning on the parking lot, unexpectedly right now!",emergency
"An old man see a chaotic scream in the highway, quickly in the middle of the night!",high
"Someone found a dangerous earthquake on the bridge, quickly right now!",low
"There’s a broken and chaotic flood on the factory, suddenly near my house!",medium
"There’s a hurt and terrifying riot on the street, suddenly and people are panicking!",medium
"There’s a freezing and terrifying power outage in the beach, frantically that’s blocking traffic!",medium
"There’s a burning and intense shooting on the factory, rapidly causing a huge mess!",low
"An old man found a sudden drowning in the bridge, suddenly that’s blocking traffic!",critical
"There’s a unstable and terrifying riot at the alley, urgently right now!",low
"A cat hear a loud fire on the stadium, unexpectedly right now!",low
"There’s a missing and loud gas leak at the street, loudly and it’s getting worse!",medium
"A child hear a massive landslide at the alley, quickly and people are panicking!",severe
"A woman see a strange vandalism at the hospital, rapidly near my house!",low
"A driver hear a intense flood on the office building, violently and people are panicking!",low
"There’s a broken and chaotic explosion at the parking lot, quickly and people are panicking!",high
"There’s a broken and loud robbery in the school, dangerously right now!",high
"There’s a unstable and loud fire at the parking lot, dangerously near my house!",medium
"A child hear a terrifying landslide in the bridge, quickly right now!",low
"A cyclist found a massive leak at the house, rapidly near my house!",low
"A child see a loud riot in the bridge, loudly causing a huge mess!",emergency
"There’s a malfunctioning and sudden fight at the store, dangerously that’s blocking traffic!",medium
"An old man found a sudden vandalism on the tunnel, urgently that’s blocking traffic!",medium
"A stranger found a chaotic power outage in the alley, rapidly with no one helping!",medium
"Someone found a dangerous roadblock in the house, unexpectedly right now!",high
"There’s a abandoned and dangerous scream at the parking lot, dangerously that’s blocking traffic!",low
"There’s a vandalized and intense power outage in the street, violently that’s blocking traffic!",life-threatening
"There’s a freezing and chaotic robbery at the tunnel, quickly in the middle of the night!",immediate
"A stranger see a chaotic earthquake on the hospital, dangerously causing a huge mess!",high
"A woman found a chaotic fire at the bridge, urgently and people are panicking!",medium
"There’s a lost and strange shooting at the alley, loudly and it’s getting worse!",low
"A passenger hear a intense riot on the parking lot, loudly near my house!",critical
"There’s a suffocating and intense crash on the construction site, violently that’s blocking traffic!",emergency
"There’s a collapsing and chaotic crash on the store, quickly and it’s getting worse!",medium
"There’s a burning and rapid explosion on the school, rapidly and it’s getting worse!",high
"There’s a abandoned and intense assault on the office building, dangerously near my house!",high
"A cat hear a severe vandalism in the beach, suddenly in the middle of the night!",high
"A police officer hear a loud robbery in the construction site, violently in the middle of the night!",high
"There’s a burning and horrible earthquake on the store, unexpectedly causing a huge mess!",immediate
"A woman hear a unexpected earthquake on the house, rapidly that’s blocking traffic!",low
"A group of people found a horrible shooting at the shopping mall, frantically that’s blocking traffic!",high
"Someone see a severe earthquake in the house, frantically right now!",low
"There’s a trapped and chaotic flood in the hospital, dangerously right now!",high
"There’s a hurt and horrible leak on the factory, urgently and people are panicking!",low
"A student hear a severe power outage at the highway, dangerously with no one helping!",high
"There’s a hurt and unexpected earthquake on the beach, rapidly and people are panicking!",low
"A police officer hear a unexpected riot at the highway, violently causing a huge mess!",low
"There’s a burning and strange crash on the alley, suddenly that’s blocking traffic!",emergency
"There’s a stuck and terrifying drowning at the hospital, rapidly near my house!",low
"There’s a trapped and intense earthquake on the street, dangerously that’s blocking traffic!",medium
"A passenger see a uncontrolled leak at the school, urgently that’s blocking traffic!",high
"A driver see a rapid fight in the parking lot, unexpectedly and it’s getting worse!",low
"There’s a unstable and terrifying medical emergency at the shopping mall, rapidly and people are panicking!",critical
"A shopkeeper see a loud robbery in the bridge, loudly that’s blocking traffic!",medium
"There’s a stuck and terrifying scream in the subway, violently and it’s getting worse!",medium
"There’s a suffocating and sudden flood at the subway, unexpectedly and it’s getting worse!",high
"A shopkeeper see a severe landslide on the construction site, dangerously with no one helping!",low
"There’s a stuck and terrifying earthquake at the house, dangerously right now!",emergency
"A stranger see a massive medical emergency on the house, suddenly that’s blocking traffic!",high
"There’s a vandalized and horrible scream at the hospital, unexpectedly right now!",medium
"A driver see a sudden riot in the subway, loudly with no one helping!",low
"There’s a unstable and loud power outage in the alley, quickly near my house!",low
"A passenger found a unexpected fight in the store, frantically with no one helping!",high
"A stranger see a chaotic riot on the highway, urgently right now!",severe
"A woman see a terrifying explosion on the house, loudly and people are panicking!",immediate
"A stranger see a sudden crash at the highway, rapidly and people are panicking!",severe
"There’s a hijacked and strange assault at the bridge, loudly right now!",low
"There’s a vandalized and dangerous earthquake on the subway, rapidly and it’s getting worse!",medium
"A driver hear a sudden medical emergency on the street, suddenly causing a huge mess!",low
"A driver hear a chaotic flood at the beach, frantically near my house!",medium
"There’s a freezing and intense scream at the highway, urgently and it’s getting worse!",medium
"There’s a unstable and loud flood on the apartment, unexpectedly in the middle of the night!",low
"There’s a collapsing and sudden roadblock at the shopping mall, suddenly with no one helping!",medium
"There’s a unconscious and massive power outage at the stadium, dangerously and people are panicking!",medium
"There’s a drowning and severe robbery in the factory, urgently in the middle of the night!",low
"There’s a hijacked and horrible explosion at the alley, frantically near my house!",low
"There’s a stuck and loud fire in the factory, violently in the middle of the night!",emergency
"There’s a abandoned and intense power outage on the office building, unexpectedly that’s blocking traffic!",medium
"There’s a lost and uncontrolled assault in the street, urgently and people are panicking!",medium
"My neighbor found a unexpected medical emergency on the office building, urgently that’s blocking traffic!",low
"There’s a lost and uncontrolled drowning at the apartment, quickly right now!",life-threatening
"A woman found a massive power outage in the street, dangerously and people are panicking!",medium
"My neighbor see a strange shooting at the store, quickly near my house!",life-threatening
"There’s a unstable and uncontrolled power outage at the highway, violently causing a huge mess!",low
"A stranger found a severe fire at the hospital, frantically with no one helping!",medium
"A driver hear a horrible roadblock in the tunnel, frantically that’s blocking traffic!",medium
"There’s a bleeding and terrifying shooting in the subway, unexpectedly with no one helping!",severe
"There’s a hurt and rapid scream on the stadium, loudly and people are panicking!",immediate
"There’s a missing and horrible drowning in the shopping mall, quickly near my house!",high
"My neighbor see a massive leak in the beach, frantically causing a huge mess!",medium
"I found a strange scream in the apartment, suddenly in the middle of the night!",medium
"A firefighter see a dangerous drowning on the factory, violently right now!",low
"A cyclist found a loud flood at the park, violently in the middle of the night!",life-threatening
"A woman found a rapid gas leak on the stadium, urgently and it’s getting worse!",alert
"A student hear a rapid robbery in the hospital, unexpectedly with no one helping!",life-threatening
"A child see a strange vandalism at the construction site, violently near my house!",low
"There’s a burning and rapid crash in the apartment, quickly right now!",emergency
"There’s a freezing and loud scream in the park, frantically right now!",severe
"An old man see a sudden flood at the store, unexpectedly that’s blocking traffic!",immediate
"There’s a unstable and uncontrolled landslide at the shopping mall, rapidly in the middle of the night!",low
"There’s a missing and unexpected earthquake on the office building, rapidly causing a huge mess!",low
"My neighbor see a intense fight at the highway, rapidly and people are panicking!",high
"I see a terrifying roadblock in the apartment, violently near my house!",low
"A cyclist see a chaotic assault on the park, urgently causing a huge mess!",emergency
"A cat see a massive landslide in the parking lot, rapidly and people are panicking!",high
"There’s a broken and rapid landslide at the construction site, frantically near my house!",medium
"A cat see a severe fight at the shopping mall, urgently that’s blocking traffic!",critical
"There’s a collapsing and uncontrolled power outage at the store, quickly and people are panicking!",medium
"A woman see a terrifying scream on the beach, unexpectedly near my house!",low
"A passenger hear a chaotic vandalism on the alley, suddenly causing a huge mess!",low
"There’s a trapped and intense scream at the house, urgently near my house!",critical
"A student hear a chaotic fight at the store, frantically in the middle of the night!",severe
"A group of people see a massive crash in the construction site, frantically near my house!",emergency
"There’s a freezing and terrifying landslide on the bridge, unexpectedly that’s blocking traffic!",low
"A passenger see a unexpected roadblock at the parking lot, quickly causing a huge mess!",immediate
"There’s a unconscious and loud shooting on the shopping mall, suddenly near my house!",medium
"A passenger found a dangerous vandalism on the factory, loudly that’s blocking traffic!",medium
"A firefighter hear a strange power outage at the subway, violently right now!",medium
"I see a loud shooting in the office building, unexpectedly in the middle of the night!",alert
"Someone see a severe flood on the store, rapidly causing a huge mess!",medium
"There’s a stuck and terrifying vandalism on the store, suddenly right now!",medium
"A dog found a unexpected power outage on the street, violently and people are panicking!",immediate
"A kid see a terrifying gas leak in the office building, suddenly near my house!",immediate
"A dog found a unexpected fight in the highway, unexpectedly that’s blocking traffic!",severe
"Someone found a horrible crash in the beach, unexpectedly with no one helping!",medium
"A police officer see a massive fight in the house, rapidly and it’s getting worse!",high
"There’s a lost and severe gas leak on the parking lot, frantically near my house!",life-threatening
"There’s a hurt and horrible fight at the shopping mall, loudly right now!",medium
"I found a uncontrolled leak on the parking lot, unexpectedly in the middle of the night!",low
"A dog hear a sudden medical emergency at the highway, frantically causing a huge mess!",critical
"A woman found a strange robbery in the parking lot, quickly with no one helping!",medium
"There’s a burning and loud leak in the office building, quickly near my house!",severe
"There’s a hijacked and horrible vandalism in the street, dangerously and people are panicking!",emergency
"There’s a hurt and severe scream at the highway, violently that’s blocking traffic!",severe
"There’s a collapsing and uncontrolled earthquake at the hospital, quickly right now!",life-threatening
"A passenger hear a massive robbery at the highway, suddenly right now!",alert
"There’s a missing and uncontrolled robbery at the office building, frantically with no one helping!",medium
"There’s a missing and intense fight on the store, rapidly with no one helping!",medium
"There’s a broken and chaotic gas leak in the park, frantically near my house!",medium
"Someone hear a horrible drowning on the subway, suddenly causing a huge mess!",medium
"A student see a sudden medical emergency at the beach, loudly that’s blocking traffic!",medium
"I found a strange power outage on the apartment, frantically near my house!",low
"A group of people hear a strange scream in the house, urgently near my house!",immediate
"A passenger found a unexpected scream at the park, dangerously in the middle of the night!",emergency
"There’s a burning and dangerous landslide on the factory, rapidly that’s blocking traffic!",medium
"There’s a burning and intense scream at the school, rapidly right now!",life-threatening
"A group of people hear a horrible flood in the office building, unexpectedly causing a huge mess!",low
"A driver hear a chaotic shooting on the subway, suddenly causing a huge mess!",low
"A police officer see a severe fight in the parking lot, frantically causing a huge mess!",emergency
"There’s a burning and chaotic drowning on the parking lot, suddenly with no one helping!",medium
"An old man found a dangerous riot in the office building, violently in the middle of the night!",critical
"A group of people see a uncontrolled vandalism in the hospital, frantically and people are panicking!",high
"Someone found a chaotic explosion on the parking lot, loudly right now!",alert
"There’s a trapped and horrible roadblock at the shopping mall, suddenly right now!",medium
"There’s a hijacked and massive robbery at the house, frantically right now!",high
"A shopkeeper hear a dangerous landslide in the apartment, suddenly that’s blocking traffic!",medium
"There’s a bleeding and terrifying explosion on the apartment, urgently in the middle of the night!",immediate
"A shopkeeper see a unexpected crash at the house, dangerously and people are panicking!",high
"There’s a stuck and unexpected fire at the alley, frantically right now!",low
"There’s a burning and intense crash on the house, quickly with no one helping!",high
"A shopkeeper found a loud gas leak on the stadium, suddenly with no one helping!",critical
"A group of people hear a sudden vandalism in the factory, dangerously with no one helping!",medium
"There’s a burning and sudden gas leak on the alley, frantically in the middle of the night!",critical
"A firefighter found a massive drowning on the parking lot, quickly and people are panicking!",low
"There’s a broken and dangerous robbery on the shopping mall, quickly in the middle of the night!",medium
"A child hear a uncontrolled fire on the construction site, urgently in the middle of the night!",medium
"Someone hear a loud leak in the house, rapidly right now!",high
"There’s a burning and unexpected gas leak on the factory, suddenly in the middle of the night!",emergency
"There’s a freezing and severe power outage at the hospital, dangerously with no one helping!",critical
"There’s a burning and intense leak at the subway, unexpectedly near my house!",high
"A student hear a chaotic power outage at the highway, unexpectedly in the middle of the night!",immediate
"A police officer hear a chaotic scream at the construction site, urgently and it’s getting worse!",critical
"An old man see a unexpected power outage in the factory, unexpectedly near my house!",medium
"A dog found a rapid gas leak in the store, suddenly with no one helping!",medium
"A group of people found a massive assault in the school, suddenly and people are panicking!",high
"There’s a drowning and uncontrolled vandalism at the stadium, unexpectedly right now!",immediate
"There’s a collapsing and dangerous assault in the house, unexpectedly near my house!",medium
"A woman found a uncontrolled crash in the alley, loudly right now!",critical
"A shopkeeper hear a horrible crash in the alley, frantically right now!",medium
"A firefighter see a severe flood at the factory, violently and people are panicking!",life-threatening
"A kid hear a strange shooting on the bridge, suddenly and people are panicking!",emergency
"My neighbor hear a dangerous flood at the subway, frantically that’s blocking traffic!",alert
"There’s a collapsing and dangerous power outage at the tunnel, quickly that’s blocking traffic!",alert
"My neighbor found a unexpected medical emergency at the shopping mall, rapidly near my house!",alert
"There’s a vandalized and intense fight on the alley, violently near my house!",low
"There’s a missing and strange crash at the subway, loudly causing a huge mess!",low
"There’s a burning and strange scream on the highway, rapidly right now!",medium
"There’s a unconscious and loud vandalism in the construction site, quickly near my house!",high
"A stranger found a severe scream in the hospital, quickly near my house!",immediate
"My neighbor see a uncontrolled leak on the apartment, violently right now!",medium
"There’s a vandalized and dangerous assault in the shopping mall, unexpectedly in the middle of the night!",life-threatening
"There’s a lost and sudden explosion in the house, dangerously near my house!",life-threatening
"A firefighter see a horrible gas leak at the shopping mall, unexpectedly with no one helping!",low
"A cyclist found a dangerous robbery on the bridge, urgently and it’s getting worse!",medium
"There’s a lost and intense crash on the alley, loudly and it’s getting worse!",alert
"There’s a unconscious and intense assault at the house, frantically near my house!",low
"A student hear a rapid power outage in the store, rapidly causing a huge mess!",high
"A woman see a terrifying shooting at the highway, urgently in the middle of the night!",emergency
"A group of people found a chaotic drowning on the store, loudly right now!",life-threatening
"There’s a freezing and massive earthquake at the apartment, urgently right now!",medium
"There’s a bleeding and terrifying landslide in the construction site, dangerously and people are panicking!",low
"There’s a trapped and unexpected fight in the apartment, loudly with no one helping!",emergency
"There’s a hurt and sudden riot in the store, unexpectedly that’s blocking traffic!",medium
"An old man hear a terrifying shooting in the street, loudly that’s blocking traffic!",low
"There’s a burning and horrible flood at the office building, quickly near my house!",low
"A police officer found a strange riot at the school, violently that’s blocking traffic!",high
"There’s a malfunctioning and terrifying scream at the office building, urgently and people are panicking!",low
"I found a chaotic scream at the highway, quickly right now!",critical
"There’s a trapped and rapid leak in the factory, urgently and it’s getting worse!",high
"A woman see a intense earthquake at the tunnel, quickly right now!",low
"There’s a hurt and terrifying fight in the factory, quickly and it’s getting worse!",high
"A kid hear a severe power outage at the apartment, frantically and it’s getting worse!",emergency
"There’s a drowning and uncontrolled scream at the subway, suddenly near my house!",low
"There’s a abandoned and dangerous drowning at the hospital, violently right now!",high
"There’s a broken and chaotic leak in the store, violently in the middle of the night!",life-threatening
"A kid found a dangerous power outage on the house, quickly and it’s getting worse!",medium
"There’s a abandoned and loud scream in the parking lot, unexpectedly in the middle of the night!",high
"There’s a burning and dangerous fire in the store, unexpectedly and people are panicking!",low
"There’s a burning and dangerous vandalism in the highway, urgently and it’s getting worse!",low
"A child hear a loud robbery in the apartment, rapidly in the middle of the night!",medium
"Someone see a sudden scream at the apartment, suddenly that’s blocking traffic!",medium
"There’s a bleeding and terrifying robbery in the tunnel, suddenly causing a huge mess!",life-threatening
"There’s a unstable and unexpected scream on the park, quickly right now!",immediate
"A shopkeeper found a sudden crash at the park, loudly with no one helping!",low
"There’s a stuck and loud robbery at the office building, rapidly with no one helping!",high
"Someone see a rapid roadblock in the street, violently causing a huge mess!",low
"There’s a bleeding and rapid scream at the subway, loudly right now!",low
"There’s a abandoned and horrible flood in the highway, suddenly near my house!",emergency
"There’s a missing and severe shooting in the street, quickly right now!",medium
"A kid see a chaotic fight at the shopping mall, dangerously with no one helping!",high
"A passenger see a strange medical emergency at the subway, urgently with no one helping!",medium
"There’s a drowning and severe drowning in the park, loudly in the middle of the night!",critical
"There’s a unstable and sudden explosion on the bridge, unexpectedly and it’s getting worse!",low
"There’s a drowning and unexpected robbery on the alley, urgently right now!",medium
"A passenger see a chaotic scream in the street, frantically with no one helping!",high
"A stranger hear a horrible riot in the subway, urgently and it’s getting worse!",immediate
"There’s a drowning and terrifying earthquake on the shopping mall, dangerously that’s blocking traffic!",high
"There’s a collapsing and intense power outage at the street, unexpectedly in the middle of the night!",emergency
"A cat see a rapid fire on the park, violently and it’s getting worse!",critical
"A group of people hear a uncontrolled drowning on the highway, loudly causing a huge mess!",medium
"There’s a drowning and chaotic landslide in the beach, unexpectedly that’s blocking traffic!",severe
"A woman hear a unexpected assault at the bridge, suddenly in the middle of the night!",emergency
"There’s a broken and dangerous earthquake on the store, loudly near my house!",low
"Someone found a sudden fire at the office building, violently with no one helping!",critical
"A stranger see a rapid scream in the street, dangerously in the middle of the night!",medium
"There’s a unstable and intense fight at the beach, violently and people are panicking!",low
"A child hear a strange roadblock at the highway, dangerously near my house!",medium
"A police officer see a uncontrolled earthquake in the tunnel, loudly near my house!",medium
"My neighbor hear a intense landslide in the store, rapidly causing a huge mess!",high
"There’s a malfunctioning and sudden fire at the hospital, unexpectedly in the middle of the night!",immediate
"A group of people hear a dangerous vandalism at the park, unexpectedly with no one helping!",medium
"There’s a malfunctioning and sudden power outage in the shopping mall, dangerously in the middle of the night!",emergency
"There’s a malfunctioning and dangerous scream on the house, unexpectedly and people are panicking!",low
"A driver hear a unexpected earthquake at the tunnel, loudly that’s blocking traffic!",medium
"A dog see a sudden medical emergency on the apartment, suddenly right now!",medium
"There’s a malfunctioning and rapid explosion in the apartment, loudly right now!",high
"There’s a burning and terrifying landslide in the street, dangerously right now!",medium
"A dog found a sudden riot in the subway, rapidly with no one helping!",emergency
"A stranger hear a unexpected landslide at the beach, violently and it’s getting worse!",immediate
"A police officer found a severe robbery in the construction site, frantically that’s blocking traffic!",high
"There’s a lost and severe power outage in the shopping mall, dangerously that’s blocking traffic!",medium
"A firefighter see a unexpected robbery on the parking lot, suddenly and it’s getting worse!",medium
"A cyclist found a rapid shooting on the alley, violently and it’s getting worse!",medium
"There’s a suffocating and massive riot in the office building, loudly and people are panicking!",medium
"There’s a freezing and uncontrolled fire in the shopping mall, dangerously right now!",low
"A firefighter see a horrible gas leak in the highway, suddenly in the middle of the night!",medium
"A woman found a sudden assault in the shopping mall, urgently with no one helping!",immediate
"Someone hear a chaotic flood in the shopping mall, violently causing a huge mess!",immediate
"There’s a broken and dangerous landslide in the house, dangerously that’s blocking traffic!",medium
"A dog found a loud roadblock in the subway, loudly and people are panicking!",immediate
"A stranger see a massive fight on the street, suddenly that’s blocking traffic!",medium
"A cyclist found a uncontrolled medical emergency at the tunnel, violently and people are panicking!",low
"Someone found a strange shooting in the house, unexpectedly right now!",alert
"I found a chaotic earthquake on the shopping mall, rapidly that’s blocking traffic!",medium
"There’s a drowning and severe landslide on the shopping mall, quickly in the middle of the night!",critical
"There’s a hijacked and sudden drowning on the store, violently that’s blocking traffic!",critical
"A driver hear a dangerous riot on the subway, rapidly causing a huge mess!",immediate
"There’s a drowning and horrible power outage at the park, unexpectedly and people are panicking!",high
"A cat hear a rapid flood at the factory, suddenly near my house!",low
"A cat hear a massive medical emergency on the office building, unexpectedly near my house!",low
"A cyclist see a horrible roadblock on the subway, violently and it’s getting worse!",medium
"There’s a bleeding and uncontrolled fight at the office building, loudly and people are panicking!",medium
"A group of people see a severe drowning on the construction site, dangerously and people are panicking!",immediate
"A student found a severe earthquake at the bridge, urgently near my house!",low
"There’s a vandalized and uncontrolled robbery in the shopping mall, violently near my house!",low
"There’s a bleeding and intense flood at the stadium, rapidly that’s blocking traffic!",immediate
"There’s a abandoned and horrible landslide in the highway, quickly in the middle of the night!",low
"There’s a malfunctioning and severe drowning on the beach, frantically right now!",life-threatening
"There’s a suffocating and horrible gas leak in the highway, rapidly right now!",medium
"A shopkeeper hear a intense shooting in the hospital, loudly causing a huge mess!",critical
"A child hear a strange explosion at the office building, loudly right now!",medium
"A shopkeeper found a strange landslide in the stadium, quickly near my house!",low
"There’s a missing and rapid scream on the beach, dangerously right now!",medium
"There’s a trapped and massive assault at the parking lot, violently and it’s getting worse!",critical
"Someone hear a sudden gas leak on the construction site, dangerously and it’s getting worse!",medium
"There’s a missing and loud roadblock in the bridge, suddenly right now!",immediate
"There’s a missing and sudden power outage on the stadium, dangerously near my house!",critical
"There’s a bleeding and chaotic explosion at the bridge, rapidly with no one helping!",medium
"A firefighter hear a dangerous robbery at the tunnel, violently with no one helping!",immediate
"There’s a malfunctioning and unexpected fire on the subway, quickly with no one helping!",life-threatening
"There’s a vandalized and intense explosion on the subway, quickly that’s blocking traffic!",low
"A cyclist found a horrible power outage at the tunnel, rapidly and it’s getting worse!",high
"There’s a malfunctioning and dangerous fight at the office building, urgently that’s blocking traffic!",alert
"There’s a collapsing and severe earthquake on the subway, loudly in the middle of the night!",high
"There’s a unconscious and terrifying gas leak in the beach, violently causing a huge mess!",high
"There’s a suffocating and strange shooting in the alley, suddenly with no one helping!",severe
"There’s a hijacked and severe assault at the stadium, suddenly near my house!",medium
"There’s a suffocating and horrible fire on the parking lot, loudly with no one helping!",low
"There’s a suffocating and rapid scream on the park, frantically that’s blocking traffic!",high
"There’s a unstable and intense roadblock at the factory, suddenly that’s blocking traffic!",low
"A woman hear a chaotic assault on the alley, violently causing a huge mess!",emergency
"There’s a drowning and chaotic fight on the subway, quickly near my house!",life-threatening
"There’s a hijacked and terrifying medical emergency at the beach, suddenly and it’s getting worse!",medium
"There’s a malfunctioning and horrible crash at the school, loudly and it’s getting worse!",immediate
"A shopkeeper see a strange power outage at the factory, violently in the middle of the night!",critical
"There’s a abandoned and sudden gas leak on the store, frantically right now!",low
"A child found a loud explosion in the construction site, quickly and people are panicking!",high
"There’s a burning and horrible gas leak in the store, dangerously that’s blocking traffic!",critical
"There’s a missing and horrible explosion in the store, rapidly causing a huge mess!",alert
"A cyclist found a chaotic assault in the tunnel, frantically right now!",critical
"An old man found a intense drowning at the street, violently near my house!",medium
"There’s a freezing and severe fire in the street, suddenly and it’s getting worse!",emergency
"There’s a bleeding and loud scream on the park, rapidly and people are panicking!",medium
"There’s a stuck and strange medical emergency at the apartment, suddenly causing a huge mess!",medium
"An old man found a dangerous fight at the school, rapidly that’s blocking traffic!",critical
"A kid hear a strange fight in the apartment, urgently and people are panicking!",high
"Someone hear a severe robbery in the bridge, rapidly that’s blocking traffic!",low
"A police officer see a sudden fire in the stadium, quickly with no one helping!",high
"A cyclist see a rapid scream at the shopping mall, violently right now!",medium
"There’s a suffocating and terrifying medical emergency on the tunnel, quickly that’s blocking traffic!",medium
"There’s a burning and intense flood in the beach, quickly and it’s getting worse!",immediate
"There’s a stuck and unexpected scream on the beach, unexpectedly and people are panicking!",emergency
"There’s a broken and chaotic medical emergency in the construction site, urgently near my house!",medium
"A student found a uncontrolled drowning at the street, unexpectedly causing a huge mess!",medium
"There’s a unconscious and horrible earthquake on the street, loudly near my house!",immediate
"There’s a lost and loud gas leak at the store, urgently right now!",low
"There’s a bleeding and terrifying roadblock in the construction site, loudly that’s blocking traffic!",low
"A student hear a unexpected landslide in the shopping mall, violently and it’s getting worse!",medium
"A child hear a chaotic scream on the store, unexpectedly and it’s getting worse!",medium
"There’s a suffocating and intense assault on the office building, urgently and it’s getting worse!",emergency
"A firefighter see a uncontrolled fire at the alley, urgently and it’s getting worse!",high
"There’s a lost and terrifying medical emergency in the park, dangerously and people are panicking!",high
"A firefighter see a sudden explosion at the school, unexpectedly and it’s getting worse!",low
"A passenger found a severe explosion on the apartment, suddenly that’s blocking traffic!",high
"There’s a freezing and massive fire at the house, dangerously that’s blocking traffic!",high
"I hear a terrifying riot on the highway, unexpectedly and it’s getting worse!",medium
"There’s a abandoned and sudden scream in the street, rapidly right now!",critical
"A stranger found a dangerous flood on the subway, urgently with no one helping!",immediate
"There’s a abandoned and horrible flood on the hospital, urgently near my house!",high
"A passenger see a massive power outage in the tunnel, frantically with no one helping!",high
"There’s a broken and rapid scream at the highway, quickly causing a huge mess!",high
"There’s a burning and massive gas leak in the street, loudly that’s blocking traffic!",alert
"A child see a terrifying shooting on the store, loudly with no one helping!",severe
"There’s a malfunctioning and dangerous power outage on the bridge, urgently and people are panicking!",high
"There’s a stuck and rapid gas leak at the shopping mall, quickly that’s blocking traffic!",low
"A cat found a unexpected leak in the construction site, suddenly near my house!",low
"There’s a drowning and dangerous medical emergency at the office building, violently and it’s getting worse!",life-threatening
"A group of people found a massive roadblock on the hospital, violently in the middle of the night!",medium
"There’s a hurt and chaotic crash at the tunnel, dangerously in the middle of the night!",low
"There’s a trapped and sudden shooting on the park, suddenly near my house!",low
"There’s a stuck and terrifying landslide on the highway, loudly in the middle of the night!",low
"There’s a stuck and severe leak in the stadium, frantically with no one helping!",high
"A woman found a uncontrolled explosion in the street, dangerously in the middle of the night!",low
"There’s a hurt and strange drowning at the highway, urgently with no one helping!",high
"A police officer hear a chaotic explosion in the hospital, frantically that’s blocking traffic!",high
"There’s a bleeding and intense assault at the bridge, suddenly that’s blocking traffic!",alert
"A student found a sudden gas leak at the hospital, rapidly with no one helping!",medium
"There’s a broken and dangerous leak at the office building, suddenly and it’s getting worse!",emergency
"There’s a broken and strange vandalism at the beach, unexpectedly and people are panicking!",low
"A driver see a unexpected robbery at the street, violently near my house!",high
"A student hear a rapid riot on the highway, urgently and it’s getting worse!",medium
"My neighbor hear a massive earthquake on the shopping mall, unexpectedly that’s blocking traffic!",critical
"My neighbor found a sudden leak in the school, urgently causing a huge mess!",low
"A child see a uncontrolled leak in the hospital, loudly near my house!",high
"There’s a abandoned and chaotic assault at the school, quickly that’s blocking traffic!",medium
"An old man found a sudden landslide on the street, suddenly with no one helping!",medium
"There’s a vandalized and horrible fight on the house, frantically that’s blocking traffic!",medium
"A child see a rapid gas leak in the school, unexpectedly that’s blocking traffic!",medium
"A shopkeeper found a chaotic medical emergency at the subway, frantically that’s blocking traffic!",high
"There’s a hurt and severe landslide on the apartment, dangerously and it’s getting worse!",low
"There’s a hurt and strange medical emergency in the tunnel, quickly near my house!",medium
"A group of people hear a uncontrolled crash at the bridge, quickly near my house!",severe
"A kid found a horrible medical emergency at the subway, rapidly and people are panicking!",high
"There’s a unconscious and massive earthquake at the subway, violently near my house!",immediate
"There’s a stuck and rapid scream at the house, urgently and it’s getting worse!",high
"A cyclist hear a dangerous medical emergency in the bridge, unexpectedly right now!",low
"A driver found a sudden drowning in the park, frantically near my house!",low
"A group of people hear a severe crash in the store, frantically that’s blocking traffic!",low
"A cyclist found a uncontrolled scream at the school, quickly in the middle of the night!",low
"A dog see a rapid medical emergency in the highway, violently in the middle of the night!",immediate
"A passenger found a chaotic earthquake on the bridge, urgently right now!",low
"There’s a malfunctioning and strange scream at the factory, quickly and people are panicking!",high
"A woman see a massive riot in the bridge, quickly with no one helping!",high
"A police officer found a loud fire on the highway, suddenly that’s blocking traffic!",medium
"There’s a stuck and massive fight at the bridge, frantically that’s blocking traffic!",medium
"There’s a lost and uncontrolled explosion at the parking lot, quickly causing a huge mess!",low
"There’s a suffocating and horrible scream at the parking lot, dangerously and it’s getting worse!",medium
"There’s a abandoned and dangerous crash at the park, loudly that’s blocking traffic!",medium
"There’s a burning and intense robbery in the bridge, rapidly in the middle of the night!",high
"There’s a burning and terrifying shooting on the apartment, violently causing a huge mess!",low
"There’s a drowning and loud vandalism on the highway, violently and people are panicking!",immediate
"A woman hear a chaotic shooting in the stadium, quickly and people are panicking!",low
"There’s a drowning and dangerous drowning at the factory, violently right now!",high
"There’s a burning and intense fire at the parking lot, frantically that’s blocking traffic!",medium
"A woman found a chaotic roadblock on the highway, urgently near my house!",low
"There’s a freezing and sudden scream in the construction site, unexpectedly in the middle of the night!",low
"There’s a abandoned and strange explosion in the alley, unexpectedly near my house!",immediate
"A kid found a severe assault on the shopping mall, dangerously and people are panicking!",medium
"A stranger hear a dangerous drowning on the house, quickly that’s blocking traffic!",emergency
"A child see a horrible explosion on the school, suddenly near my house!",high
"There’s a stuck and strange vandalism on the store, unexpectedly causing a huge mess!",critical
"A kid see a horrible shooting in the apartment, violently that’s blocking traffic!",medium
"There’s a broken and chaotic crash on the alley, loudly near my house!",medium
"There’s a trapped and dangerous gas leak on the stadium, unexpectedly and it’s getting worse!",low
"There’s a lost and loud vandalism on the house, suddenly near my house!",immediate
"There’s a hijacked and loud flood in the bridge, frantically and people are panicking!",medium
"There’s a stuck and rapid flood at the alley, quickly and people are panicking!",high
"There’s a missing and strange flood on the hospital, unexpectedly and people are panicking!",emergency
"A cyclist hear a chaotic scream in the school, loudly with no one helping!",low
"There’s a burning and strange explosion in the subway, frantically that’s blocking traffic!",alert
"An old man found a rapid medical emergency in the house, suddenly and it’s getting worse!",immediate
"There’s a stuck and rapid crash at the subway, suddenly causing a huge mess!",high
"There’s a unconscious and unexpected fire in the construction site, frantically causing a huge mess!",medium
"I hear a unexpected fire on the shopping mall, frantically and it’s getting worse!",high
"A passenger hear a dangerous leak on the beach, urgently and it’s getting worse!",medium
"A cyclist hear a sudden robbery at the stadium, suddenly right now!",critical
"A passenger found a uncontrolled fight in the hospital, loudly right now!",severe
"A police officer hear a dangerous landslide at the highway, urgently causing a huge mess!",high
"A group of people see a massive scream at the store, violently with no one helping!",medium
"A stranger see a loud earthquake on the school, violently causing a huge mess!",low
"There’s a unstable and terrifying gas leak at the parking lot, suddenly near my house!",low
"There’s a suffocating and uncontrolled power outage at the highway, quickly causing a huge mess!",medium
"A woman found a strange power outage on the tunnel, dangerously with no one helping!",medium
"There’s a unstable and massive shooting in the park, suddenly and people are panicking!",critical
"There’s a unconscious and strange power outage at the school, suddenly right now!",low
"There’s a missing and dangerous explosion in the apartment, frantically right now!",emergency
"A driver see a unexpected explosion on the store, violently near my house!",low
"There’s a suffocating and uncontrolled flood on the factory, frantically near my house!",immediate
"There’s a bleeding and uncontrolled fire in the factory, unexpectedly and people are panicking!",high
"A passenger hear a sudden riot in the highway, dangerously near my house!",medium
"There’s a freezing and sudden roadblock in the store, loudly in the middle of the night!",medium
"A driver hear a horrible landslide in the street, frantically and it’s getting worse!",high
"There’s a burning and chaotic fire in the construction site, dangerously with no one helping!",medium
"A child found a massive power outage at the subway, frantically with no one helping!",immediate
"An old man hear a terrifying gas leak at the hospital, frantically in the middle of the night!",low
"Someone see a horrible robbery on the beach, violently and people are panicking!",critical
"There’s a malfunctioning and horrible assault on the apartment, dangerously right now!",high
"A driver hear a unexpected earthquake in the parking lot, rapidly and it’s getting worse!",high
"There’s a broken and severe gas leak in the apartment, urgently with no one helping!",medium
"A firefighter hear a intense earthquake in the alley, rapidly in the middle of the night!",alert
"There’s a unstable and massive leak in the apartment, dangerously and people are panicking!",medium
"There’s a suffocating and intense earthquake on the factory, quickly that’s blocking traffic!",critical
"A kid see a chaotic shooting in the bridge, dangerously causing a huge mess!",high
"A kid hear a horrible gas leak in the beach, unexpectedly in the middle of the night!",immediate
"There’s a abandoned and rapid shooting at the alley, frantically causing a huge mess!",low
"A group of people found a loud gas leak at the house, dangerously near my house!",medium
"A firefighter hear a strange explosion on the apartment, unexpectedly with no one helping!",medium
"A passenger see a terrifying explosion in the store, suddenly that’s blocking traffic!",medium
"A group of people see a loud landslide in the stadium, quickly near my house!",low
"There’s a unstable and dangerous earthquake in the construction site, rapidly in the middle of the night!",medium
"Someone see a intense roadblock on the bridge, suddenly and it’s getting worse!",high
"There’s a trapped and uncontrolled assault at the school, urgently and people are panicking!",medium
"A child found a unexpected robbery at the construction site, loudly causing a huge mess!",medium
"I found a uncontrolled scream in the construction site, suddenly causing a huge mess!",immediate
"There’s a freezing and terrifying fire at the factory, unexpectedly that’s blocking traffic!",medium
"I found a chaotic power outage on the shopping mall, frantically near my house!",emergency
"A cat found a strange fire at the office building, quickly and people are panicking!",high
"A driver hear a massive scream at the beach, dangerously that’s blocking traffic!",high
"There’s a collapsing and strange robbery in the store, unexpectedly causing a huge mess!",low
"There’s a collapsing and terrifying flood in the hospital, frantically near my house!",critical
"A police officer hear a sudden scream at the apartment, dangerously in the middle of the night!",immediate
"A kid hear a horrible earthquake on the house, loudly that’s blocking traffic!",medium
"There’s a stuck and massive roadblock at the factory, quickly in the middle of the night!",high
"A firefighter hear a sudden riot at the park, unexpectedly that’s blocking traffic!",medium
"A dog found a intense leak on the construction site, urgently right now!",high
"There’s a burning and rapid explosion at the parking lot, dangerously in the middle of the night!",high
"There’s a bleeding and uncontrolled assault at the hospital, urgently in the middle of the night!",low
"My neighbor see a terrifying explosion in the construction site, suddenly in the middle of the night!",medium
"My neighbor found a dangerous roadblock on the park, rapidly near my house!",medium
"There’s a suffocating and severe explosion in the highway, urgently and it’s getting worse!",medium
"There’s a malfunctioning and horrible scream at the highway, rapidly and people are panicking!",high
"There’s a trapped and loud power outage at the hospital, quickly near my house!",high
"A child hear a dangerous gas leak on the subway, frantically with no one helping!",severe
"There’s a unstable and uncontrolled shooting on the construction site, suddenly causing a huge mess!",emergency
"There’s a burning and severe drowning on the apartment, suddenly and it’s getting worse!",low
"A cyclist hear a massive leak in the school, frantically causing a huge mess!",emergency
"A police officer found a dangerous vandalism at the alley, frantically near my house!",immediate
"There’s a bleeding and loud leak at the shopping mall, suddenly in the middle of the night!",immediate
"There’s a lost and uncontrolled robbery in the hospital, violently in the middle of the night!",low
"There’s a broken and unexpected riot on the parking lot, loudly with no one helping!",medium
"A student see a loud riot on the parking lot, quickly in the middle of the night!",high
"There’s a lost and unexpected explosion in the factory, loudly and it’s getting worse!",severe
"My neighbor see a strange landslide on the store, urgently and it’s getting worse!",emergency
"There’s a suffocating and loud crash on the construction site, suddenly that’s blocking traffic!",high
"A group of people hear a horrible drowning in the house, unexpectedly that’s blocking traffic!",low
"A kid hear a uncontrolled robbery at the office building, suddenly in the middle of the night!",medium
"A police officer see a rapid medical emergency in the stadium, frantically right now!",immediate
"A shopkeeper see a uncontrolled roadblock in the alley, unexpectedly causing a huge mess!",high
"There’s a broken and intense power outage at the hospital, rapidly and people are panicking!",high
"There’s a suffocating and massive flood at the store, urgently and it’s getting worse!",medium
"There’s a vandalized and rapid crash at the bridge, quickly and people are panicking!",critical
"There’s a collapsing and massive roadblock at the store, unexpectedly right now!",high
"There’s a abandoned and horrible roadblock at the park, suddenly in the middle of the night!",high
"A firefighter hear a severe crash at the subway, suddenly causing a huge mess!",emergency
"There’s a hijacked and massive explosion in the park, frantically causing a huge mess!",high
"There’s a burning and severe flood on the store, suddenly in the middle of the night!",immediate
"A driver found a horrible landslide at the factory, quickly and it’s getting worse!",critical
"There’s a hurt and intense fire on the hospital, suddenly causing a huge mess!",medium
"There’s a burning and loud leak in the subway, rapidly in the middle of the night!",severe
"There’s a lost and rapid medical emergency at the house, quickly with no one helping!",medium
"A woman hear a strange drowning in the apartment, violently right now!",immediate
"A group of people found a terrifying fight on the alley, quickly with no one helping!",medium
"There’s a unconscious and sudden assault on the factory, frantically near my house!",low
"My neighbor see a loud power outage on the house, rapidly with no one helping!",medium
"There’s a lost and massive medical emergency at the subway, violently with no one helping!",life-threatening
"There’s a unstable and loud roadblock on the alley, urgently and it’s getting worse!",critical
"An old man hear a terrifying riot at the construction site, loudly and people are panicking!",high
"There’s a freezing and chaotic gas leak at the office building, rapidly in the middle of the night!",critical
"A group of people hear a sudden explosion at the bridge, quickly right now!",emergency
"There’s a unconscious and chaotic leak on the school, suddenly and people are panicking!",critical
"There’s a broken and strange riot at the bridge, suddenly causing a huge mess!",low
"A group of people found a uncontrolled earthquake at the school, suddenly in the middle of the night!",emergency
"A cyclist see a terrifying fire on the bridge, dangerously right now!",high
"A driver hear a intense power outage at the factory, loudly causing a huge mess!",medium
"A kid see a loud fire at the highway, loudly causing a huge mess!",medium
"There’s a vandalized and chaotic assault on the house, violently with no one helping!",high
"There’s a unstable and uncontrolled fight at the school, dangerously with no one helping!",low
"There’s a vandalized and intense shooting in the factory, suddenly and it’s getting worse!",medium
"A shopkeeper found a severe power outage on the house, rapidly that’s blocking traffic!",medium
"There’s a unstable and dangerous gas leak in the factory, urgently and people are panicking!",low
"There’s a unconscious and unexpected shooting on the beach, violently and it’s getting worse!",medium
"A stranger see a chaotic medical emergency on the store, urgently and it’s getting worse!",medium
"A woman found a massive earthquake at the subway, loudly and people are panicking!",emergency
"There’s a bleeding and horrible fire in the factory, quickly right now!",high
"There’s a lost and chaotic drowning at the beach, dangerously with no one helping!",high
"There’s a lost and chaotic explosion at the construction site, loudly with no one helping!",medium
"There’s a hijacked and chaotic medical emergency on the hospital, violently in the middle of the night!",critical
"There’s a collapsing and rapid roadblock on the school, loudly that’s blocking traffic!",high
"There’s a hijacked and sudden assault on the house, quickly with no one helping!",medium
"A shopkeeper see a sudden leak in the parking lot, violently right now!",alert
"A child see a severe crash on the street, violently and people are panicking!",medium
"I hear a horrible explosion at the store, rapidly in the middle of the night!",high
"A group of people hear a uncontrolled assault at the subway, quickly near my house!",low
"There’s a broken and intense vandalism at the shopping mall, unexpectedly that’s blocking traffic!",high
"There’s a freezing and intense riot at the bridge, quickly near my house!",medium
"There’s a missing and uncontrolled medical emergency at the factory, dangerously and people are panicking!",high
"A firefighter see a intense drowning in the park, rapidly with no one helping!",high
"A dog found a unexpected drowning on the apartment, quickly with no one helping!",medium
"There’s a drowning and loud flood in the parking lot, suddenly with no one helping!",medium
"A cat found a massive drowning in the factory, unexpectedly near my house!",medium
"There’s a freezing and chaotic landslide at the subway, dangerously in the middle of the night!",medium
"A passenger found a loud fight on the bridge, suddenly with no one helping!",low
"There’s a hijacked and chaotic drowning on the park, loudly and it’s getting worse!",low
"There’s a trapped and unexpected crash in the shopping mall, suddenly and people are panicking!",low
"There’s a hurt and uncontrolled shooting in the bridge, urgently with no one helping!",high
"A driver hear a horrible power outage at the beach, unexpectedly causing a huge mess!",high
"A cyclist see a horrible riot on the shopping mall, loudly and people are panicking!",emergency
"A stranger see a chaotic explosion on the office building, unexpectedly and it’s getting worse!",low
"There’s a stuck and strange leak on the tunnel, violently in the middle of the night!",high
"I hear a massive power outage at the beach, urgently causing a huge mess!",high
"A woman hear a terrifying roadblock at the office building, rapidly and people are panicking!",emergency
"There’s a abandoned and unexpected roadblock on the subway, urgently and it’s getting worse!",low
"There’s a unconscious and chaotic crash on the stadium, unexpectedly and it’s getting worse!",severe
"There’s a drowning and sudden earthquake on the alley, urgently with no one helping!",medium
"A shopkeeper see a rapid drowning at the beach, urgently and it’s getting worse!",medium
"There’s a burning and terrifying leak in the apartment, unexpectedly and people are panicking!",emergency
"A driver found a severe fight in the stadium, frantically that’s blocking traffic!",medium
"There’s a broken and massive roadblock at the factory, suddenly that’s blocking traffic!",high
"My neighbor found a unexpected landslide in the highway, rapidly and people are panicking!",immediate
"A driver hear a intense power outage on the alley, loudly right now!",emergency
"A student found a dangerous flood on the street, loudly right now!",alert
"There’s a unconscious and rapid riot at the bridge, unexpectedly near my house!",medium
"Someone hear a chaotic gas leak in the street, unexpectedly and it’s getting worse!",medium
"A kid see a strange fight on the beach, unexpectedly with no one helping!",medium
"A child hear a massive drowning on the hospital, dangerously with no one helping!",critical
"A group of people see a rapid explosion at the parking lot, urgently near my house!",medium
"An old man see a intense gas leak in the shopping mall, frantically and it’s getting worse!",medium
"There’s a stuck and sudden crash at the hospital, rapidly and people are panicking!",alert
"A cat see a uncontrolled leak on the bridge, loudly right now!",emergency
"There’s a lost and dangerous shooting on the house, dangerously and people are panicking!",high
"There’s a trapped and massive fight on the street, frantically with no one helping!",low
"A cyclist hear a uncontrolled drowning on the school, rapidly in the middle of the night!",high
"My neighbor see a uncontrolled gas leak on the school, violently and it’s getting worse!",low
"A driver see a chaotic leak in the house, unexpectedly that’s blocking traffic!",medium
"There’s a broken and intense roadblock on the highway, frantically with no one helping!",alert
"A stranger found a terrifying landslide on the factory, unexpectedly near my house!",high
"A woman hear a strange fire in the park, suddenly and people are panicking!",medium
"There’s a drowning and dangerous medical emergency at the factory, quickly causing a huge mess!",high
"A firefighter see a dangerous explosion on the hospital, quickly and people are panicking!",severe
"There’s a bleeding and dangerous scream at the subway, rapidly causing a huge mess!",medium
"There’s a vandalized and terrifying vandalism at the school, dangerously with no one helping!",high
"There’s a drowning and unexpected shooting on the park, urgently causing a huge mess!",medium
"There’s a burning and loud gas leak in the hospital, violently causing a huge mess!",emergency
"There’s a abandoned and horrible crash at the factory, violently near my house!",medium
"There’s a broken and severe drowning in the construction site, urgently right now!",medium
"There’s a broken and chaotic earthquake on the construction site, quickly causing a huge mess!",critical
"A kid hear a chaotic drowning at the park, loudly that’s blocking traffic!",high
"A driver see a massive fire in the highway, urgently right now!",alert
"There’s a collapsing and massive medical emergency on the subway, suddenly with no one helping!",medium
"A student hear a dangerous leak on the apartment, rapidly right now!",low
"There’s a trapped and loud flood at the shopping mall, rapidly with no one helping!",immediate
"There’s a vandalized and rapid drowning on the subway, urgently near my house!",low
"There’s a trapped and uncontrolled vandalism at the tunnel, urgently right now!",high
"There’s a abandoned and terrifying landslide at the subway, rapidly and it’s getting worse!",low
"A cat found a horrible shooting in the beach, rapidly right now!",medium
"A kid hear a massive shooting in the subway, rapidly and it’s getting worse!",medium
"There’s a trapped and sudden earthquake in the school, violently with no one helping!",low
"There’s a vandalized and dangerous flood in the factory, suddenly in the middle of the night!",low
"A passenger hear a chaotic crash on the stadium, loudly near my house!",immediate
"A passenger hear a unexpected leak on the hospital, dangerously right now!",critical
"There’s a burning and rapid robbery in the shopping mall, violently and it’s getting worse!",medium
"A woman found a loud power outage in the construction site, loudly near my house!",high
"A passenger hear a intense shooting in the hospital, rapidly causing a huge mess!",low
"A dog found a dangerous shooting at the school, urgently and it’s getting worse!",high
"A driver hear a terrifying shooting on the store, quickly with no one helping!",immediate
"There’s a missing and dangerous assault on the street, dangerously that’s blocking traffic!",high
"A passenger see a intense fight on the stadium, frantically and it’s getting worse!",high
"There’s a hijacked and severe medical emergency in the factory, urgently right now!",severe
"There’s a freezing and massive riot at the store, unexpectedly near my house!",emergency
"My neighbor hear a horrible fight in the bridge, rapidly near my house!",low
"There’s a suffocating and horrible crash at the shopping mall, loudly causing a huge mess!",critical
"A passenger found a strange explosion at the construction site, quickly right now!",medium
"My neighbor see a chaotic landslide in the store, quickly right now!",high
"There’s a bleeding and strange power outage at the tunnel, rapidly with no one helping!",high
"There’s a hurt and terrifying explosion in the office building, violently causing a huge mess!",life-threatening
"A firefighter found a horrible shooting in the tunnel, quickly in the middle of the night!",medium
"There’s a unstable and terrifying medical emergency at the stadium, frantically that’s blocking traffic!",alert
"An old man hear a unexpected scream on the house, quickly and people are panicking!",emergency
"A student found a severe leak at the shopping mall, frantically that’s blocking traffic!",alert
"There’s a drowning and unexpected gas leak on the tunnel, rapidly in the middle of the night!",immediate
"Someone hear a sudden gas leak on the tunnel, unexpectedly and it’s getting worse!",high
"A police officer hear a horrible fire in the highway, urgently near my house!",low
"A group of people found a uncontrolled roadblock on the park, unexpectedly near my house!",immediate
"There’s a collapsing and massive assault on the subway, violently with no one helping!",medium
"There’s a bleeding and massive leak on the office building, rapidly right now!",life-threatening
"There’s a freezing and severe earthquake in the shopping mall, urgently and people are panicking!",life-threatening
"A shopkeeper see a severe fire in the bridge, urgently near my house!",medium
"There’s a unconscious and uncontrolled crash at the store, frantically with no one helping!",medium
"There’s a drowning and dangerous medical emergency on the construction site, urgently near my house!",medium
"There’s a freezing and sudden robbery in the hospital, violently that’s blocking traffic!",low
"An old man see a uncontrolled riot at the beach, quickly with no one helping!",low
"There’s a freezing and loud scream in the hospital, suddenly and people are panicking!",low
"A dog see a strange crash at the street, rapidly and it’s getting worse!",alert
"There’s a suffocating and chaotic medical emergency at the school, urgently with no one helping!",critical
"A shopkeeper see a intense drowning on the stadium, unexpectedly with no one helping!",critical
"There’s a malfunctioning and terrifying medical emergency on the bridge, loudly and it’s getting worse!",high
"There’s a hijacked and chaotic robbery at the apartment, suddenly near my house!",medium
"Someone see a loud earthquake in the store, unexpectedly right now!",critical
"There’s a unconscious and intense vandalism in the highway, loudly and people are panicking!",medium
"There’s a lost and strange power outage in the alley, rapidly with no one helping!",immediate
"A stranger hear a chaotic fire on the store, loudly and people are panicking!",critical
"An old man found a sudden roadblock in the factory, dangerously and people are panicking!",critical
"A dog see a unexpected medical emergency at the house, suddenly in the middle of the night!",alert
"A cat hear a unexpected earthquake in the subway, dangerously in the middle of the night!",low
"A dog hear a chaotic explosion at the beach, unexpectedly in the middle of the night!",low
"There’s a bleeding and loud earthquake in the store, frantically with no one helping!",medium
"A child hear a rapid leak on the factory, frantically and people are panicking!",high
"There’s a broken and rapid earthquake on the parking lot, frantically with no one helping!",emergency
"There’s a suffocating and loud power outage on the tunnel, quickly that’s blocking traffic!",medium
"A group of people hear a rapid vandalism in the stadium, suddenly and it’s getting worse!",alert
"A shopkeeper see a strange earthquake at the bridge, unexpectedly with no one helping!",low
"There’s a trapped and horrible crash in the factory, urgently causing a huge mess!",medium
"An old man see a chaotic riot on the stadium, urgently causing a huge mess!",low
"A stranger hear a loud vandalism in the apartment, suddenly near my house!",low
"A police officer found a uncontrolled medical emergency in the construction site, rapidly and people are panicking!",medium
"There’s a suffocating and dangerous vandalism at the factory, urgently that’s blocking traffic!",medium
"A stranger found a terrifying vandalism at the factory, suddenly and people are panicking!",emergency
"My neighbor found a severe earthquake at the tunnel, frantically with no one helping!",low
"An old man found a sudden crash in the construction site, suddenly and it’s getting worse!",immediate
"My neighbor see a intense gas leak in the park, dangerously with no one helping!",medium
"A group of people hear a dangerous medical emergency on the alley, unexpectedly causing a huge mess!",emergency
"A firefighter see a strange power outage at the school, rapidly and people are panicking!",high
"A group of people hear a sudden fire on the park, quickly and people are panicking!",medium
"A shopkeeper hear a sudden shooting at the factory, dangerously and it’s getting worse!",high
"There’s a hurt and dangerous flood at the hospital, violently and it’s getting worse!",high
"A kid found a massive shooting in the factory, rapidly and people are panicking!",high
"A passenger see a rapid robbery at the alley, dangerously right now!",high
"There’s a hurt and severe riot in the beach, loudly near my house!",critical
"There’s a suffocating and sudden fight in the school, quickly and people are panicking!",low
"A kid hear a massive robbery on the factory, violently with no one helping!",high
"There’s a bleeding and sudden drowning on the highway, suddenly and people are panicking!",medium
"A cat found a strange robbery at the beach, unexpectedly and it’s getting worse!",high
"A cat hear a horrible landslide on the street, loudly and it’s getting worse!",low
"There’s a drowning and rapid medical emergency at the store, violently near my house!",medium
"A child see a dangerous scream on the tunnel, violently in the middle of the night!",high
"A stranger hear a rapid earthquake in the shopping mall, frantically and it’s getting worse!",immediate
"There’s a hurt and terrifying medical emergency in the house, dangerously and it’s getting worse!",medium
"There’s a trapped and strange drowning in the apartment, quickly that’s blocking traffic!",immediate
"There’s a broken and strange roadblock on the hospital, suddenly near my house!",medium
"Someone hear a loud drowning on the highway, violently with no one helping!",low
"There’s a freezing and uncontrolled scream in the alley, frantically near my house!",emergency
"I hear a chaotic medical emergency in the alley, urgently causing a huge mess!",low
"A child see a unexpected landslide at the tunnel, violently and it’s getting worse!",high
"A driver found a uncontrolled gas leak on the shopping mall, violently in the middle of the night!",alert
"There’s a trapped and dangerous earthquake on the factory, loudly near my house!",critical
"There’s a trapped and horrible landslide in the hospital, suddenly in the middle of the night!",critical
"I found a strange assault in the stadium, unexpectedly with no one helping!",low
"A cyclist hear a chaotic vandalism at the office building, frantically in the middle of the night!",critical
"A firefighter see a terrifying riot at the shopping mall, rapidly in the middle of the night!",severe
"A driver hear a strange shooting in the highway, frantically causing a huge mess!",low
"There’s a bleeding and loud riot in the hospital, rapidly with no one helping!",high
"A passenger found a chaotic flood in the shopping mall, frantically in the middle of the night!",low
"There’s a broken and severe shooting in the school, dangerously in the middle of the night!",high
"There’s a hijacked and massive crash in the street, urgently right now!",critical
"There’s a stuck and dangerous gas leak in the street, frantically right now!",medium
"A student found a dangerous power outage in the store, quickly with no one helping!",emergency
"There’s a unconscious and loud drowning in the store, quickly with no one helping!",low
"There’s a bleeding and strange explosion at the school, rapidly right now!",low
"A woman see a terrifying leak at the tunnel, dangerously right now!",medium
"There’s a vandalized and loud gas leak at the stadium, quickly right now!",low
"There’s a vandalized and severe landslide in the park, urgently near my house!",medium
"There’s a broken and massive crash at the office building, urgently and people are panicking!",low
"There’s a stuck and loud gas leak on the subway, suddenly near my house!",immediate
"My neighbor found a rapid scream on the hospital, quickly right now!",medium
"There’s a bleeding and loud landslide in the street, urgently with no one helping!",low
"There’s a unconscious and sudden fire at the school, unexpectedly and it’s getting worse!",medium
"A cyclist found a horrible power outage in the shopping mall, dangerously with no one helping!",medium
"There’s a hurt and intense landslide in the tunnel, unexpectedly right now!",low
"There’s a bleeding and intense assault at the tunnel, urgently with no one helping!",high
"A driver found a dangerous flood at the factory, frantically near my house!",emergency
"A student found a dangerous explosion on the construction site, loudly causing a huge mess!",low
"There’s a abandoned and uncontrolled shooting on the beach, urgently near my house!",medium
"There’s a trapped and strange earthquake in the apartment, dangerously causing a huge mess!",immediate
"A child found a strange robbery on the subway, frantically right now!",medium
"There’s a broken and uncontrolled drowning in the factory, dangerously and it’s getting worse!",medium
"There’s a drowning and unexpected fire at the hospital, unexpectedly that’s blocking traffic!",low
"There’s a lost and sudden riot on the tunnel, quickly that’s blocking traffic!",low
"A woman found a intense assault on the highway, dangerously causing a huge mess!",emergency
"There’s a drowning and chaotic fire in the parking lot, frantically and people are panicking!",alert
"A student hear a loud vandalism in the alley, loudly that’s blocking traffic!",emergency
"An old man see a strange explosion in the school, frantically that’s blocking traffic!",alert
"A cat found a severe explosion in the shopping mall, dangerously and people are panicking!",medium
"There’s a bleeding and sudden power outage on the office building, dangerously in the middle of the night!",low
"My neighbor see a intense vandalism on the beach, quickly near my house!",emergency
"There’s a bleeding and intense scream on the bridge, quickly and people are panicking!",low
"There’s a missing and intense riot at the street, unexpectedly that’s blocking traffic!",medium
"There’s a collapsing and unexpected robbery at the school, frantically and it’s getting worse!",alert
"A passenger hear a severe medical emergency in the hospital, rapidly causing a huge mess!",high
"There’s a unstable and loud leak on the hospital, violently in the middle of the night!",life-threatening
"A child see a unexpected crash at the construction site, loudly with no one helping!",severe
"A firefighter see a severe shooting in the stadium, frantically right now!",low
"A passenger see a massive vandalism in the bridge, urgently right now!",high
"A firefighter found a unexpected gas leak at the park, dangerously near my house!",medium
"There’s a lost and loud assault in the store, dangerously in the middle of the night!",low
"A woman hear a dangerous drowning at the office building, dangerously that’s blocking traffic!",low
"A child found a dangerous fire on the house, urgently and people are panicking!",high
"An old man found a terrifying explosion on the school, rapidly with no one helping!",low
"There’s a hurt and chaotic crash in the house, urgently causing a huge mess!",low
"There’s a hurt and sudden robbery on the school, unexpectedly causing a huge mess!",medium
"There’s a freezing and terrifying leak on the factory, unexpectedly with no one helping!",medium
"A dog hear a rapid power outage at the street, quickly and it’s getting worse!",low
"There’s a hijacked and loud robbery at the stadium, quickly right now!",low
"I see a loud gas leak at the beach, violently causing a huge mess!",medium
"There’s a unconscious and severe assault in the apartment, suddenly right now!",medium
"A dog found a loud gas leak on the school, violently right now!",emergency
"A group of people found a uncontrolled leak in the bridge, unexpectedly near my house!",medium
"A shopkeeper found a strange power outage in the construction site, violently in the middle of the night!",severe
"A police officer hear a sudden power outage in the store, rapidly right now!",low
"There’s a missing and severe drowning in the bridge, frantically causing a huge mess!",high
"A shopkeeper hear a loud shooting in the factory, loudly and it’s getting worse!",low
"There’s a abandoned and rapid earthquake in the apartment, frantically that’s blocking traffic!",high
"Someone found a intense robbery at the school, rapidly in the middle of the night!",low
"A stranger hear a terrifying shooting in the bridge, unexpectedly in the middle of the night!",low
"There’s a vandalized and chaotic riot on the school, rapidly causing a huge mess!",low
"A police officer found a chaotic power outage on the store, loudly and people are panicking!",high
"A cyclist see a intense roadblock in the highway, dangerously and people are panicking!",medium
"A driver hear a horrible landslide at the stadium, unexpectedly right now!",low
"Someone found a chaotic earthquake on the school, violently in the middle of the night!",critical
"There’s a lost and chaotic vandalism in the store, quickly with no one helping!",life-threatening
"There’s a trapped and severe shooting in the hospital, frantically that’s blocking traffic!",high
"There’s a stuck and rapid power outage on the construction site, suddenly causing a huge mess!",severe
"A passenger see a chaotic crash at the store, quickly and people are panicking!",critical
"There’s a broken and loud shooting in the subway, urgently that’s blocking traffic!",low
"There’s a abandoned and dangerous explosion at the hospital, frantically and it’s getting worse!",emergency
"There’s a malfunctioning and massive flood on the subway, quickly right now!",low
"My neighbor found a strange crash at the alley, loudly causing a huge mess!",high
"A dog see a massive flood on the stadium, unexpectedly near my house!",high
"There’s a vandalized and uncontrolled flood on the bridge, urgently and it’s getting worse!",high
"There’s a malfunctioning and dangerous flood at the stadium, suddenly in the middle of the night!",high
"There’s a missing and dangerous earthquake on the subway, violently in the middle of the night!",low
"A police officer see a unexpected power outage on the hospital, dangerously right now!",high
"A driver found a unexpected roadblock at the highway, unexpectedly and it’s getting worse!",high
"There’s a vandalized and uncontrolled explosion on the construction site, quickly that’s blocking traffic!",life-threatening
"There’s a trapped and rapid medical emergency on the construction site, rapidly and people are panicking!",high
"There’s a missing and loud fight at the park, urgently causing a huge mess!",high
"A cat hear a sudden flood on the factory, violently that’s blocking traffic!",high
"There’s a freezing and terrifying drowning in the hospital, unexpectedly causing a huge mess!",medium
"There’s a lost and strange crash at the park, rapidly and people are panicking!",low
"There’s a lost and chaotic fight at the bridge, dangerously right now!",low
"A group of people hear a massive fire at the factory, violently causing a huge mess!",medium
"There’s a trapped and loud gas leak in the store, suddenly and people are panicking!",severe
"A cat found a severe gas leak on the shopping mall, suddenly and it’s getting worse!",low
"There’s a suffocating and massive fight in the stadium, unexpectedly in the middle of the night!",medium
"An old man hear a terrifying assault on the street, loudly near my house!",medium
"A police officer found a uncontrolled leak in the bridge, loudly near my house!",high
"There’s a lost and severe gas leak on the highway, rapidly with no one helping!",medium
"A dog found a unexpected assault on the apartment, rapidly right now!",alert
"There’s a unconscious and unexpected medical emergency at the house, frantically right now!",high
"There’s a hurt and severe roadblock in the subway, unexpectedly causing a huge mess!",high
"There’s a suffocating and chaotic drowning on the beach, unexpectedly and people are panicking!",low
"There’s a abandoned and unexpected gas leak at the hospital, dangerously with no one helping!",medium
"There’s a hijacked and massive assault at the subway, violently causing a huge mess!",high
"Someone see a massive gas leak on the store, dangerously in the middle of the night!",high
"There’s a unstable and unexpected explosion in the hospital, quickly and people are panicking!",low
"There’s a malfunctioning and terrifying robbery on the tunnel, loudly causing a huge mess!",medium
"There’s a trapped and dangerous medical emergency in the parking lot, unexpectedly with no one helping!",medium
"There’s a drowning and severe assault on the beach, violently in the middle of the night!",alert
"There’s a stuck and unexpected roadblock at the office building, rapidly near my house!",high
"A firefighter see a unexpected flood at the school, dangerously and people are panicking!",immediate
"There’s a hurt and chaotic leak in the stadium, urgently and people are panicking!",high
"A driver found a dangerous shooting on the shopping mall, urgently in the middle of the night!",high
"There’s a suffocating and severe power outage at the construction site, frantically and it’s getting worse!",medium
"A firefighter see a terrifying vandalism on the store, frantically and people are panicking!",medium
"A police officer see a unexpected earthquake on the tunnel, quickly with no one helping!",medium
"There’s a missing and dangerous fight in the factory, unexpectedly with no one helping!",medium
"My neighbor see a unexpected gas leak on the school, loudly in the middle of the night!",low
"There’s a stuck and massive shooting on the store, loudly in the middle of the night!",low
"A group of people hear a sudden earthquake at the bridge, dangerously and people are panicking!",medium
"There’s a bleeding and dangerous explosion on the subway, violently near my house!",medium
"A woman see a loud vandalism on the construction site, frantically in the middle of the night!",high
"There’s a freezing and dangerous drowning in the street, suddenly right now!",medium
"An old man found a terrifying scream in the shopping mall, quickly with no one helping!",medium
"A passenger see a strange shooting on the apartment, urgently and people are panicking!",medium
"A kid see a rapid landslide on the factory, urgently right now!",low
"There’s a hijacked and uncontrolled scream at the highway, frantically right now!",medium
"A cat hear a sudden flood at the store, suddenly right now!",high
"There’s a lost and sudden drowning at the highway, frantically that’s blocking traffic!",low
"There’s a missing and loud leak in the office building, urgently with no one helping!",emergency
"There’s a stuck and strange landslide on the bridge, dangerously causing a huge mess!",alert
"There’s a unconscious and dangerous assault in the shopping mall, violently and people are panicking!",medium
"My neighbor found a loud drowning at the house, quickly and it’s getting worse!",high
"There’s a missing and unexpected landslide on the factory, unexpectedly right now!",alert
"I found a severe landslide at the apartment, dangerously in the middle of the night!",medium
"There’s a unstable and severe roadblock in the parking lot, loudly in the middle of the night!",low
"There’s a missing and strange shooting in the stadium, dangerously that’s blocking traffic!",medium
"There’s a freezing and uncontrolled leak in the house, dangerously causing a huge mess!",low
"A driver see a sudden flood on the store, suddenly that’s blocking traffic!",medium
"A passenger see a chaotic gas leak in the tunnel, dangerously with no one helping!",immediate
"A shopkeeper found a severe vandalism at the construction site, loudly and people are panicking!",critical
"There’s a hijacked and sudden scream on the store, loudly in the middle of the night!",medium
"There’s a missing and loud fight at the beach, rapidly and it’s getting worse!",high
"A firefighter hear a horrible shooting on the house, suddenly right now!",high
"There’s a burning and uncontrolled gas leak at the house, violently near my house!",severe
"An old man found a horrible vandalism on the park, violently and people are panicking!",emergency
"There’s a unstable and uncontrolled shooting at the shopping mall, suddenly near my house!",low
"A student see a rapid landslide on the parking lot, loudly and it’s getting worse!",medium
"There’s a suffocating and intense shooting in the bridge, frantically that’s blocking traffic!",low
"A shopkeeper hear a loud vandalism in the office building, urgently that’s blocking traffic!",life-threatening
"There’s a stuck and severe roadblock in the house, urgently with no one helping!",medium
"There’s a collapsing and rapid fire on the house, loudly near my house!",low
"A cyclist hear a unexpected fire in the park, dangerously that’s blocking traffic!",high
"There’s a unconscious and rapid crash on the highway, quickly with no one helping!",high
"There’s a missing and loud gas leak in the shopping mall, unexpectedly and it’s getting worse!",medium
"Someone see a loud fight on the alley, suddenly and it’s getting worse!",high
"There’s a malfunctioning and rapid riot at the school, rapidly causing a huge mess!",high
"Someone hear a unexpected fire in the apartment, rapidly right now!",medium
"There’s a missing and unexpected fight in the factory, frantically right now!",medium
"There’s a missing and terrifying shooting at the construction site, suddenly right now!",medium
"There’s a burning and intense landslide at the street, quickly and people are panicking!",alert
"Someone see a loud vandalism in the factory, violently that’s blocking traffic!",medium
"There’s a abandoned and dangerous riot at the alley, dangerously causing a huge mess!",life-threatening
"There’s a trapped and intense explosion at the store, rapidly near my house!",high
"There’s a suffocating and intense flood on the school, frantically right now!",immediate
"A child see a loud robbery in the school, quickly right now!",high
"There’s a vandalized and sudden leak at the school, quickly with no one helping!",emergency
"A kid found a sudden flood on the highway, violently in the middle of the night!",medium
"There’s a lost and strange medical emergency at the office building, suddenly near my house!",medium
"A shopkeeper hear a chaotic gas leak at the construction site, frantically near my house!",low
"A group of people see a severe landslide in the shopping mall, urgently in the middle of the night!",medium
"Someone found a loud power outage on the tunnel, quickly causing a huge mess!",medium
"A student see a dangerous flood in the alley, quickly that’s blocking traffic!",high
"There’s a drowning and loud vandalism in the house, dangerously in the middle of the night!",low
"A police officer hear a unexpected robbery on the construction site, loudly and it’s getting worse!",immediate
"There’s a burning and uncontrolled flood in the highway, quickly causing a huge mess!",severe
"A woman hear a sudden leak at the street, rapidly near my house!",high
"A firefighter hear a massive explosion at the construction site, violently in the middle of the night!",high
"There’s a abandoned and unexpected fight on the parking lot, unexpectedly and people are panicking!",high
"There’s a vandalized and rapid drowning at the tunnel, quickly right now!",high
"There’s a hurt and massive leak at the subway, rapidly causing a huge mess!",low
"A cat see a rapid power outage at the bridge, quickly causing a huge mess!",low
"There’s a lost and strange assault on the highway, suddenly near my house!",medium
"There’s a unstable and sudden power outage on the apartment, violently right now!",high
"A child hear a uncontrolled drowning in the park, frantically with no one helping!",emergency
"There’s a stuck and horrible robbery on the hospital, frantically right now!",emergency
"A shopkeeper hear a strange fire at the house, rapidly with no one helping!",immediate
"There’s a hijacked and horrible flood on the parking lot, dangerously near my house!",medium
"A dog found a sudden vandalism at the bridge, violently and it’s getting worse!",medium
"There’s a trapped and uncontrolled assault at the highway, frantically with no one helping!",low
"There’s a hijacked and massive power outage in the house, violently in the middle of the night!",low
"There’s a burning and rapid assault on the construction site, frantically causing a huge mess!",alert
"An old man found a unexpected shooting in the construction site, quickly right now!",medium
"A driver hear a strange crash in the house, suddenly and it’s getting worse!",alert
"There’s a abandoned and strange vandalism on the tunnel, unexpectedly causing a huge mess!",medium
"A stranger see a horrible earthquake in the park, frantically near my house!",high
"A driver found a intense earthquake at the bridge, frantically in the middle of the night!",emergency
"There’s a abandoned and loud landslide on the office building, urgently near my house!",life-threatening
"A firefighter hear a intense landslide at the house, quickly near my house!",high
"There’s a bleeding and intense crash at the alley, unexpectedly in the middle of the night!",medium
"There’s a burning and loud roadblock in the subway, dangerously and people are panicking!",severe
"A firefighter found a uncontrolled scream on the apartment, urgently and people are panicking!",medium
"A child hear a terrifying flood at the alley, urgently that’s blocking traffic!",critical
"A cat found a chaotic assault in the street, violently near my house!",severe
"There’s a malfunctioning and uncontrolled flood at the store, dangerously near my house!",medium
"A driver found a unexpected scream on the park, suddenly and it’s getting worse!",medium
"I found a loud medical emergency in the stadium, unexpectedly with no one helping!",high
"A passenger found a terrifying fire at the hospital, frantically and people are panicking!",medium
"An old man found a uncontrolled explosion on the construction site, frantically that’s blocking traffic!",high
"There’s a stuck and sudden riot in the construction site, frantically with no one helping!",high
"I found a loud medical emergency at the construction site, frantically that’s blocking traffic!",emergency
"A cat found a unexpected shooting at the school, loudly with no one helping!",high
"There’s a hijacked and uncontrolled robbery at the street, unexpectedly causing a huge mess!",severe
"An old man hear a loud crash in the tunnel, quickly near my house!",medium
"Someone see a rapid shooting at the street, frantically causing a huge mess!",low
"There’s a broken and terrifying crash on the alley, violently and it’s getting worse!",high
"There’s a trapped and rapid earthquake in the apartment, violently right now!",high
"There’s a unstable and massive medical emergency in the park, rapidly and it’s getting worse!",alert
"There’s a unstable and horrible gas leak at the construction site, violently right now!",low
"There’s a hijacked and intense roadblock in the stadium, loudly and people are panicking!",high
"There’s a abandoned and intense vandalism in the school, loudly that’s blocking traffic!",low
"I see a unexpected gas leak on the tunnel, violently in the middle of the night!",life-threatening
"Someone see a horrible flood at the alley, urgently with no one helping!",emergency
"A police officer hear a dangerous crash in the factory, dangerously and it’s getting worse!",high
"There’s a hurt and chaotic power outage in the house, violently near my house!",severe
"A student see a terrifying landslide in the factory, urgently that’s blocking traffic!",emergency
"A cat hear a loud vandalism on the apartment, violently and it’s getting worse!",emergency
"A passenger see a uncontrolled drowning on the beach, quickly right now!",low
"There’s a vandalized and uncontrolled roadblock at the hospital, suddenly that’s blocking traffic!",immediate
"A dog found a uncontrolled landslide on the parking lot, urgently causing a huge mess!",medium
"A driver hear a terrifying roadblock in the beach, dangerously right now!",medium
"There’s a bleeding and uncontrolled explosion on the parking lot, rapidly causing a huge mess!",medium
"My neighbor found a uncontrolled leak in the shopping mall, suddenly in the middle of the night!",medium
"A police officer see a rapid shooting at the bridge, rapidly near my house!",low
"There’s a unstable and chaotic fire on the bridge, violently that’s blocking traffic!",alert
"There’s a hijacked and severe fire in the office building, quickly near my house!",medium
"There’s a drowning and unexpected fight at the bridge, rapidly and it’s getting worse!",life-threatening
"There’s a bleeding and uncontrolled vandalism at the subway, unexpectedly and people are panicking!",medium
"A police officer found a chaotic fire at the tunnel, suddenly causing a huge mess!",emergency
"There’s a collapsing and intense robbery in the alley, suddenly right now!",emergency
"I see a rapid riot at the bridge, rapidly in the middle of the night!",critical
"I hear a uncontrolled scream on the tunnel, loudly and it’s getting worse!",medium
"There’s a lost and intense gas leak in the beach, quickly in the middle of the night!",low
"There’s a broken and intense roadblock on the parking lot, urgently and it’s getting worse!",medium
"A child found a chaotic crash on the store, rapidly and people are panicking!",alert
"A police officer found a terrifying explosion on the shopping mall, frantically and it’s getting worse!",severe
"There’s a freezing and sudden scream at the house, loudly causing a huge mess!",medium
"There’s a trapped and severe scream in the subway, frantically and people are panicking!",medium
"A woman found a dangerous power outage on the construction site, dangerously causing a huge mess!",medium
"There’s a abandoned and unexpected roadblock on the park, suddenly causing a huge mess!",low
"There’s a trapped and severe leak on the highway, urgently near my house!",high
"A stranger hear a severe flood at the house, urgently and it’s getting worse!",immediate
"There’s a stuck and terrifying crash at the beach, dangerously that’s blocking traffic!",low
"There’s a vandalized and unexpected landslide at the factory, urgently and it’s getting worse!",high
"A passenger hear a massive earthquake on the beach, loudly that’s blocking traffic!",emergency
"A group of people see a terrifying robbery on the house, loudly near my house!",critical
"There’s a drowning and massive gas leak on the factory, suddenly that’s blocking traffic!",low
"There’s a unconscious and severe drowning at the parking lot, violently right now!",emergency
"There’s a malfunctioning and massive robbery on the parking lot, violently with no one helping!",medium
"There’s a freezing and unexpected fight in the apartment, urgently and it’s getting worse!",alert
"There’s a drowning and uncontrolled roadblock in the shopping mall, quickly in the middle of the night!",low
"There’s a broken and rapid roadblock in the office building, violently causing a huge mess!",medium
"There’s a hurt and sudden crash in the park, violently and it’s getting worse!",alert
"There’s a broken and strange robbery at the stadium, quickly near my house!",medium
"A driver hear a horrible flood in the store, quickly and it’s getting worse!",high
"My neighbor see a terrifying scream on the shopping mall, frantically near my house!",critical
"There’s a burning and rapid fight in the school, quickly right now!",high
"There’s a freezing and uncontrolled assault at the house, loudly near my house!",low
"There’s a bleeding and massive assault at the tunnel, dangerously causing a huge mess!",medium
"There’s a lost and chaotic earthquake in the house, quickly right now!",high
"My neighbor see a sudden scream at the construction site, unexpectedly right now!",high
"A dog see a loud shooting on the stadium, urgently causing a huge mess!",life-threatening
"There’s a bleeding and massive leak in the store, suddenly that’s blocking traffic!",life-threatening
"There’s a trapped and unexpected roadblock on the stadium, dangerously and people are panicking!",high
"A child see a massive flood on the construction site, dangerously right now!",critical
"There’s a suffocating and intense assault in the office building, suddenly right now!",high
"There’s a malfunctioning and dangerous leak on the factory, quickly with no one helping!",immediate
"There’s a drowning and loud vandalism in the school, rapidly and people are panicking!",life-threatening
"A dog found a strange fight at the parking lot, frantically and it’s getting worse!",emergency
"A child hear a unexpected drowning on the highway, suddenly and it’s getting worse!",medium
"A group of people hear a unexpected gas leak in the shopping mall, violently with no one helping!",medium
"There’s a bleeding and strange roadblock at the school, unexpectedly and it’s getting worse!",high
"There’s a malfunctioning and chaotic fight at the factory, dangerously with no one helping!",high
"A student see a severe flood in the tunnel, dangerously that’s blocking traffic!",low
"My neighbor see a uncontrolled fire in the alley, unexpectedly and people are panicking!",critical
"A passenger see a dangerous scream in the alley, suddenly near my house!",high
"There’s a hijacked and uncontrolled fire in the parking lot, suddenly with no one helping!",medium
"A group of people hear a unexpected robbery at the stadium, suddenly near my house!",immediate
"There’s a freezing and unexpected vandalism on the tunnel, loudly right now!",high
"There’s a bleeding and sudden assault on the hospital, rapidly right now!",medium
"A cyclist hear a loud leak at the factory, frantically causing a huge mess!",medium
"Someone hear a loud landslide on the house, suddenly and it’s getting worse!",high
"There’s a hijacked and severe power outage at the highway, quickly with no one helping!",immediate
"There’s a unstable and severe assault at the beach, dangerously and it’s getting worse!",medium
"A cyclist hear a strange riot in the highway, loudly that’s blocking traffic!",medium
"There’s a lost and horrible riot on the hospital, quickly in the middle of the night!",medium
"There’s a vandalized and unexpected assault on the factory, loudly right now!",life-threatening
"A driver found a strange vandalism at the office building, unexpectedly with no one helping!",critical
"A firefighter hear a dangerous drowning at the bridge, loudly that’s blocking traffic!",medium
"There’s a broken and strange fight in the hospital, quickly causing a huge mess!",medium
"There’s a malfunctioning and intense earthquake in the highway, unexpectedly and it’s getting worse!",medium
"There’s a suffocating and horrible gas leak at the alley, urgently and people are panicking!",low
"A dog see a rapid explosion in the beach, dangerously and people are panicking!",medium
"There’s a collapsing and rapid medical emergency in the beach, violently and it’s getting worse!",low
"An old man see a dangerous riot at the highway, dangerously that’s blocking traffic!",immediate
"There’s a unconscious and intense drowning at the tunnel, quickly that’s blocking traffic!",alert
"An old man see a horrible scream at the tunnel, quickly right now!",low
"A cyclist hear a rapid assault on the store, dangerously that’s blocking traffic!",life-threatening
"There’s a collapsing and unexpected explosion on the stadium, quickly that’s blocking traffic!",low
"There’s a missing and severe gas leak in the tunnel, urgently and it’s getting worse!",medium
"A shopkeeper see a dangerous fight in the alley, frantically in the middle of the night!",severe
"Someone found a sudden riot in the office building, loudly near my house!",low
"A group of people see a uncontrolled fire on the parking lot, dangerously near my house!",emergency
"A passenger hear a intense leak on the stadium, quickly near my house!",severe
"There’s a malfunctioning and horrible leak on the store, quickly near my house!",medium
"A police officer see a rapid assault on the school, loudly with no one helping!",immediate
"There’s a unconscious and horrible robbery on the tunnel, unexpectedly that’s blocking traffic!",medium
"My neighbor found a unexpected shooting at the subway, suddenly right now!",low
"There’s a hijacked and sudden fight on the alley, suddenly that’s blocking traffic!",low
"There’s a suffocating and dangerous gas leak in the factory, rapidly in the middle of the night!",low
"A student hear a uncontrolled assault in the house, quickly and it’s getting worse!",alert
"A child found a chaotic medical emergency on the beach, violently near my house!",alert
"There’s a drowning and severe power outage at the house, dangerously and it’s getting worse!",medium
"There’s a lost and horrible roadblock on the school, quickly in the middle of the night!",high
"There’s a bleeding and rapid medical emergency at the subway, frantically in the middle of the night!",alert
"There’s a stuck and sudden assault in the beach, suddenly near my house!",high
"A police officer hear a unexpected earthquake in the bridge, frantically near my house!",immediate
"A firefighter found a strange vandalism on the office building, dangerously and it’s getting worse!",low
"There’s a trapped and intense robbery in the parking lot, dangerously that’s blocking traffic!",medium
"There’s a freezing and strange fight in the highway, loudly causing a huge mess!",high
"There’s a stuck and strange medical emergency at the house, rapidly and people are panicking!",low
"There’s a broken and chaotic fight at the parking lot, suddenly with no one helping!",medium
"A stranger found a rapid power outage at the school, violently right now!",low
"There’s a burning and chaotic gas leak on the shopping mall, urgently and it’s getting worse!",medium
"There’s a malfunctioning and intense explosion at the street, unexpectedly and people are panicking!",low
"There’s a collapsing and severe power outage at the highway, dangerously right now!",medium
"A cyclist see a sudden drowning at the hospital, unexpectedly causing a huge mess!",low
"I found a intense power outage on the park, unexpectedly that’s blocking traffic!",medium
"A firefighter found a horrible fight at the highway, loudly near my house!",life-threatening
"A kid hear a severe explosion in the school, unexpectedly with no one helping!",medium
"A group of people see a rapid medical emergency at the highway, urgently and it’s getting worse!",high
"A child see a intense leak at the parking lot, violently near my house!",high
"There’s a lost and uncontrolled assault on the hospital, unexpectedly and it’s getting worse!",life-threatening
"There’s a trapped and strange explosion at the highway, quickly and it’s getting worse!",critical
"There’s a missing and unexpected crash on the apartment, loudly near my house!",emergency
"A cyclist found a massive medical emergency at the shopping mall, quickly and people are panicking!",medium
"A police officer see a rapid vandalism at the factory, quickly with no one helping!",emergency
"There’s a trapped and loud earthquake in the factory, unexpectedly in the middle of the night!",medium
"There’s a abandoned and massive roadblock on the apartment, violently and people are panicking!",emergency
"A shopkeeper found a rapid shooting at the hospital, rapidly near my house!",critical
"There’s a freezing and massive shooting in the stadium, unexpectedly that’s blocking traffic!",severe
"There’s a missing and strange roadblock in the stadium, suddenly and it’s getting worse!",high
"There’s a bleeding and terrifying shooting in the construction site, quickly and it’s getting worse!",high
"A stranger hear a chaotic explosion in the beach, loudly near my house!",high
"There’s a bleeding and strange flood in the stadium, frantically that’s blocking traffic!",high
"There’s a bleeding and chaotic power outage in the alley, frantically in the middle of the night!",immediate
"There’s a stuck and horrible earthquake at the street, dangerously and it’s getting worse!",critical
"My neighbor see a strange earthquake on the hospital, urgently and it’s getting worse!",medium
"A firefighter found a massive power outage on the stadium, quickly that’s blocking traffic!",low
"There’s a freezing and horrible scream in the store, violently and people are panicking!",medium
"There’s a stuck and uncontrolled roadblock in the apartment, quickly with no one helping!",medium
"There’s a missing and unexpected fight in the parking lot, violently near my house!",high
"There’s a suffocating and strange drowning in the stadium, dangerously and it’s getting worse!",high
"A woman see a massive drowning on the highway, urgently that’s blocking traffic!",medium
"A firefighter found a severe assault at the factory, loudly and people are panicking!",severe
"A cat found a sudden fight at the hospital, quickly near my house!",medium
"A dog found a intense earthquake in the office building, rapidly with no one helping!",high
"A driver hear a severe robbery at the apartment, rapidly that’s blocking traffic!",medium
"There’s a missing and sudden crash in the school, loudly and it’s getting worse!",low
"There’s a stuck and chaotic flood at the school, rapidly that’s blocking traffic!",low
"There’s a freezing and unexpected shooting at the street, loudly in the middle of the night!",critical
"A student found a rapid scream on the bridge, frantically near my house!",emergency
"There’s a collapsing and uncontrolled shooting in the beach, loudly with no one helping!",low
"There’s a collapsing and severe explosion in the bridge, rapidly right now!",high
"A cat found a rapid earthquake on the factory, unexpectedly right now!",high
"A police officer found a dangerous leak at the tunnel, unexpectedly with no one helping!",low
"There’s a hijacked and strange riot at the factory, dangerously in the middle of the night!",alert
"A passenger see a terrifying crash on the apartment, violently that’s blocking traffic!",medium
"A firefighter see a dangerous shooting at the apartment, loudly in the middle of the night!",medium
"There’s a unstable and horrible power outage in the house, frantically and it’s getting worse!",critical
"There’s a suffocating and terrifying assault in the alley, rapidly right now!",high
"My neighbor found a dangerous power outage at the park, dangerously with no one helping!",medium
"There’s a freezing and severe medical emergency on the store, loudly near my house!",emergency
"An old man hear a uncontrolled scream on the shopping mall, unexpectedly with no one helping!",life-threatening
"A driver hear a terrifying scream at the tunnel, suddenly causing a huge mess!",medium
"A kid hear a horrible shooting on the tunnel, unexpectedly right now!",critical
"There’s a vandalized and unexpected medical emergency in the office building, suddenly in the middle of the night!",medium
"There’s a hijacked and rapid earthquake on the park, frantically causing a huge mess!",high
"There’s a unstable and severe earthquake in the subway, urgently in the middle of the night!",medium
"There’s a hurt and unexpected roadblock at the street, unexpectedly in the middle of the night!",immediate
"A dog see a uncontrolled fight on the subway, suddenly causing a huge mess!",high
"There’s a vandalized and unexpected gas leak at the highway, violently near my house!",medium
"A passenger hear a rapid robbery on the store, unexpectedly causing a huge mess!",medium
"A dog hear a unexpected landslide at the bridge, dangerously that’s blocking traffic!",medium
"There’s a bleeding and dangerous earthquake on the alley, urgently right now!",low
"My neighbor see a chaotic explosion at the office building, loudly with no one helping!",low
"There’s a hurt and uncontrolled explosion at the alley, violently that’s blocking traffic!",medium
"There’s a collapsing and massive fire at the hospital, suddenly that’s blocking traffic!",high
"There’s a unstable and rapid riot on the highway, urgently that’s blocking traffic!",high
"There’s a broken and dangerous roadblock on the school, suddenly in the middle of the night!",severe
"There’s a drowning and loud landslide in the parking lot, quickly in the middle of the night!",severe
"There’s a vandalized and unexpected fight on the shopping mall, violently that’s blocking traffic!",high
"There’s a hijacked and intense assault in the tunnel, violently with no one helping!",critical
"A cat see a massive earthquake on the bridge, loudly right now!",immediate
"A student found a severe vandalism in the construction site, loudly and people are panicking!",medium
"An old man hear a terrifying vandalism on the school, loudly in the middle of the night!",high
"A driver found a sudden earthquake at the school, unexpectedly causing a huge mess!",low
"A student see a strange robbery on the street, unexpectedly and people are panicking!",medium
"There’s a freezing and strange medical emergency in the store, rapidly near my house!",high
"There’s a abandoned and horrible medical emergency at the store, urgently causing a huge mess!",low
"Someone see a horrible explosion in the street, loudly that’s blocking traffic!",life-threatening
"There’s a bleeding and strange power outage at the street, unexpectedly in the middle of the night!",medium
"A group of people hear a uncontrolled roadblock at the hospital, unexpectedly and it’s getting worse!",medium
"A driver found a horrible leak in the parking lot, suddenly and people are panicking!",medium
"A group of people found a unexpected scream at the school, frantically and people are panicking!",immediate
"There’s a trapped and unexpected riot on the park, rapidly near my house!",immediate
"A student see a loud vandalism in the store, quickly with no one helping!",critical
"A police officer see a intense assault in the hospital, frantically causing a huge mess!",low
"A stranger see a strange robbery in the highway, violently right now!",low
"There’s a vandalized and intense riot at the bridge, suddenly in the middle of the night!",alert
"There’s a vandalized and unexpected robbery in the parking lot, dangerously causing a huge mess!",medium
"There’s a lost and unexpected roadblock on the store, urgently near my house!",emergency
"Someone found a terrifying drowning at the store, urgently that’s blocking traffic!",high
"There’s a hurt and loud medical emergency in the shopping mall, frantically causing a huge mess!",immediate
"There’s a missing and horrible fire on the highway, quickly that’s blocking traffic!",medium
"There’s a stuck and horrible landslide at the bridge, quickly and people are panicking!",low
"There’s a freezing and sudden fight in the school, loudly that’s blocking traffic!",emergency
"There’s a drowning and uncontrolled medical emergency at the school, urgently in the middle of the night!",severe
"There’s a lost and intense drowning at the hospital, quickly with no one helping!",low
"My neighbor found a severe scream at the alley, urgently right now!",emergency
"A kid found a terrifying assault in the parking lot, quickly that’s blocking traffic!",medium
"A police officer hear a sudden shooting in the parking lot, urgently near my house!",medium
"There’s a abandoned and sudden robbery in the hospital, unexpectedly that’s blocking traffic!",high
"A student hear a rapid fire in the street, quickly with no one helping!",emergency
"Someone see a loud shooting on the subway, loudly and it’s getting worse!",medium
"There’s a unconscious and intense fight in the construction site, dangerously that’s blocking traffic!",medium
"There’s a unstable and sudden roadblock on the factory, urgently with no one helping!",alert
"There’s a unstable and sudden gas leak at the construction site, unexpectedly near my house!",medium
"A police officer found a dangerous medical emergency at the stadium, urgently right now!",low
"Someone hear a strange robbery on the park, loudly right now!",alert
"There’s a collapsing and sudden fight on the apartment, violently causing a huge mess!",medium
"There’s a unconscious and chaotic flood on the store, suddenly with no one helping!",low
"There’s a unconscious and uncontrolled assault at the school, quickly right now!",low
"There’s a drowning and rapid landslide at the park, suddenly that’s blocking traffic!",immediate
"Someone hear a intense riot at the shopping mall, dangerously near my house!",low
"There’s a freezing and intense gas leak at the street, urgently right now!",medium
"A group of people found a unexpected riot at the highway, frantically with no one helping!",low
"There’s a hijacked and chaotic power outage at the stadium, unexpectedly near my house!",medium
"There’s a freezing and loud riot at the factory, unexpectedly that’s blocking traffic!",medium
"There’s a broken and strange medical emergency on the alley, suddenly causing a huge mess!",medium
"There’s a bleeding and loud landslide in the apartment, rapidly and it’s getting worse!",critical
"There’s a broken and strange robbery at the bridge, frantically causing a huge mess!",life-threatening
"There’s a unconscious and chaotic vandalism at the stadium, urgently causing a huge mess!",high
"There’s a broken and dangerous drowning in the school, urgently that’s blocking traffic!",medium
"A firefighter found a unexpected medical emergency on the subway, violently and people are panicking!",critical
"There’s a lost and chaotic leak in the factory, dangerously in the middle of the night!",critical
"A passenger found a massive power outage on the shopping mall, loudly right now!",immediate
"A group of people see a unexpected robbery at the shopping mall, frantically causing a huge mess!",low
"There’s a stuck and rapid fire on the store, urgently with no one helping!",alert
"Someone found a loud shooting in the construction site, frantically causing a huge mess!",low
"There’s a vandalized and terrifying riot at the store, suddenly that’s blocking traffic!",alert
"A dog see a intense earthquake at the school, dangerously with no one helping!",severe
"I see a horrible leak in the hospital, urgently and people are panicking!",low
"There’s a trapped and sudden flood in the hospital, violently near my house!",low
"A passenger see a severe vandalism on the beach, dangerously in the middle of the night!",severe
"Someone see a horrible drowning in the school, violently and it’s getting worse!",critical
"A passenger hear a horrible drowning on the alley, dangerously that’s blocking traffic!",high
"A shopkeeper see a intense drowning in the office building, dangerously and people are panicking!",life-threatening
"A stranger see a massive robbery in the street, urgently and it’s getting worse!",medium
"There’s a vandalized and intense explosion in the factory, quickly that’s blocking traffic!",critical
"A passenger see a uncontrolled earthquake in the house, frantically with no one helping!",high
"A kid found a terrifying power outage at the highway, frantically in the middle of the night!",low
"A dog see a horrible explosion at the alley, unexpectedly right now!",medium
"There’s a bleeding and chaotic assault in the store, urgently and it’s getting worse!",emergency
"An old man see a intense gas leak on the parking lot, loudly in the middle of the night!",alert
"There’s a unstable and intense crash on the tunnel, loudly right now!",immediate
"My neighbor found a unexpected roadblock in the beach, loudly that’s blocking traffic!",alert
"There’s a stuck and loud fight in the office building, unexpectedly and it’s getting worse!",high
"A police officer found a chaotic fire at the tunnel, dangerously that’s blocking traffic!",low
"A police officer hear a chaotic crash in the hospital, loudly with no one helping!",high
"A woman hear a chaotic explosion in the stadium, frantically with no one helping!",critical
"There’s a collapsing and severe explosion in the house, frantically in the middle of the night!",immediate
"A cyclist found a uncontrolled roadblock on the school, unexpectedly right now!",medium
"A stranger found a strange drowning on the apartment, dangerously with no one helping!",life-threatening
"There’s a lost and loud explosion in the hospital, frantically and people are panicking!",medium
"A police officer see a intense landslide on the alley, frantically right now!",medium
"A driver found a unexpected scream on the factory, dangerously with no one helping!",medium
"There’s a lost and intense roadblock at the house, loudly and people are panicking!",medium
"My neighbor see a loud flood at the stadium, unexpectedly and it’s getting worse!",alert
"There’s a unstable and sudden fight in the alley, dangerously in the middle of the night!",medium
"There’s a stuck and massive drowning in the apartment, unexpectedly and it’s getting worse!",emergency
"There’s a hijacked and severe assault at the subway, quickly right now!",high
"A dog hear a chaotic robbery in the construction site, loudly and it’s getting worse!",low
"A kid hear a terrifying fight at the beach, dangerously and it’s getting worse!",severe
"Someone see a sudden roadblock at the stadium, suddenly in the middle of the night!",medium
"A passenger found a rapid fight in the hospital, rapidly in the middle of the night!",high
"I found a rapid leak at the parking lot, urgently causing a huge mess!",medium
"There’s a hijacked and loud gas leak in the shopping mall, loudly and it’s getting worse!",medium
"A passenger see a massive drowning at the stadium, unexpectedly with no one helping!",immediate
"A dog hear a uncontrolled roadblock at the street, frantically and people are panicking!",severe
"There’s a freezing and terrifying gas leak in the apartment, dangerously and it’s getting worse!",low
"There’s a hijacked and severe riot at the subway, suddenly and people are panicking!",medium
"There’s a lost and massive power outage at the house, loudly right now!",medium
"There’s a collapsing and sudden robbery on the house, frantically with no one helping!",high
"There’s a burning and intense power outage in the alley, quickly that’s blocking traffic!",high
"There’s a hurt and loud flood at the tunnel, urgently right now!",emergency
"I found a severe assault in the factory, suddenly with no one helping!",medium
"I see a unexpected roadblock in the parking lot, unexpectedly in the middle of the night!",medium
"There’s a unstable and terrifying landslide in the shopping mall, loudly that’s blocking traffic!",emergency
"There’s a missing and rapid gas leak at the parking lot, quickly with no one helping!",severe
"There’s a hurt and horrible vandalism at the apartment, unexpectedly with no one helping!",medium
"There’s a suffocating and loud assault in the office building, violently and it’s getting worse!",low
"A stranger found a uncontrolled shooting at the bridge, dangerously causing a huge mess!",critical
"There’s a abandoned and chaotic vandalism on the street, suddenly right now!",immediate
"There’s a suffocating and terrifying flood on the beach, violently that’s blocking traffic!",medium
"There’s a freezing and uncontrolled vandalism on the street, violently near my house!",immediate
"I see a dangerous drowning at the alley, dangerously causing a huge mess!",medium
"There’s a unstable and sudden vandalism at the store, urgently with no one helping!",emergency
"There’s a malfunctioning and uncontrolled vandalism on the shopping mall, violently with no one helping!",low
"An old man hear a massive landslide on the apartment, suddenly in the middle of the night!",high
"There’s a collapsing and chaotic roadblock on the house, suddenly and people are panicking!",critical
"There’s a broken and chaotic riot at the parking lot, urgently in the middle of the night!",critical
"Someone hear a severe medical emergency in the construction site, quickly right now!",low
"There’s a burning and sudden explosion on the hospital, quickly right now!",low
"There’s a missing and chaotic fire on the office building, rapidly and people are panicking!",life-threatening
"There’s a unconscious and unexpected vandalism in the office building, suddenly right now!",low
"A student hear a chaotic robbery at the school, violently with no one helping!",high
"There’s a missing and terrifying roadblock on the hospital, urgently in the middle of the night!",emergency
"A cat found a chaotic vandalism in the apartment, loudly with no one helping!",low
"There’s a trapped and massive leak at the house, quickly and people are panicking!",medium
"There’s a malfunctioning and unexpected explosion on the hospital, quickly near my house!",medium
"There’s a unstable and loud earthquake at the street, urgently and people are panicking!",high
"There’s a malfunctioning and massive leak at the alley, dangerously and people are panicking!",medium
"There’s a abandoned and sudden gas leak in the factory, rapidly with no one helping!",medium
"There’s a bleeding and uncontrolled assault at the alley, rapidly with no one helping!",medium
"There’s a vandalized and terrifying crash in the tunnel, rapidly causing a huge mess!",critical
"There’s a drowning and unexpected fire on the alley, dangerously with no one helping!",alert
"A driver see a unexpected scream on the house, violently near my house!",immediate
"A passenger found a horrible riot in the street, violently right now!",low
"There’s a lost and severe leak on the construction site, unexpectedly causing a huge mess!",high
"There’s a collapsing and intense landslide on the office building, urgently right now!",medium
"There’s a missing and sudden earthquake in the bridge, suddenly causing a huge mess!",low
"A cat see a rapid gas leak on the stadium, rapidly that’s blocking traffic!",critical
"A woman hear a terrifying power outage on the store, suddenly causing a huge mess!",medium
"A passenger found a loud shooting on the apartment, frantically with no one helping!",medium
"A cat hear a massive roadblock in the beach, urgently with no one helping!",high
"There’s a missing and massive scream at the stadium, rapidly that’s blocking traffic!",medium
"There’s a unstable and uncontrolled explosion in the office building, dangerously near my house!",alert
"A passenger hear a terrifying riot in the park, dangerously right now!",alert
"There’s a stuck and terrifying roadblock on the parking lot, dangerously and people are panicking!",life-threatening
"A dog see a massive flood on the subway, loudly that’s blocking traffic!",medium
"A cat found a chaotic leak on the stadium, suddenly that’s blocking traffic!",high
"There’s a burning and strange power outage at the street, dangerously in the middle of the night!",high
"I found a strange gas leak in the shopping mall, urgently and it’s getting worse!",critical
"A passenger see a uncontrolled roadblock on the highway, suddenly right now!",emergency
"A shopkeeper see a unexpected flood in the office building, frantically right now!",medium
"There’s a collapsing and loud vandalism at the highway, dangerously in the middle of the night!",high
"There’s a malfunctioning and chaotic explosion at the house, violently causing a huge mess!",immediate
"A passenger see a rapid vandalism at the bridge, urgently that’s blocking traffic!",critical
"A kid see a terrifying landslide in the highway, urgently in the middle of the night!",low
"There’s a vandalized and intense landslide in the school, suddenly with no one helping!",medium
"There’s a burning and severe earthquake at the office building, suddenly in the middle of the night!",emergency
"There’s a abandoned and severe robbery on the stadium, unexpectedly and it’s getting worse!",low
"A stranger found a intense explosion on the store, suddenly with no one helping!",high
"There’s a burning and rapid drowning on the tunnel, dangerously right now!",medium
"A cyclist see a horrible flood at the shopping mall, violently that’s blocking traffic!",high
"There’s a abandoned and severe riot at the stadium, frantically causing a huge mess!",critical
"There’s a trapped and loud robbery at the bridge, frantically and people are panicking!",high
"There’s a abandoned and terrifying robbery in the construction site, violently near my house!",alert
"There’s a broken and severe flood in the hospital, frantically that’s blocking traffic!",alert
"A passenger found a intense robbery on the park, rapidly that’s blocking traffic!",low
"A firefighter see a unexpected gas leak at the store, loudly with no one helping!",critical
"Someone found a severe shooting in the bridge, suddenly right now!",emergency
"There’s a freezing and dangerous fire in the hospital, unexpectedly causing a huge mess!",immediate
"There’s a hurt and strange crash on the subway, loudly in the middle of the night!",medium
"A group of people see a massive crash on the house, unexpectedly with no one helping!",low
"There’s a drowning and sudden shooting in the alley, loudly and people are panicking!",emergency
"A stranger see a loud fire in the subway, quickly right now!",immediate
"A dog see a horrible medical emergency at the factory, quickly that’s blocking traffic!",alert
"I hear a intense roadblock in the subway, violently and people are panicking!",high
"There’s a lost and sudden scream on the subway, urgently and it’s getting worse!",critical
"A passenger hear a loud shooting at the shopping mall, suddenly and it’s getting worse!",high
"An old man see a horrible landslide in the parking lot, suddenly with no one helping!",medium
"A group of people hear a uncontrolled explosion in the store, violently with no one helping!",high
"A kid see a chaotic power outage in the subway, dangerously and people are panicking!",immediate
"There’s a lost and strange flood in the beach, quickly that’s blocking traffic!",critical
"A student hear a massive shooting at the tunnel, urgently right now!",emergency
"A woman see a intense assault at the tunnel, violently with no one helping!",alert
"An old man see a loud explosion at the stadium, violently and people are panicking!",high
"There’s a lost and unexpected fire at the parking lot, quickly and it’s getting worse!",medium
"There’s a broken and severe fire in the bridge, suddenly right now!",high
"There’s a vandalized and intense fight on the subway, unexpectedly and people are panicking!",medium
"A cyclist see a chaotic gas leak on the apartment, rapidly causing a huge mess!",emergency
"There’s a suffocating and strange scream at the house, unexpectedly with no one helping!",immediate
"A cat see a horrible landslide in the alley, unexpectedly right now!",medium
"There’s a stuck and massive scream on the tunnel, dangerously causing a huge mess!",low
"A driver see a horrible flood at the stadium, urgently causing a huge mess!",immediate
"There’s a unstable and uncontrolled landslide in the house, frantically causing a huge mess!",emergency
"A woman see a loud gas leak at the beach, frantically and people are panicking!",medium
"A stranger see a loud riot in the house, loudly and it’s getting worse!",medium
"Someone found a massive leak on the street, violently with no one helping!",medium
"An old man see a terrifying vandalism on the construction site, suddenly with no one helping!",medium
"There’s a unstable and chaotic power outage at the house, rapidly and people are panicking!",low
"A woman found a uncontrolled riot at the park, unexpectedly and it’s getting worse!",immediate
"A cyclist see a unexpected drowning at the stadium, quickly causing a huge mess!",low
"An old man found a uncontrolled roadblock on the subway, suddenly and it’s getting worse!",medium
"There’s a broken and horrible gas leak on the parking lot, violently right now!",medium
"There’s a trapped and dangerous fire in the tunnel, dangerously and it’s getting worse!",medium
"My neighbor see a unexpected flood on the street, suddenly causing a huge mess!",medium
"A shopkeeper hear a sudden power outage in the factory, dangerously near my house!",high
"A passenger found a dangerous flood in the school, quickly right now!",high
"There’s a hijacked and chaotic scream on the construction site, violently in the middle of the night!",critical
"There’s a drowning and loud leak in the tunnel, suddenly causing a huge mess!",medium
"A police officer hear a dangerous medical emergency in the street, violently and it’s getting worse!",medium
"A driver see a horrible landslide in the school, frantically causing a huge mess!",low
"I hear a uncontrolled fight at the house, dangerously and people are panicking!",alert
"There’s a burning and unexpected explosion in the school, frantically right now!",immediate
"There’s a collapsing and rapid earthquake at the construction site, dangerously with no one helping!",medium
"My neighbor hear a chaotic assault at the shopping mall, dangerously in the middle of the night!",high
"Someone found a rapid roadblock on the alley, frantically and people are panicking!",low
"A police officer found a intense fight at the highway, violently with no one helping!",low
"A group of people found a horrible shooting on the alley, quickly in the middle of the night!",low
"There’s a lost and strange roadblock on the school, suddenly and people are panicking!",low
"There’s a unconscious and strange power outage at the office building, dangerously near my house!",emergency
"There’s a malfunctioning and dangerous gas leak on the store, suddenly right now!",medium
"A cyclist hear a unexpected explosion at the highway, violently in the middle of the night!",medium
"A stranger found a terrifying scream in the construction site, quickly causing a huge mess!",low
"There’s a lost and chaotic earthquake at the construction site, suddenly in the middle of the night!",high
"A cyclist found a sudden assault at the bridge, dangerously and people are panicking!",severe
"There’s a hurt and intense power outage on the store, suddenly with no one helping!",high
"Someone hear a loud scream on the alley, violently in the middle of the night!",high
"There’s a hurt and loud shooting at the factory, unexpectedly and people are panicking!",critical
"A stranger hear a loud explosion at the subway, dangerously that’s blocking traffic!",immediate
"A woman hear a unexpected shooting in the store, urgently in the middle of the night!",medium
"There’s a unconscious and strange power outage at the highway, unexpectedly and it’s getting worse!",medium
"My neighbor see a severe medical emergency on the beach, suddenly that’s blocking traffic!",medium
"I found a massive fire on the office building, violently causing a huge mess!",medium
"There’s a bleeding and unexpected assault at the shopping mall, rapidly near my house!",severe
"A group of people hear a chaotic medical emergency in the highway, suddenly that’s blocking traffic!",high
"There’s a malfunctioning and uncontrolled explosion in the hospital, suddenly and people are panicking!",immediate
"My neighbor hear a terrifying assault on the house, loudly in the middle of the night!",low
"A shopkeeper hear a chaotic gas leak in the shopping mall, quickly in the middle of the night!",immediate
"My neighbor hear a terrifying leak in the beach, dangerously causing a huge mess!",immediate
"There’s a missing and terrifying power outage on the parking lot, dangerously and people are panicking!",high
"There’s a collapsing and massive medical emergency at the shopping mall, urgently causing a huge mess!",medium
"There’s a missing and dangerous explosion in the subway, rapidly with no one helping!",immediate
"I hear a rapid shooting at the park, dangerously that’s blocking traffic!",low
"There’s a malfunctioning and strange fire at the house, quickly that’s blocking traffic!",low
"There’s a hijacked and horrible explosion in the school, dangerously right now!",medium
"There’s a freezing and uncontrolled shooting in the beach, violently near my house!",medium
"There’s a malfunctioning and massive drowning at the office building, unexpectedly causing a huge mess!",high
"There’s a lost and massive explosion on the parking lot, violently causing a huge mess!",life-threatening
"A student see a sudden assault in the store, rapidly and it’s getting worse!",emergency
"There’s a unstable and horrible shooting at the apartment, urgently in the middle of the night!",critical
"A group of people found a strange leak in the construction site, unexpectedly near my house!",emergency
"A police officer found a loud shooting at the parking lot, rapidly and people are panicking!",medium
"A cat hear a sudden drowning on the parking lot, violently that’s blocking traffic!",immediate
"A kid see a chaotic shooting on the tunnel, unexpectedly right now!",high
"An old man hear a unexpected flood in the bridge, frantically causing a huge mess!",medium
"Someone found a intense medical emergency in the beach, loudly near my house!",high
"An old man found a intense flood at the stadium, loudly and it’s getting worse!",medium
"A stranger hear a uncontrolled explosion at the park, loudly causing a huge mess!",low
"There’s a vandalized and terrifying medical emergency in the alley, violently and it’s getting worse!",medium
"A kid found a intense vandalism at the house, dangerously near my house!",medium
"There’s a vandalized and terrifying vandalism on the park, quickly right now!",low
"An old man found a severe shooting in the stadium, violently in the middle of the night!",critical
"A cat see a horrible crash at the school, suddenly and people are panicking!",low
"A shopkeeper see a dangerous landslide at the house, quickly right now!",life-threatening
"There’s a broken and strange earthquake at the construction site, violently in the middle of the night!",low
"There’s a abandoned and dangerous fire in the construction site, frantically with no one helping!",medium
"There’s a hurt and dangerous fire on the shopping mall, urgently and people are panicking!",high
"There’s a drowning and intense vandalism in the highway, violently that’s blocking traffic!",low
"A dog hear a unexpected shooting in the street, dangerously right now!",low
"There’s a missing and uncontrolled fight in the school, dangerously and people are panicking!",medium
"There’s a hurt and dangerous shooting in the parking lot, violently and it’s getting worse!",critical
"There’s a freezing and chaotic roadblock at the school, frantically near my house!",immediate
"I see a dangerous riot at the park, loudly with no one helping!",medium
"A group of people hear a severe crash in the alley, urgently with no one helping!",medium
"There’s a trapped and loud earthquake at the store, unexpectedly with no one helping!",high
"A child see a massive earthquake at the street, rapidly that’s blocking traffic!",low
"There’s a vandalized and strange explosion at the subway, dangerously in the middle of the night!",high
"There’s a lost and uncontrolled flood in the office building, unexpectedly with no one helping!",medium
"A shopkeeper hear a intense flood at the construction site, rapidly with no one helping!",low
"An old man found a massive riot on the apartment, quickly and people are panicking!",immediate
"There’s a trapped and severe landslide at the school, violently that’s blocking traffic!",low
"A child hear a intense scream in the hospital, loudly with no one helping!",critical
"There’s a unconscious and rapid drowning on the house, quickly that’s blocking traffic!",medium
"My neighbor see a massive medical emergency at the construction site, suddenly in the middle of the night!",emergency
"There’s a unconscious and terrifying assault on the alley, quickly with no one helping!",medium
"There’s a hurt and horrible fire on the stadium, frantically near my house!",medium
"There’s a lost and rapid gas leak in the alley, suddenly near my house!",medium
"My neighbor found a rapid leak on the parking lot, rapidly with no one helping!",alert
"There’s a unstable and strange shooting at the highway, loudly right now!",low
"There’s a hijacked and terrifying flood in the office building, loudly and it’s getting worse!",immediate
"A kid found a severe robbery at the highway, violently that’s blocking traffic!",low
"There’s a collapsing and severe earthquake in the street, unexpectedly in the middle of the night!",medium
"I hear a intense gas leak on the beach, violently in the middle of the night!",medium
"There’s a suffocating and uncontrolled vandalism on the bridge, loudly near my house!",life-threatening
"There’s a unconscious and chaotic roadblock at the factory, frantically that’s blocking traffic!",immediate
"There’s a unstable and terrifying robbery on the apartment, unexpectedly near my house!",medium
"There’s a malfunctioning and terrifying vandalism at the subway, urgently that’s blocking traffic!",immediate
"A driver hear a massive shooting in the beach, rapidly with no one helping!",low
"There’s a collapsing and terrifying landslide in the park, quickly with no one helping!",high
"There’s a bleeding and loud fire on the park, unexpectedly and people are panicking!",critical
"There’s a suffocating and horrible leak at the apartment, dangerously in the middle of the night!",low
"A student found a dangerous gas leak at the subway, frantically near my house!",low
"A child hear a chaotic leak on the school, rapidly in the middle of the night!",low
"A dog found a sudden fight on the hospital, rapidly causing a huge mess!",medium
"A group of people found a horrible power outage at the alley, suddenly that’s blocking traffic!",medium
"There’s a lost and severe fight in the beach, urgently in the middle of the night!",medium
"There’s a stuck and terrifying riot at the stadium, dangerously near my house!",low
"A dog found a severe fight at the apartment, urgently that’s blocking traffic!",emergency
"There’s a bleeding and terrifying drowning on the park, rapidly causing a huge mess!",high
"A police officer see a loud shooting in the store, violently right now!",severe
"There’s a trapped and chaotic landslide at the stadium, loudly right now!",low
"A stranger found a severe landslide in the street, dangerously that’s blocking traffic!",medium
"My neighbor see a uncontrolled earthquake in the construction site, frantically and it’s getting worse!",medium
"A student found a uncontrolled explosion on the parking lot, suddenly right now!",emergency
"A firefighter hear a rapid power outage on the store, suddenly and people are panicking!",high
"A student found a massive medical emergency at the alley, violently with no one helping!",medium
"A cyclist hear a rapid assault in the factory, frantically and people are panicking!",alert
"A kid hear a sudden fire on the hospital, violently with no one helping!",critical
"A police officer see a severe drowning in the house, violently and it’s getting worse!",medium
"There’s a broken and sudden drowning in the park, loudly causing a huge mess!",medium
"There’s a broken and sudden scream at the construction site, dangerously right now!",critical
"Someone hear a horrible earthquake in the office building, frantically with no one helping!",low
"A driver found a unexpected flood at the bridge, violently and it’s getting worse!",medium
"There’s a unconscious and unexpected vandalism on the factory, quickly near my house!",medium
"There’s a unconscious and sudden vandalism at the stadium, frantically causing a huge mess!",high
"A passenger see a strange medical emergency at the tunnel, unexpectedly causing a huge mess!",high
"A student found a rapid shooting on the tunnel, loudly with no one helping!",high
"A cat hear a severe shooting in the stadium, quickly right now!",medium
"A cat see a rapid medical emergency on the highway, urgently and it’s getting worse!",medium
"A stranger see a massive medical emergency in the street, rapidly in the middle of the night!",immediate
"There’s a unstable and uncontrolled shooting at the construction site, rapidly near my house!",medium
"A firefighter found a severe gas leak in the house, loudly right now!",low
"There’s a bleeding and dangerous assault at the alley, rapidly near my house!",alert
"There’s a vandalized and rapid crash in the tunnel, loudly in the middle of the night!",high
"There’s a burning and horrible flood in the alley, quickly and it’s getting worse!",low
"An old man found a unexpected leak at the street, suddenly in the middle of the night!",low
"There’s a suffocating and horrible gas leak in the bridge, suddenly with no one helping!",medium
"There’s a lost and rapid power outage on the house, dangerously and people are panicking!",high
"A student found a intense power outage at the store, quickly and people are panicking!",emergency
"My neighbor see a unexpected fight on the parking lot, violently causing a huge mess!",emergency
"There’s a broken and massive crash on the house, frantically that’s blocking traffic!",high
"There’s a abandoned and loud fight at the house, rapidly that’s blocking traffic!",high
"Someone hear a chaotic vandalism in the construction site, urgently in the middle of the night!",immediate
"There’s a drowning and loud vandalism on the stadium, violently and it’s getting worse!",medium
"There’s a stuck and massive medical emergency in the store, loudly right now!",high
"A group of people see a sudden robbery in the street, loudly with no one helping!",medium
"There’s a drowning and rapid medical emergency on the store, rapidly right now!",high
"A child see a chaotic landslide at the alley, violently and it’s getting worse!",medium
"A cyclist see a massive landslide in the school, unexpectedly causing a huge mess!",emergency
"I hear a terrifying crash in the park, suddenly with no one helping!",medium
"There’s a suffocating and sudden robbery in the street, quickly causing a huge mess!",high
"A cyclist hear a chaotic flood at the office building, suddenly and it’s getting worse!",medium
"A passenger see a dangerous riot in the parking lot, urgently that’s blocking traffic!",high
"There’s a abandoned and massive assault on the street, violently and it’s getting worse!",low
"There’s a missing and dangerous crash on the bridge, dangerously in the middle of the night!",immediate
"There’s a missing and intense fight on the street, violently in the middle of the night!",medium
"A woman hear a unexpected robbery in the street, rapidly that’s blocking traffic!",medium
"There’s a abandoned and massive drowning on the office building, quickly and people are panicking!",medium
"There’s a suffocating and terrifying power outage in the house, frantically right now!",low
"A dog hear a sudden scream on the park, quickly and people are panicking!",high
"There’s a unstable and unexpected crash in the bridge, dangerously with no one helping!",high
"There’s a suffocating and uncontrolled scream in the subway, urgently in the middle of the night!",high
"There’s a lost and intense power outage on the subway, unexpectedly causing a huge mess!",high
"An old man hear a horrible scream at the subway, rapidly causing a huge mess!",medium
"A stranger found a uncontrolled landslide on the factory, rapidly in the middle of the night!",high
"There’s a burning and intense vandalism in the tunnel, quickly with no one helping!",critical
"There’s a stuck and massive medical emergency at the construction site, frantically causing a huge mess!",high
"A child hear a loud flood at the house, quickly causing a huge mess!",critical
"A shopkeeper see a horrible scream at the store, frantically and it’s getting worse!",medium
"There’s a broken and unexpected flood in the construction site, suddenly with no one helping!",medium
"There’s a burning and loud gas leak in the apartment, loudly that’s blocking traffic!",low
"There’s a drowning and intense crash in the street, unexpectedly near my house!",high
"There’s a burning and rapid leak in the factory, frantically with no one helping!",medium
"There’s a hijacked and sudden medical emergency at the office building, urgently in the middle of the night!",medium
"A cat see a terrifying crash in the beach, frantically right now!",medium
"A stranger found a dangerous robbery at the street, quickly that’s blocking traffic!",low
"A cat found a dangerous vandalism on the bridge, rapidly and it’s getting worse!",medium
"There’s a hurt and intense assault on the tunnel, unexpectedly right now!",emergency
"A kid see a terrifying assault at the subway, loudly near my house!",medium
"There’s a stuck and massive flood on the parking lot, violently and people are panicking!",immediate
"There’s a burning and chaotic leak at the stadium, quickly that’s blocking traffic!",immediate
"A police officer found a chaotic vandalism in the office building, rapidly that’s blocking traffic!",immediate
"There’s a missing and unexpected roadblock on the tunnel, rapidly near my house!",medium
"A stranger see a intense landslide in the bridge, quickly in the middle of the night!",medium
"A kid hear a terrifying leak in the alley, dangerously and people are panicking!",medium
"A driver found a terrifying vandalism at the apartment, unexpectedly that’s blocking traffic!",medium
"There’s a malfunctioning and rapid leak in the alley, quickly near my house!",medium
"There’s a abandoned and chaotic power outage on the house, violently and people are panicking!",alert
"There’s a unconscious and massive riot on the park, rapidly in the middle of the night!",high
"There’s a vandalized and sudden assault on the store, urgently with no one helping!",medium
"A woman found a severe shooting in the house, urgently that’s blocking traffic!",emergency
"A firefighter hear a intense robbery in the beach, suddenly and it’s getting worse!",critical
"A firefighter see a massive fire on the tunnel, quickly near my house!",low
"There’s a freezing and horrible fight in the bridge, violently that’s blocking traffic!",low
"A police officer hear a unexpected leak in the office building, unexpectedly causing a huge mess!",emergency
"An old man found a intense explosion at the beach, suddenly and people are panicking!",medium
"There’s a freezing and chaotic robbery on the hospital, loudly causing a huge mess!",low
"A shopkeeper see a massive roadblock at the subway, loudly with no one helping!",medium
"There’s a lost and severe crash at the school, rapidly causing a huge mess!",emergency
"There’s a collapsing and uncontrolled riot on the house, rapidly and it’s getting worse!",high
"There’s a vandalized and rapid riot at the stadium, loudly right now!",high
"A cyclist hear a massive gas leak in the bridge, violently right now!",emergency
"A cat hear a dangerous leak on the alley, urgently with no one helping!",critical
"There’s a collapsing and unexpected vandalism in the apartment, loudly in the middle of the night!",low
"A shopkeeper found a chaotic vandalism at the bridge, urgently right now!",high
"There’s a vandalized and intense roadblock on the beach, quickly causing a huge mess!",low
"A police officer hear a intense earthquake on the hospital, violently near my house!",high
"There’s a unconscious and rapid drowning at the park, loudly and people are panicking!",severe
"Someone see a strange fight at the factory, quickly causing a huge mess!",critical
"A police officer hear a intense assault at the park, loudly that’s blocking traffic!",low
"There’s a missing and dangerous crash on the tunnel, unexpectedly with no one helping!",medium
"A stranger found a massive drowning on the factory, rapidly in the middle of the night!",medium
"There’s a trapped and massive robbery on the house, urgently and people are panicking!",life-threatening
"There’s a abandoned and rapid scream at the apartment, frantically causing a huge mess!",medium
"There’s a burning and terrifying assault on the shopping mall, rapidly and people are panicking!",low
"There’s a malfunctioning and intense leak on the house, suddenly and it’s getting worse!",medium
"There’s a unconscious and uncontrolled drowning on the store, urgently right now!",medium
"A driver see a unexpected leak in the shopping mall, dangerously and it’s getting worse!",medium
"There’s a lost and sudden landslide on the tunnel, dangerously that’s blocking traffic!",severe
"A woman hear a severe fire at the park, loudly that’s blocking traffic!",immediate
"A woman hear a horrible earthquake in the office building, violently causing a huge mess!",low
"My neighbor found a severe gas leak in the tunnel, quickly right now!",critical
"There’s a vandalized and rapid riot in the street, rapidly that’s blocking traffic!",high
"There’s a lost and dangerous shooting in the store, loudly and people are panicking!",alert
"A cyclist found a severe flood at the tunnel, suddenly in the middle of the night!",high
"A woman hear a sudden scream on the subway, urgently and people are panicking!",low
"There’s a stuck and sudden roadblock at the house, unexpectedly that’s blocking traffic!",medium
"A student hear a loud robbery at the shopping mall, dangerously and people are panicking!",medium
"A shopkeeper found a intense assault at the highway, unexpectedly in the middle of the night!",medium
"A kid hear a severe robbery at the office building, unexpectedly in the middle of the night!",immediate
"A police officer found a chaotic medical emergency at the street, frantically with no one helping!",severe
"A woman hear a severe explosion in the alley, dangerously and people are panicking!",immediate
"There’s a drowning and severe assault on the parking lot, unexpectedly and people are panicking!",high
"There’s a trapped and severe roadblock at the highway, unexpectedly and people are panicking!",low
"There’s a freezing and severe gas leak on the bridge, suddenly that’s blocking traffic!",emergency
"There’s a missing and rapid landslide on the bridge, rapidly and people are panicking!",low
"There’s a malfunctioning and intense flood on the construction site, quickly and it’s getting worse!",high
"There’s a broken and loud riot on the highway, unexpectedly and people are panicking!",severe
"There’s a vandalized and dangerous gas leak at the subway, loudly that’s blocking traffic!",immediate
"A firefighter hear a massive robbery in the parking lot, urgently and people are panicking!",alert
"There’s a hijacked and massive fight on the hospital, suddenly that’s blocking traffic!",life-threatening
"There’s a broken and intense fight on the office building, loudly with no one helping!",low
"A kid found a uncontrolled drowning on the stadium, suddenly and it’s getting worse!",medium
"A driver found a chaotic explosion at the hospital, quickly and it’s getting worse!",emergency
"A cat see a severe shooting in the parking lot, unexpectedly and people are panicking!",medium
"There’s a burning and chaotic assault at the school, unexpectedly in the middle of the night!",life-threatening
"A cyclist see a intense explosion at the shopping mall, quickly right now!",emergency
"A group of people hear a dangerous assault in the park, violently with no one helping!",immediate
"My neighbor found a loud landslide at the stadium, urgently with no one helping!",immediate
"There’s a lost and loud shooting in the office building, urgently and people are panicking!",high
"A stranger hear a chaotic shooting in the house, violently and people are panicking!",medium
"A student found a horrible leak at the bridge, unexpectedly causing a huge mess!",high
"There’s a lost and massive explosion on the construction site, frantically causing a huge mess!",low
"There’s a lost and rapid fight on the hospital, rapidly near my house!",low
"There’s a stuck and massive medical emergency at the hospital, unexpectedly near my house!",immediate
"A shopkeeper found a strange robbery in the parking lot, suddenly right now!",high
"A shopkeeper see a loud roadblock in the park, quickly with no one helping!",medium
"A woman hear a severe gas leak at the house, rapidly that’s blocking traffic!",medium
"A group of people hear a intense landslide in the shopping mall, suddenly right now!",low
"There’s a vandalized and sudden earthquake in the stadium, loudly in the middle of the night!",medium
"A kid see a rapid riot at the subway, rapidly right now!",low
"A police officer found a loud drowning at the construction site, violently near my house!",low
"A kid hear a rapid leak at the bridge, urgently and people are panicking!",medium
"There’s a vandalized and unexpected shooting on the apartment, frantically and it’s getting worse!",high
"There’s a burning and sudden scream on the stadium, suddenly in the middle of the night!",critical
"There’s a abandoned and horrible robbery in the school, violently in the middle of the night!",immediate
"There’s a unstable and strange earthquake in the subway, unexpectedly that’s blocking traffic!",medium
"A police officer found a dangerous crash in the apartment, suddenly near my house!",low
"A dog found a severe leak on the park, loudly near my house!",medium
"A dog found a strange power outage in the factory, quickly and people are panicking!",medium
"A cat see a severe fire at the bridge, rapidly and it’s getting worse!",low
"There’s a collapsing and intense medical emergency at the park, unexpectedly and people are panicking!",high
"A stranger see a intense power outage at the highway, rapidly and people are panicking!",high
"A stranger see a loud scream at the parking lot, rapidly that’s blocking traffic!",medium
"There’s a suffocating and loud robbery on the stadium, violently and people are panicking!",low
"Someone see a dangerous crash on the park, suddenly near my house!",medium
"There’s a lost and loud scream at the factory, unexpectedly near my house!",critical
"There’s a stuck and chaotic vandalism on the tunnel, loudly near my house!",medium
"There’s a freezing and dangerous robbery on the street, frantically and people are panicking!",medium
"There’s a missing and loud assault at the alley, loudly right now!",low
"A group of people found a sudden roadblock on the apartment, violently in the middle of the night!",critical
"An old man see a uncontrolled drowning in the house, suddenly and people are panicking!",emergency
"There’s a trapped and sudden roadblock on the park, quickly causing a huge mess!",high
"A cat found a unexpected earthquake in the stadium, dangerously right now!",high
"A student found a uncontrolled riot in the apartment, frantically in the middle of the night!",emergency
"There’s a burning and unexpected flood on the bridge, suddenly and it’s getting worse!",low
"There’s a hijacked and massive drowning on the tunnel, dangerously right now!",immediate
"I found a terrifying flood on the parking lot, loudly with no one helping!",high
"A dog hear a horrible roadblock in the hospital, frantically and it’s getting worse!",high
"A group of people see a uncontrolled earthquake in the hospital, loudly causing a huge mess!",high
"There’s a bleeding and intense explosion at the stadium, quickly with no one helping!",high
"A driver hear a unexpected explosion in the subway, loudly and it’s getting worse!",high
"A shopkeeper see a loud riot in the street, dangerously and people are panicking!",severe
"My neighbor hear a intense roadblock on the alley, suddenly with no one helping!",critical
"There’s a burning and strange explosion in the hospital, quickly that’s blocking traffic!",low
"There’s a burning and massive crash on the parking lot, loudly and people are panicking!",life-threatening
"An old man see a dangerous robbery on the bridge, unexpectedly causing a huge mess!",emergency
"A kid found a rapid landslide on the bridge, frantically and it’s getting worse!",emergency
"There’s a vandalized and massive explosion on the highway, frantically and it’s getting worse!",high
"There’s a trapped and intense power outage on the stadium, quickly near my house!",low
"A woman see a chaotic power outage at the bridge, rapidly causing a huge mess!",medium
"There’s a malfunctioning and strange crash on the bridge, suddenly and people are panicking!",alert
"There’s a suffocating and terrifying gas leak at the bridge, suddenly and it’s getting worse!",immediate
"A woman hear a chaotic drowning at the stadium, rapidly and people are panicking!",high
"A kid hear a chaotic landslide at the construction site, unexpectedly causing a huge mess!",high
"A group of people see a strange fight on the highway, dangerously and people are panicking!",emergency
"A child found a dangerous power outage at the store, unexpectedly in the middle of the night!",medium
"A cyclist see a intense flood in the subway, violently causing a huge mess!",high
"There’s a burning and massive fight at the store, rapidly causing a huge mess!",high
"An old man found a loud roadblock in the store, frantically with no one helping!",medium
"There’s a freezing and sudden assault in the office building, frantically and it’s getting worse!",medium
"There’s a malfunctioning and rapid roadblock in the street, urgently near my house!",high
"There’s a collapsing and rapid riot at the factory, violently near my house!",high
"There’s a broken and severe shooting in the street, unexpectedly near my house!",low
"There’s a vandalized and strange crash in the construction site, rapidly near my house!",low
"A police officer see a unexpected shooting on the hospital, rapidly that’s blocking traffic!",life-threatening
"There’s a stuck and intense medical emergency on the office building, frantically near my house!",critical
"A police officer see a uncontrolled power outage on the stadium, rapidly and it’s getting worse!",medium
"Someone found a strange scream at the bridge, rapidly with no one helping!",low
"There’s a hijacked and rapid gas leak on the factory, frantically with no one helping!",medium
"There’s a hurt and terrifying fight at the apartment, loudly that’s blocking traffic!",high
"There’s a burning and severe shooting at the beach, rapidly with no one helping!",severe
"A cyclist hear a severe medical emergency on the apartment, quickly that’s blocking traffic!",low
"There’s a suffocating and terrifying assault in the bridge, loudly and it’s getting worse!",immediate
"There’s a lost and rapid riot on the factory, unexpectedly that’s blocking traffic!",severe
"There’s a missing and rapid flood in the subway, loudly causing a huge mess!",medium
"There’s a lost and uncontrolled drowning on the school, unexpectedly with no one helping!",high
"A group of people hear a uncontrolled robbery at the street, suddenly and it’s getting worse!",high
"My neighbor found a rapid roadblock at the bridge, violently in the middle of the night!",low
"There’s a broken and massive flood on the beach, suddenly near my house!",severe
"A passenger see a horrible fire in the bridge, urgently in the middle of the night!",high
"There’s a broken and unexpected medical emergency on the subway, suddenly with no one helping!",low
"A woman see a severe fight on the highway, violently that’s blocking traffic!",high
"A child see a severe assault at the apartment, violently with no one helping!",medium
"There’s a malfunctioning and chaotic earthquake on the park, unexpectedly that’s blocking traffic!",high
"A driver see a severe robbery in the stadium, violently in the middle of the night!",medium
"There’s a broken and dangerous shooting in the park, urgently and people are panicking!",medium
"I hear a dangerous robbery in the factory, quickly causing a huge mess!",medium
"A police officer hear a unexpected power outage at the park, dangerously that’s blocking traffic!",low
"There’s a lost and terrifying fire on the bridge, suddenly and it’s getting worse!",medium
"A woman hear a intense scream in the park, quickly in the middle of the night!",immediate
"My neighbor see a severe drowning on the house, urgently causing a huge mess!",low
"There’s a stuck and massive fight at the hospital, dangerously with no one helping!",medium
"There’s a broken and uncontrolled robbery on the parking lot, dangerously in the middle of the night!",high
"There’s a suffocating and horrible fire at the school, urgently right now!",medium
"A child see a sudden drowning on the office building, loudly in the middle of the night!",medium
"A woman hear a dangerous fight on the highway, loudly near my house!",high
"There’s a burning and sudden crash on the park, quickly that’s blocking traffic!",low
"A police officer found a dangerous fight in the alley, unexpectedly in the middle of the night!",high
"There’s a bleeding and sudden power outage in the park, suddenly right now!",immediate
"An old man see a unexpected flood in the hospital, unexpectedly near my house!",alert
"A cat found a massive scream at the beach, quickly that’s blocking traffic!",high
"A child hear a chaotic landslide on the hospital, frantically causing a huge mess!",alert
"A passenger hear a loud gas leak at the school, violently and it’s getting worse!",high
"There’s a freezing and intense gas leak in the bridge, urgently right now!",low
"A group of people hear a loud crash in the beach, suddenly near my house!",medium
"A shopkeeper see a horrible explosion in the store, quickly that’s blocking traffic!",medium
"There’s a burning and uncontrolled flood at the shopping mall, suddenly near my house!",high
"There’s a hurt and rapid vandalism on the park, loudly and it’s getting worse!",high
"A child hear a strange earthquake on the school, suddenly causing a huge mess!",high
"A shopkeeper hear a massive scream in the apartment, quickly and people are panicking!",medium
"There’s a burning and strange roadblock in the school, suddenly and people are panicking!",immediate
"There’s a lost and sudden flood in the bridge, rapidly and people are panicking!",medium
"There’s a stuck and severe assault on the school, loudly with no one helping!",critical
"There’s a suffocating and strange medical emergency at the bridge, frantically that’s blocking traffic!",emergency
"There’s a suffocating and strange medical emergency at the bridge, unexpectedly and it’s getting worse!",low
"A cyclist see a rapid medical emergency at the park, dangerously and it’s getting worse!",low
"There’s a suffocating and massive medical emergency at the beach, quickly and people are panicking!",high
"A driver found a unexpected shooting in the office building, unexpectedly near my house!",medium
"There’s a trapped and sudden crash at the park, unexpectedly right now!",immediate
"There’s a vandalized and chaotic earthquake on the shopping mall, rapidly in the middle of the night!",high
"A cyclist see a loud earthquake on the street, unexpectedly right now!",critical
"A police officer found a chaotic landslide on the alley, urgently in the middle of the night!",high
"There’s a stuck and massive assault on the subway, rapidly near my house!",immediate
"An old man found a terrifying earthquake in the store, violently that’s blocking traffic!",emergency
"A cyclist see a unexpected leak at the shopping mall, suddenly right now!",high
"There’s a trapped and uncontrolled leak at the parking lot, frantically that’s blocking traffic!",low
"There’s a bleeding and horrible leak on the highway, quickly and people are panicking!",medium
"A kid see a strange crash at the hospital, urgently right now!",high
"I hear a severe robbery on the beach, unexpectedly and people are panicking!",low
"A stranger hear a sudden landslide on the office building, dangerously with no one helping!",medium
"There’s a collapsing and rapid roadblock in the house, frantically that’s blocking traffic!",medium
"A passenger hear a strange assault on the hospital, dangerously near my house!",high
"There’s a missing and intense robbery in the store, violently and people are panicking!",low
"A police officer hear a intense scream on the stadium, violently and it’s getting worse!",medium
"There’s a malfunctioning and intense fire at the parking lot, frantically in the middle of the night!",low
"A kid hear a chaotic earthquake on the factory, quickly causing a huge mess!",immediate
"I hear a horrible landslide in the store, suddenly causing a huge mess!",high
"A driver hear a intense drowning in the apartment, urgently causing a huge mess!",low
"A kid found a massive flood on the park, unexpectedly right now!",medium
"There’s a unconscious and chaotic power outage at the bridge, dangerously right now!",alert
"There’s a drowning and strange shooting on the house, urgently and it’s getting worse!",low
"There’s a freezing and strange shooting at the bridge, urgently in the middle of the night!",high
"There’s a drowning and strange roadblock at the highway, frantically that’s blocking traffic!",high
"There’s a freezing and terrifying shooting at the apartment, quickly and people are panicking!",low
"There’s a hurt and chaotic crash on the factory, suddenly causing a huge mess!",immediate
"There’s a drowning and strange roadblock at the stadium, violently that’s blocking traffic!",medium
"My neighbor hear a sudden medical emergency on the highway, dangerously right now!",high
"There’s a trapped and severe vandalism at the street, unexpectedly near my house!",emergency
"An old man found a terrifying shooting at the hospital, frantically causing a huge mess!",medium
"There’s a collapsing and strange power outage in the tunnel, loudly in the middle of the night!",low
"There’s a lost and massive explosion on the construction site, urgently and people are panicking!",medium
"There’s a unstable and terrifying scream in the bridge, suddenly causing a huge mess!",high
"There’s a vandalized and horrible landslide in the shopping mall, rapidly and it’s getting worse!",emergency
"A group of people found a horrible landslide on the subway, suddenly right now!",medium
"A student found a severe leak in the office building, dangerously causing a huge mess!",low
"There’s a unstable and loud scream on the tunnel, loudly near my house!",critical
"There’s a abandoned and terrifying flood on the alley, suddenly right now!",low
"A shopkeeper see a strange explosion at the street, violently right now!",emergency
"A child found a terrifying shooting at the street, violently right now!",medium
"There’s a burning and rapid scream on the street, loudly in the middle of the night!",medium
"A firefighter found a severe shooting on the parking lot, violently near my house!",low
"There’s a drowning and rapid scream on the construction site, urgently with no one helping!",high
"An old man see a chaotic drowning on the alley, unexpectedly that’s blocking traffic!",emergency
"A driver found a unexpected robbery at the parking lot, urgently right now!",severe
"There’s a abandoned and severe power outage in the subway, dangerously and people are panicking!",medium
"A stranger see a uncontrolled fight at the park, rapidly causing a huge mess!",immediate
"There’s a freezing and severe flood on the tunnel, suddenly and it’s getting worse!",medium
"There’s a lost and horrible fight on the school, dangerously right now!",critical
"A shopkeeper hear a dangerous scream in the factory, dangerously right now!",critical
"There’s a collapsing and loud explosion at the construction site, violently near my house!",low
"A kid found a horrible medical emergency in the construction site, quickly in the middle of the night!",emergency
"There’s a malfunctioning and uncontrolled fight on the alley, urgently near my house!",emergency
"A shopkeeper hear a loud crash at the shopping mall, violently and it’s getting worse!",medium
"My neighbor found a uncontrolled medical emergency on the factory, suddenly with no one helping!",medium
"A police officer see a terrifying landslide on the office building, urgently with no one helping!",medium
"A group of people found a strange leak at the office building, frantically and people are panicking!",high
"There’s a abandoned and unexpected flood in the factory, urgently near my house!",medium
"There’s a bleeding and massive robbery in the bridge, frantically in the middle of the night!",immediate
"There’s a hurt and sudden roadblock on the apartment, suddenly near my house!",medium
"A stranger see a rapid drowning in the alley, quickly and it’s getting worse!",emergency
"There’s a drowning and massive medical emergency in the park, violently that’s blocking traffic!",high
"A group of people found a unexpected scream at the subway, rapidly near my house!",high
"There’s a abandoned and unexpected medical emergency in the school, loudly and people are panicking!",low
"There’s a burning and sudden gas leak at the hospital, violently and people are panicking!",alert
"There’s a suffocating and unexpected power outage on the alley, rapidly that’s blocking traffic!",medium
"There’s a unconscious and massive crash at the school, violently right now!",severe
"A police officer found a terrifying gas leak at the office building, loudly right now!",medium
"There’s a missing and uncontrolled medical emergency on the bridge, rapidly with no one helping!",alert
"A shopkeeper found a horrible riot at the park, violently and it’s getting worse!",high
"My neighbor see a uncontrolled scream in the bridge, dangerously and people are panicking!",high
"There’s a trapped and horrible scream in the subway, loudly and people are panicking!",low
"I found a unexpected fight in the factory, unexpectedly that’s blocking traffic!",immediate
"A firefighter hear a dangerous vandalism on the factory, loudly causing a huge mess!",emergency
"A firefighter hear a terrifying vandalism in the parking lot, quickly in the middle of the night!",low
"A driver found a chaotic roadblock in the tunnel, rapidly near my house!",alert
"A cat hear a dangerous scream on the factory, violently and it’s getting worse!",high
"An old man hear a uncontrolled landslide on the house, unexpectedly near my house!",low
"There’s a malfunctioning and massive robbery on the hospital, loudly and it’s getting worse!",medium
"A woman found a loud drowning on the subway, rapidly and it’s getting worse!",low
"There’s a stuck and loud flood at the stadium, loudly and people are panicking!",low
"There’s a drowning and strange fire on the apartment, loudly near my house!",medium
"There’s a unconscious and rapid landslide at the store, urgently that’s blocking traffic!",low
"A shopkeeper found a horrible landslide at the factory, quickly near my house!",medium
"There’s a bleeding and chaotic crash in the parking lot, frantically and it’s getting worse!",medium
"A shopkeeper see a uncontrolled power outage at the house, quickly right now!",emergency
"There’s a suffocating and dangerous earthquake at the alley, loudly in the middle of the night!",critical
"There’s a bleeding and horrible gas leak in the tunnel, violently and it’s getting worse!",medium
"There’s a drowning and strange scream in the park, quickly and people are panicking!",low
"There’s a hijacked and unexpected riot on the street, violently that’s blocking traffic!",high
"A cat found a terrifying leak in the school, quickly and it’s getting worse!",alert
"There’s a unconscious and strange riot in the construction site, urgently with no one helping!",high
"A dog found a chaotic earthquake in the park, rapidly causing a huge mess!",high
"My neighbor see a terrifying vandalism at the alley, unexpectedly in the middle of the night!",low
"A firefighter see a horrible flood at the beach, dangerously right now!",medium
"There’s a drowning and sudden leak at the store, violently and it’s getting worse!",medium
"There’s a unstable and dangerous vandalism on the beach, violently in the middle of the night!",low
"A stranger hear a unexpected assault in the apartment, rapidly in the middle of the night!",low
"There’s a broken and intense earthquake in the tunnel, violently right now!",high
"A student see a dangerous robbery at the subway, frantically right now!",high
"I see a rapid fight on the street, violently in the middle of the night!",alert
"A passenger hear a unexpected leak at the parking lot, violently with no one helping!",low
"A passenger hear a intense robbery at the house, quickly and it’s getting worse!",low
"A kid see a rapid fire at the stadium, violently that’s blocking traffic!",alert
"There’s a trapped and uncontrolled riot on the factory, rapidly near my house!",medium
"A cat see a terrifying landslide on the store, frantically and people are panicking!",high
"There’s a hurt and loud drowning at the construction site, urgently that’s blocking traffic!",critical
"A cat see a terrifying landslide on the office building, rapidly that’s blocking traffic!",medium
"A driver found a chaotic assault in the stadium, dangerously near my house!",low
"There’s a lost and strange assault in the tunnel, frantically near my house!",alert
"A police officer see a severe assault at the stadium, suddenly and people are panicking!",high
"There’s a drowning and dangerous fight at the subway, quickly right now!",medium
"A shopkeeper found a chaotic power outage at the factory, frantically and it’s getting worse!",critical
"There’s a abandoned and strange fight on the office building, dangerously that’s blocking traffic!",high
"A child hear a severe power outage in the hospital, loudly and it’s getting worse!",immediate
"There’s a bleeding and loud leak on the bridge, unexpectedly causing a huge mess!",medium
"There’s a collapsing and dangerous crash in the store, frantically with no one helping!",medium
"There’s a hijacked and unexpected vandalism in the tunnel, dangerously in the middle of the night!",low
"There’s a unstable and unexpected roadblock at the parking lot, quickly in the middle of the night!",medium
"There’s a stuck and intense drowning in the street, frantically right now!",high
"My neighbor see a dangerous shooting at the tunnel, quickly near my house!",immediate
"A cat found a terrifying drowning in the office building, frantically and people are panicking!",low
"There’s a hurt and loud earthquake at the tunnel, dangerously and it’s getting worse!",low
"There’s a malfunctioning and dangerous earthquake on the factory, dangerously and it’s getting worse!",low
"There’s a malfunctioning and chaotic roadblock at the park, violently and it’s getting worse!",low
"There’s a collapsing and massive landslide on the beach, suddenly near my house!",immediate
"There’s a trapped and sudden roadblock in the store, loudly with no one helping!",high
"I found a horrible scream in the apartment, violently in the middle of the night!",medium
"There’s a hijacked and uncontrolled crash in the subway, violently and it’s getting worse!",low
"There’s a unconscious and severe explosion in the shopping mall, loudly and it’s getting worse!",high
"A police officer found a terrifying roadblock on the house, frantically in the middle of the night!",high
"There’s a vandalized and chaotic assault on the street, loudly in the middle of the night!",high
"There’s a suffocating and unexpected shooting in the street, violently and people are panicking!",high
"My neighbor found a severe riot in the subway, rapidly right now!",low
"There’s a trapped and severe scream on the parking lot, unexpectedly that’s blocking traffic!",emergency
"There’s a hijacked and massive medical emergency on the shopping mall, rapidly causing a huge mess!",high
"There’s a freezing and rapid crash in the store, violently with no one helping!",critical
"A group of people see a rapid vandalism on the alley, loudly in the middle of the night!",high
"A kid hear a uncontrolled power outage on the park, frantically that’s blocking traffic!",life-threatening
"Someone hear a strange leak in the school, quickly and it’s getting worse!",immediate
"A dog hear a dangerous explosion in the factory, rapidly that’s blocking traffic!",critical
"There’s a missing and uncontrolled earthquake at the bridge, quickly with no one helping!",high
"A driver found a dangerous robbery on the tunnel, frantically and people are panicking!",high
"There’s a bleeding and unexpected drowning on the hospital, violently that’s blocking traffic!",medium
"There’s a suffocating and sudden drowning on the office building, dangerously with no one helping!",medium
"A police officer see a strange roadblock at the park, rapidly in the middle of the night!",low
"A child found a sudden fire at the school, violently causing a huge mess!",critical
"There’s a lost and horrible earthquake in the house, frantically and it’s getting worse!",medium
"A group of people found a unexpected assault in the highway, urgently with no one helping!",medium
"An old man found a sudden explosion on the park, loudly and it’s getting worse!",medium
"There’s a freezing and horrible robbery on the stadium, frantically right now!",medium
"A kid see a massive roadblock on the shopping mall, violently and people are panicking!",high
"There’s a freezing and uncontrolled fire in the factory, quickly that’s blocking traffic!",low
"A cyclist see a unexpected landslide on the stadium, urgently that’s blocking traffic!",immediate
"There’s a burning and rapid riot at the shopping mall, rapidly with no one helping!",high
"There’s a suffocating and severe leak in the highway, violently right now!",high
"There’s a collapsing and intense scream at the office building, loudly in the middle of the night!",high
"A cat see a horrible robbery in the street, unexpectedly and people are panicking!",high
"A driver found a loud gas leak in the stadium, dangerously and people are panicking!",medium
"There’s a drowning and unexpected shooting on the construction site, frantically and people are panicking!",immediate
"A student hear a sudden crash in the stadium, unexpectedly that’s blocking traffic!",life-threatening
"There’s a unstable and severe assault on the bridge, loudly with no one helping!",severe
"A child found a unexpected robbery on the bridge, suddenly in the middle of the night!",life-threatening
"A woman hear a uncontrolled power outage at the parking lot, unexpectedly and it’s getting worse!",low
"There’s a hijacked and terrifying landslide at the hospital, rapidly and it’s getting worse!",medium
"A woman found a intense shooting in the shopping mall, quickly right now!",medium
"There’s a stuck and loud landslide at the store, urgently with no one helping!",high
"A woman see a strange scream at the bridge, rapidly causing a huge mess!",medium
"A group of people hear a unexpected vandalism in the office building, unexpectedly with no one helping!",immediate
"A firefighter hear a unexpected riot on the school, loudly in the middle of the night!",life-threatening
"A kid see a strange crash in the tunnel, violently and people are panicking!",low
"There’s a hijacked and loud drowning in the store, violently that’s blocking traffic!",emergency
"There’s a bleeding and dangerous power outage at the office building, unexpectedly causing a huge mess!",medium
"There’s a lost and severe robbery on the house, frantically and people are panicking!",high
"There’s a freezing and unexpected medical emergency at the parking lot, violently in the middle of the night!",critical
"There’s a trapped and chaotic assault at the street, unexpectedly with no one helping!",high
"A dog found a severe explosion at the stadium, dangerously right now!",high
"A dog found a uncontrolled medical emergency at the store, dangerously with no one helping!",medium
"A shopkeeper see a massive landslide in the street, suddenly and people are panicking!",high
"There’s a drowning and loud crash in the highway, suddenly with no one helping!",low
"A group of people found a massive roadblock in the factory, unexpectedly right now!",medium
"There’s a broken and chaotic power outage at the beach, urgently in the middle of the night!",medium
"There’s a drowning and rapid robbery at the alley, quickly and people are panicking!",high
"There’s a stuck and unexpected vandalism on the alley, dangerously that’s blocking traffic!",high
"There’s a drowning and intense drowning on the construction site, violently causing a huge mess!",medium
"There’s a vandalized and loud gas leak in the parking lot, frantically near my house!",alert
"A dog hear a terrifying robbery on the street, loudly near my house!",high
"A stranger found a severe riot on the subway, dangerously and it’s getting worse!",high
"My neighbor found a strange power outage on the hospital, quickly and people are panicking!",emergency
"There’s a missing and loud drowning on the store, loudly and people are panicking!",life-threatening
"There’s a lost and uncontrolled roadblock at the beach, loudly near my house!",emergency
"There’s a unconscious and rapid roadblock on the bridge, quickly with no one helping!",medium
"My neighbor found a loud roadblock on the house, quickly causing a huge mess!",high
"A kid see a uncontrolled gas leak on the stadium, rapidly that’s blocking traffic!",alert
"There’s a unconscious and terrifying crash on the subway, violently near my house!",medium
"There’s a broken and intense roadblock at the park, unexpectedly that’s blocking traffic!",life-threatening
"A cyclist see a chaotic assault at the bridge, loudly near my house!",high
"A dog hear a uncontrolled fire at the apartment, unexpectedly in the middle of the night!",medium
"A child see a horrible scream at the office building, rapidly causing a huge mess!",low
"A stranger found a terrifying landslide at the park, dangerously that’s blocking traffic!",medium
"There’s a broken and dangerous robbery in the parking lot, suddenly that’s blocking traffic!",severe
"A kid hear a terrifying assault at the factory, quickly right now!",immediate
"There’s a collapsing and severe landslide in the park, urgently near my house!",low
"There’s a unstable and uncontrolled power outage in the construction site, dangerously with no one helping!",emergency
"A group of people hear a severe drowning at the office building, quickly right now!",low
"There’s a suffocating and uncontrolled drowning in the alley, violently right now!",emergency
"There’s a vandalized and sudden explosion on the subway, violently in the middle of the night!",high
"There’s a hurt and strange crash at the subway, violently causing a huge mess!",life-threatening
"There’s a stuck and horrible leak at the office building, violently with no one helping!",severe
"There’s a unconscious and chaotic explosion in the apartment, dangerously near my house!",severe
"There’s a abandoned and loud roadblock in the park, frantically near my house!",emergency
"There’s a vandalized and chaotic drowning at the office building, urgently that’s blocking traffic!",high
"There’s a suffocating and chaotic power outage in the beach, violently causing a huge mess!",high
"A dog found a uncontrolled fight on the shopping mall, frantically that’s blocking traffic!",alert
"There’s a hurt and sudden landslide in the park, urgently near my house!",high
"A kid found a strange gas leak on the subway, unexpectedly causing a huge mess!",high
"There’s a missing and rapid flood in the highway, loudly and it’s getting worse!",high
"A cyclist see a loud drowning in the factory, suddenly right now!",low
"There’s a trapped and rapid fire in the store, quickly causing a huge mess!",medium
"An old man see a loud riot in the beach, dangerously causing a huge mess!",immediate
"There’s a suffocating and uncontrolled shooting on the construction site, loudly in the middle of the night!",low
"A cat see a strange shooting in the tunnel, rapidly right now!",alert
"A group of people found a intense crash on the bridge, suddenly with no one helping!",low
"There’s a freezing and severe fight in the apartment, rapidly in the middle of the night!",medium
"There’s a missing and unexpected assault at the park, frantically near my house!",low
"A passenger found a loud assault at the construction site, frantically right now!",emergency
"There’s a lost and intense fire in the highway, rapidly that’s blocking traffic!",low
"A cyclist see a loud fire at the store, loudly near my house!",severe
"A cat found a intense explosion in the beach, unexpectedly and it’s getting worse!",immediate
"There’s a unstable and dangerous vandalism at the apartment, rapidly that’s blocking traffic!",low
"There’s a burning and rapid medical emergency at the office building, loudly in the middle of the night!",immediate
"A student see a intense fight in the school, loudly causing a huge mess!",critical
"There’s a drowning and loud vandalism at the bridge, loudly causing a huge mess!",high
"There’s a stuck and rapid robbery at the stadium, rapidly and it’s getting worse!",high
"An old man found a rapid assault in the construction site, violently and it’s getting worse!",medium
"A cyclist found a loud flood on the store, unexpectedly and people are panicking!",medium
"There’s a stuck and unexpected medical emergency at the alley, violently causing a huge mess!",medium
"There’s a abandoned and sudden fire on the parking lot, unexpectedly right now!",immediate
"There’s a collapsing and unexpected flood at the house, loudly with no one helping!",critical
"There’s a malfunctioning and dangerous crash on the school, dangerously and people are panicking!",medium
"There’s a vandalized and unexpected assault at the construction site, dangerously and it’s getting worse!",medium
"A police officer found a massive drowning at the factory, loudly near my house!",immediate
"A police officer see a severe assault at the school, unexpectedly near my house!",low
"A dog hear a sudden robbery in the park, rapidly near my house!",high
"There’s a vandalized and chaotic assault at the office building, loudly and it’s getting worse!",high
"A passenger hear a horrible gas leak at the park, quickly causing a huge mess!",low
"A student see a unexpected leak at the school, quickly with no one helping!",medium
"A firefighter hear a strange drowning on the factory, dangerously that’s blocking traffic!",high
"There’s a stuck and sudden assault in the hospital, dangerously that’s blocking traffic!",alert
"There’s a unstable and rapid scream in the subway, loudly right now!",low
"A police officer found a strange earthquake on the beach, dangerously causing a huge mess!",low
"I found a strange fight in the factory, urgently right now!",medium
"There’s a hurt and horrible landslide at the store, dangerously that’s blocking traffic!",emergency
"A cat see a horrible shooting in the hospital, quickly and people are panicking!",medium
"There’s a missing and sudden power outage on the bridge, loudly in the middle of the night!",high
"There’s a unstable and strange fire at the alley, unexpectedly with no one helping!",medium
"An old man found a strange flood at the beach, suddenly and people are panicking!",medium
"A cyclist hear a strange gas leak on the store, suddenly and people are panicking!",medium
"There’s a broken and strange power outage at the highway, frantically causing a huge mess!",low
"There’s a collapsing and massive leak in the stadium, frantically that’s blocking traffic!",critical
"There’s a unconscious and strange fire in the bridge, frantically right now!",emergency
"A firefighter hear a sudden power outage in the stadium, frantically in the middle of the night!",medium
"There’s a trapped and dangerous leak in the bridge, suddenly with no one helping!",low
"A cat hear a loud shooting on the shopping mall, rapidly near my house!",high
"There’s a drowning and intense crash at the parking lot, violently in the middle of the night!",medium
"A driver see a rapid power outage at the parking lot, rapidly and people are panicking!",high
"An old man see a dangerous scream in the store, loudly and it’s getting worse!",medium
"There’s a burning and horrible vandalism in the hospital, urgently and people are panicking!",medium
"There’s a hurt and unexpected power outage at the tunnel, urgently causing a huge mess!",medium
"There’s a unstable and massive robbery at the school, dangerously that’s blocking traffic!",medium
"There’s a suffocating and uncontrolled assault in the parking lot, suddenly near my house!",medium
"A shopkeeper hear a chaotic assault on the shopping mall, loudly and people are panicking!",low
"There’s a burning and dangerous landslide in the stadium, unexpectedly in the middle of the night!",immediate
"A stranger hear a sudden roadblock in the parking lot, dangerously that’s blocking traffic!",immediate
"A cyclist hear a dangerous flood in the beach, violently and it’s getting worse!",alert
"I see a sudden riot in the factory, violently in the middle of the night!",medium
"There’s a stuck and severe riot at the bridge, violently with no one helping!",alert
"An old man see a massive riot at the beach, dangerously in the middle of the night!",high
"A student hear a unexpected scream at the factory, unexpectedly and it’s getting worse!",medium
"There’s a collapsing and dangerous scream at the street, suddenly with no one helping!",medium
"There’s a collapsing and severe assault in the highway, frantically causing a huge mess!",critical
"There’s a broken and intense shooting at the bridge, rapidly right now!",medium
"A cat hear a chaotic riot at the stadium, rapidly that’s blocking traffic!",low
"A shopkeeper hear a sudden crash at the school, loudly in the middle of the night!",medium
"There’s a unstable and chaotic crash at the office building, frantically causing a huge mess!",medium
"There’s a stuck and terrifying assault on the construction site, unexpectedly near my house!",severe
"There’s a lost and sudden gas leak in the shopping mall, loudly in the middle of the night!",high
"There’s a bleeding and terrifying riot on the highway, frantically with no one helping!",medium
"There’s a stuck and terrifying crash on the office building, dangerously and it’s getting worse!",medium
"There’s a hurt and strange leak on the parking lot, violently right now!",high
"A shopkeeper found a terrifying fight on the stadium, dangerously right now!",low
"There’s a broken and unexpected drowning at the office building, unexpectedly that’s blocking traffic!",high
"There’s a trapped and massive vandalism in the parking lot, unexpectedly that’s blocking traffic!",high
"A cyclist see a severe flood at the stadium, urgently causing a huge mess!",medium
"There’s a suffocating and strange robbery in the park, quickly and it’s getting worse!",high
"A stranger see a unexpected crash in the beach, unexpectedly and people are panicking!",immediate
"A stranger found a massive riot in the alley, suddenly causing a huge mess!",medium
"A child found a terrifying gas leak in the house, loudly and people are panicking!",emergency
"There’s a trapped and severe robbery at the alley, violently and it’s getting worse!",low
"There’s a freezing and horrible flood at the street, rapidly near my house!",low
"A dog see a rapid landslide in the street, dangerously and people are panicking!",critical
"There’s a drowning and uncontrolled scream in the house, rapidly right now!",high
"A group of people found a rapid assault in the construction site, violently and people are panicking!",medium
"Someone found a chaotic explosion at the school, loudly right now!",medium
"A passenger found a intense gas leak on the apartment, loudly near my house!",high
"There’s a abandoned and sudden explosion at the park, suddenly near my house!",high
"A cyclist hear a intense robbery at the office building, frantically with no one helping!",medium
"A kid see a chaotic flood on the hospital, suddenly and people are panicking!",low
"Someone found a loud gas leak in the street, suddenly and people are panicking!",medium
"There’s a burning and rapid earthquake on the tunnel, unexpectedly in the middle of the night!",high
"A police officer see a rapid fight on the beach, unexpectedly causing a huge mess!",low
"A passenger hear a severe roadblock on the apartment, loudly causing a huge mess!",medium
"A child hear a dangerous riot on the bridge, frantically and it’s getting worse!",medium
"There’s a broken and horrible flood on the park, rapidly near my house!",low
"There’s a unstable and terrifying fight in the stadium, frantically in the middle of the night!",high
"There’s a unstable and uncontrolled fire on the office building, loudly with no one helping!",medium
"A dog see a strange explosion in the school, suddenly near my house!",high
"There’s a hurt and unexpected leak in the tunnel, loudly and it’s getting worse!",high
"A dog see a intense fight in the office building, dangerously near my house!",high
"There’s a burning and massive fire in the park, dangerously with no one helping!",high
"There’s a vandalized and horrible leak in the house, frantically near my house!",emergency
"There’s a hurt and horrible vandalism at the subway, urgently causing a huge mess!",high
"There’s a hurt and severe drowning in the tunnel, urgently that’s blocking traffic!",medium
"There’s a burning and dangerous shooting on the school, rapidly right now!",severe
"There’s a abandoned and unexpected roadblock at the office building, rapidly right now!",severe
"A stranger found a sudden explosion at the factory, rapidly and it’s getting worse!",low
"There’s a burning and loud landslide in the street, dangerously right now!",medium
"There’s a lost and intense fire in the bridge, rapidly and it’s getting worse!",alert
"There’s a lost and dangerous earthquake in the apartment, unexpectedly that’s blocking traffic!",life-threatening
"A woman see a loud landslide on the house, urgently right now!",medium
"There’s a bleeding and sudden gas leak at the highway, urgently near my house!",low
"There’s a hijacked and horrible fire in the tunnel, quickly and people are panicking!",medium
"A stranger found a horrible fight at the bridge, loudly in the middle of the night!",high
"There’s a hijacked and uncontrolled vandalism at the house, suddenly with no one helping!",low
"A woman see a horrible drowning at the parking lot, frantically that’s blocking traffic!",high
"A kid see a unexpected roadblock on the street, suddenly and people are panicking!",immediate
"There’s a burning and dangerous robbery at the store, rapidly in the middle of the night!",low
"A dog hear a dangerous scream on the apartment, violently that’s blocking traffic!",medium
"There’s a unstable and severe shooting at the bridge, quickly right now!",alert
"There’s a suffocating and dangerous robbery in the highway, rapidly and it’s getting worse!",high
"There’s a suffocating and loud scream at the alley, loudly causing a huge mess!",high
"There’s a abandoned and chaotic landslide on the office building, quickly right now!",high
"A driver hear a severe gas leak on the bridge, violently in the middle of the night!",medium
"There’s a unstable and loud scream on the hospital, loudly right now!",medium
"A stranger hear a dangerous scream in the beach, suddenly and it’s getting worse!",medium
"There’s a freezing and severe earthquake at the shopping mall, rapidly and people are panicking!",low
"A child hear a rapid robbery on the store, dangerously and people are panicking!",high
"There’s a broken and sudden earthquake at the factory, frantically that’s blocking traffic!",medium
"There’s a bleeding and chaotic fight at the alley, suddenly and it’s getting worse!",medium
"A dog hear a strange fight at the tunnel, unexpectedly near my house!",medium
"There’s a drowning and chaotic gas leak in the shopping mall, dangerously and it’s getting worse!",low
"Someone found a uncontrolled assault on the apartment, dangerously with no one helping!",high
"There’s a vandalized and severe gas leak in the house, rapidly and people are panicking!",high
"A cyclist hear a intense explosion in the office building, rapidly right now!",low
"There’s a unstable and rapid fire in the parking lot, violently causing a huge mess!",medium
"A child found a sudden gas leak at the bridge, loudly near my house!",medium
"A cat found a sudden leak at the stadium, violently and people are panicking!",low
"There’s a stuck and severe crash on the store, rapidly in the middle of the night!",high
"A firefighter hear a dangerous riot in the parking lot, rapidly with no one helping!",medium
"A student hear a horrible scream on the subway, violently and people are panicking!",medium
"There’s a unstable and uncontrolled shooting at the park, loudly in the middle of the night!",high
"Someone hear a dangerous gas leak at the highway, frantically near my house!",high
"There’s a missing and loud shooting at the street, urgently near my house!",medium
"I found a massive roadblock in the subway, quickly that’s blocking traffic!",low
"There’s a freezing and massive gas leak at the construction site, suddenly right now!",low
"A passenger found a severe riot on the bridge, quickly and it’s getting worse!",medium
"There’s a broken and loud robbery in the tunnel, unexpectedly and people are panicking!",emergency
"There’s a hurt and horrible fire at the construction site, suddenly and it’s getting worse!",critical
"There’s a hurt and severe scream in the alley, unexpectedly near my house!",high
"There’s a vandalized and unexpected power outage on the highway, rapidly that’s blocking traffic!",low
"There’s a unconscious and terrifying gas leak at the street, violently and people are panicking!",severe
"There’s a drowning and massive landslide in the apartment, quickly right now!",high
"A shopkeeper hear a terrifying leak on the alley, loudly near my house!",life-threatening
"A group of people hear a unexpected riot in the construction site, rapidly and people are panicking!",immediate
"A cat found a terrifying crash in the apartment, violently and it’s getting worse!",medium
"A stranger hear a rapid drowning on the construction site, unexpectedly in the middle of the night!",medium
"There’s a collapsing and horrible shooting at the street, dangerously in the middle of the night!",high
"A police officer hear a intense medical emergency at the factory, suddenly that’s blocking traffic!",critical
"There’s a drowning and strange roadblock on the bridge, frantically and it’s getting worse!",medium
"There’s a suffocating and terrifying flood in the highway, violently right now!",medium
"There’s a burning and severe medical emergency on the tunnel, violently and people are panicking!",medium
"There’s a vandalized and chaotic gas leak at the office building, unexpectedly and it’s getting worse!",emergency
"A passenger hear a dangerous explosion on the apartment, urgently in the middle of the night!",medium
"There’s a hijacked and uncontrolled fire in the factory, dangerously and it’s getting worse!",low
"There’s a freezing and strange medical emergency at the stadium, loudly with no one helping!",high
"There’s a collapsing and horrible leak on the bridge, rapidly with no one helping!",low
"A cat hear a loud robbery at the bridge, suddenly with no one helping!",medium
"There’s a bleeding and terrifying vandalism in the school, dangerously and people are panicking!",medium
"A kid found a dangerous gas leak on the store, urgently with no one helping!",immediate
"There’s a lost and chaotic leak at the parking lot, frantically that’s blocking traffic!",medium
"There’s a malfunctioning and horrible riot on the park, dangerously in the middle of the night!",low
"A student found a unexpected scream on the construction site, frantically with no one helping!",critical
"There’s a unconscious and severe scream in the park, rapidly and it’s getting worse!",immediate
"A kid hear a terrifying medical emergency on the alley, rapidly and it’s getting worse!",low
"A cat found a rapid vandalism in the apartment, quickly near my house!",medium
"A firefighter hear a horrible crash at the bridge, urgently with no one helping!",medium
"A student found a uncontrolled vandalism in the school, frantically with no one helping!",high
"There’s a collapsing and loud vandalism at the construction site, loudly causing a huge mess!",medium
"There’s a hurt and strange landslide at the office building, rapidly with no one helping!",alert
"Someone found a loud robbery in the shopping mall, loudly right now!",low
"A kid see a loud fire in the apartment, loudly with no one helping!",low
"A dog hear a loud scream in the shopping mall, quickly causing a huge mess!",immediate
"There’s a malfunctioning and terrifying gas leak at the alley, violently and it’s getting worse!",medium
"A police officer see a chaotic drowning at the highway, loudly that’s blocking traffic!",medium
"There’s a lost and rapid scream in the street, rapidly near my house!",high
"There’s a drowning and rapid power outage on the street, loudly with no one helping!",low
"A group of people found a uncontrolled fight at the house, loudly causing a huge mess!",critical
"A child see a chaotic robbery at the subway, dangerously causing a huge mess!",medium
"There’s a collapsing and loud explosion at the stadium, unexpectedly with no one helping!",alert
"There’s a unconscious and severe landslide on the highway, urgently and people are panicking!",medium
"There’s a malfunctioning and unexpected power outage in the apartment, quickly and people are panicking!",medium
"A passenger found a loud flood on the park, unexpectedly and people are panicking!",low
"There’s a burning and sudden fire in the tunnel, dangerously and it’s getting worse!",medium
"There’s a burning and massive medical emergency on the store, frantically that’s blocking traffic!",critical
"A firefighter hear a uncontrolled gas leak on the beach, quickly causing a huge mess!",high
"There’s a unconscious and massive medical emergency on the house, frantically near my house!",low
"A passenger found a unexpected fire on the store, quickly near my house!",high
"A dog found a dangerous explosion at the store, frantically with no one helping!",medium
"There’s a lost and unexpected explosion at the park, violently and people are panicking!",medium
"A cyclist hear a strange riot in the apartment, quickly and people are panicking!",emergency
"There’s a trapped and intense robbery in the factory, suddenly right now!",medium
"A kid found a terrifying flood in the street, dangerously in the middle of the night!",alert
"A passenger found a dangerous drowning on the alley, quickly with no one helping!",critical
"A child found a uncontrolled drowning on the subway, violently right now!",low
"There’s a collapsing and rapid vandalism at the construction site, violently that’s blocking traffic!",severe
"There’s a vandalized and intense roadblock on the hospital, violently right now!",critical
"There’s a vandalized and rapid drowning on the house, suddenly and people are panicking!",low
"A group of people see a rapid fire on the office building, quickly causing a huge mess!",medium
"There’s a suffocating and rapid fire on the parking lot, urgently with no one helping!",low
"A cat found a uncontrolled landslide on the factory, urgently near my house!",immediate
"A woman found a rapid riot at the construction site, quickly that’s blocking traffic!",emergency
"A group of people see a horrible assault on the office building, dangerously with no one helping!",low
"There’s a malfunctioning and terrifying shooting on the shopping mall, rapidly causing a huge mess!",high
"There’s a drowning and uncontrolled roadblock at the street, rapidly and it’s getting worse!",medium
"There’s a stuck and dangerous roadblock on the hospital, frantically and people are panicking!",high
"There’s a unstable and horrible assault on the beach, frantically and people are panicking!",life-threatening
"There’s a burning and rapid landslide at the construction site, loudly that’s blocking traffic!",medium
"There’s a unconscious and loud assault on the subway, suddenly that’s blocking traffic!",critical
"There’s a hurt and dangerous riot at the street, frantically with no one helping!",critical
"There’s a hurt and terrifying medical emergency at the park, urgently with no one helping!",medium
"A driver see a rapid earthquake at the highway, suddenly near my house!",medium
"My neighbor see a rapid flood at the bridge, dangerously in the middle of the night!",high
"A group of people hear a loud landslide at the subway, violently right now!",medium
"There’s a unconscious and strange explosion in the office building, unexpectedly that’s blocking traffic!",emergency
"A stranger found a unexpected robbery in the school, dangerously right now!",medium
"There’s a missing and intense power outage at the bridge, rapidly with no one helping!",low
"A dog found a severe gas leak on the construction site, dangerously in the middle of the night!",high
"There’s a malfunctioning and loud shooting at the office building, unexpectedly near my house!",emergency
"A group of people found a intense medical emergency in the construction site, suddenly and it’s getting worse!",immediate
"I see a dangerous scream in the parking lot, unexpectedly with no one helping!",alert
"There’s a broken and chaotic shooting at the shopping mall, urgently causing a huge mess!",medium
"There’s a unconscious and horrible leak on the bridge, violently with no one helping!",severe
"There’s a collapsing and massive shooting on the bridge, frantically that’s blocking traffic!",emergency
"An old man see a severe crash in the shopping mall, unexpectedly and it’s getting worse!",immediate
"There’s a bleeding and loud shooting in the subway, urgently with no one helping!",medium
"There’s a suffocating and dangerous drowning on the house, suddenly with no one helping!",severe
"A cat see a strange vandalism on the store, dangerously causing a huge mess!",low
"A dog hear a massive crash at the school, frantically in the middle of the night!",low
"There’s a stuck and chaotic shooting at the apartment, rapidly in the middle of the night!",critical
"There’s a unconscious and horrible assault at the park, violently and people are panicking!",immediate
"There’s a abandoned and intense flood on the hospital, frantically and people are panicking!",medium
"There’s a drowning and strange riot on the school, rapidly that’s blocking traffic!",medium
"A driver see a dangerous power outage on the office building, dangerously in the middle of the night!",emergency
"A kid hear a loud leak at the street, unexpectedly in the middle of the night!",medium
"A kid see a intense riot in the park, quickly near my house!",low
"A shopkeeper found a rapid riot in the construction site, frantically that’s blocking traffic!",alert
"There’s a freezing and strange power outage on the subway, unexpectedly in the middle of the night!",life-threatening
"A cyclist see a loud robbery in the street, suddenly and it’s getting worse!",medium
"A child hear a chaotic roadblock at the street, quickly in the middle of the night!",medium
"A student hear a strange robbery on the tunnel, unexpectedly near my house!",medium
"A child hear a sudden drowning at the street, unexpectedly with no one helping!",medium
"There’s a trapped and sudden flood on the street, quickly causing a huge mess!",immediate
"A driver see a sudden robbery at the school, frantically and it’s getting worse!",low
"There’s a bleeding and horrible fight in the hospital, violently that’s blocking traffic!",critical
"A kid hear a massive robbery in the street, suddenly and it’s getting worse!",high
"A shopkeeper see a terrifying earthquake at the construction site, dangerously in the middle of the night!",immediate
"There’s a unstable and strange medical emergency at the highway, dangerously with no one helping!",critical
"A driver found a chaotic power outage at the school, urgently near my house!",emergency
"There’s a abandoned and chaotic crash at the alley, rapidly and it’s getting worse!",medium
"A shopkeeper found a terrifying power outage on the tunnel, violently and it’s getting worse!",medium
"There’s a hijacked and horrible earthquake on the alley, frantically and it’s getting worse!",high
"There’s a suffocating and dangerous drowning on the bridge, suddenly right now!",medium
"An old man hear a uncontrolled fight in the alley, loudly with no one helping!",severe
"A stranger found a loud crash at the street, urgently in the middle of the night!",critical
"My neighbor found a horrible drowning on the school, unexpectedly and it’s getting worse!",high
"A police officer hear a loud assault in the house, rapidly near my house!",medium
"There’s a malfunctioning and intense drowning in the tunnel, violently and it’s getting worse!",high
"My neighbor see a strange roadblock at the apartment, suddenly and it’s getting worse!",medium
"A passenger see a sudden riot in the alley, unexpectedly right now!",medium
"A woman see a rapid fight in the beach, unexpectedly and people are panicking!",medium
"A student see a sudden fire on the shopping mall, urgently near my house!",low
"A firefighter hear a uncontrolled vandalism on the park, rapidly in the middle of the night!",low
"There’s a collapsing and loud fight in the hospital, suddenly and it’s getting worse!",critical
"My neighbor hear a terrifying landslide at the shopping mall, quickly right now!",medium
"My neighbor hear a rapid riot on the highway, rapidly that’s blocking traffic!",high
"A stranger see a unexpected power outage on the house, rapidly right now!",medium
"A firefighter hear a severe landslide in the parking lot, dangerously near my house!",medium
"There’s a unstable and loud riot on the house, loudly in the middle of the night!",medium
"A passenger hear a horrible vandalism at the office building, rapidly causing a huge mess!",medium
"A stranger found a uncontrolled landslide at the stadium, dangerously right now!",low
"There’s a drowning and uncontrolled leak in the hospital, violently near my house!",medium
"A driver found a sudden robbery at the office building, loudly right now!",medium
"A child see a dangerous drowning on the apartment, unexpectedly causing a huge mess!",high
"A woman hear a chaotic explosion at the highway, urgently and people are panicking!",low
"My neighbor see a massive assault in the store, dangerously right now!",low
"A kid see a uncontrolled leak on the store, suddenly right now!",high
"A passenger found a rapid gas leak at the store, unexpectedly that’s blocking traffic!",high
"There’s a lost and terrifying riot at the school, violently in the middle of the night!",immediate
"There’s a hurt and chaotic crash in the school, loudly and it’s getting worse!",medium
"An old man found a strange flood on the factory, violently that’s blocking traffic!",life-threatening
"There’s a trapped and massive leak at the shopping mall, violently near my house!",low
"A group of people hear a uncontrolled fight on the parking lot, frantically that’s blocking traffic!",low
"There’s a hijacked and rapid drowning in the bridge, loudly causing a huge mess!",immediate
"A student found a horrible fire in the factory, dangerously right now!",medium
"There’s a hurt and loud shooting on the alley, rapidly near my house!",medium
"There’s a abandoned and strange drowning on the shopping mall, unexpectedly and it’s getting worse!",high
"Someone found a unexpected gas leak at the stadium, unexpectedly causing a huge mess!",low
"There’s a missing and chaotic vandalism at the house, unexpectedly and people are panicking!",immediate
"I hear a chaotic riot on the house, suddenly right now!",medium
"There’s a lost and unexpected drowning at the bridge, suddenly with no one helping!",alert
"A passenger hear a horrible earthquake on the bridge, loudly that’s blocking traffic!",immediate
"There’s a unconscious and horrible shooting in the stadium, frantically near my house!",low
"There’s a trapped and unexpected roadblock in the street, quickly causing a huge mess!",life-threatening
"A stranger found a rapid medical emergency in the hospital, urgently right now!",life-threatening
"A student see a horrible drowning on the office building, quickly and people are panicking!",emergency
"There’s a vandalized and dangerous roadblock in the store, frantically that’s blocking traffic!",high
"A stranger see a loud roadblock in the shopping mall, unexpectedly and it’s getting worse!",medium
"There’s a lost and uncontrolled vandalism in the alley, quickly right now!",high
"A cyclist found a strange robbery at the store, frantically that’s blocking traffic!",low
"There’s a burning and uncontrolled robbery on the park, violently near my house!",medium
"There’s a unstable and loud gas leak in the store, loudly and people are panicking!",life-threatening
"There’s a trapped and loud crash at the beach, loudly near my house!",high
"A woman hear a chaotic scream in the store, rapidly near my house!",medium
"An old man hear a rapid shooting at the highway, urgently that’s blocking traffic!",alert
"There’s a drowning and rapid earthquake at the street, frantically and it’s getting worse!",high
"There’s a freezing and horrible roadblock on the office building, urgently that’s blocking traffic!",medium
"There’s a lost and massive medical emergency on the stadium, violently near my house!",medium
"There’s a drowning and sudden drowning on the factory, suddenly with no one helping!",high
"There’s a unstable and dangerous leak in the stadium, dangerously with no one helping!",medium
"There’s a hijacked and intense vandalism on the factory, urgently causing a huge mess!",medium
"I see a chaotic robbery at the beach, loudly and it’s getting worse!",emergency
"There’s a suffocating and terrifying fire in the parking lot, frantically and people are panicking!",high
"My neighbor hear a rapid power outage in the bridge, dangerously with no one helping!",low
"A passenger hear a loud flood at the park, suddenly and it’s getting worse!",medium
"A child see a dangerous explosion in the tunnel, frantically right now!",critical
"There’s a hijacked and horrible assault on the store, frantically with no one helping!",medium
"There’s a drowning and dangerous riot at the highway, urgently near my house!",medium
"A woman hear a rapid scream at the beach, dangerously causing a huge mess!",low
"There’s a suffocating and uncontrolled vandalism in the street, violently with no one helping!",high
"A cyclist found a horrible roadblock in the beach, unexpectedly causing a huge mess!",high
"A student found a horrible landslide in the parking lot, loudly causing a huge mess!",medium
"There’s a broken and terrifying leak on the subway, rapidly near my house!",low
"There’s a hijacked and chaotic explosion on the school, frantically near my house!",medium
"There’s a burning and massive scream on the tunnel, unexpectedly near my house!",life-threatening
"There’s a missing and massive assault on the park, rapidly right now!",high
"Someone see a dangerous scream at the office building, violently in the middle of the night!",emergency
"There’s a bleeding and chaotic crash at the bridge, unexpectedly right now!",immediate
"A shopkeeper found a dangerous leak at the highway, violently causing a huge mess!",medium
"There’s a stuck and horrible drowning on the stadium, quickly in the middle of the night!",medium
"My neighbor found a dangerous shooting on the store, rapidly near my house!",high
"There’s a trapped and severe roadblock in the highway, quickly and people are panicking!",high
"There’s a hijacked and terrifying shooting in the bridge, suddenly with no one helping!",alert
"A firefighter hear a dangerous explosion at the office building, loudly with no one helping!",medium
"There’s a vandalized and terrifying vandalism at the office building, loudly in the middle of the night!",medium
"There’s a missing and loud roadblock at the school, dangerously causing a huge mess!",high
"A passenger see a sudden robbery on the bridge, rapidly and it’s getting worse!",high
"There’s a abandoned and unexpected drowning in the school, urgently causing a huge mess!",alert
"A student found a severe vandalism at the factory, quickly that’s blocking traffic!",emergency
"Someone see a terrifying fire at the hospital, unexpectedly and people are panicking!",high
"A driver found a intense earthquake on the alley, frantically right now!",medium
"There’s a bleeding and strange crash at the highway, urgently with no one helping!",low
"There’s a stuck and horrible leak at the beach, frantically and people are panicking!",high
"There’s a trapped and horrible medical emergency on the alley, loudly in the middle of the night!",low
"A woman see a uncontrolled landslide on the park, urgently and people are panicking!",high
"An old man found a severe flood on the factory, violently and people are panicking!",low
"There’s a hurt and rapid flood on the store, loudly near my house!",medium
"My neighbor see a sudden explosion at the alley, unexpectedly near my house!",medium
"My neighbor found a severe vandalism at the shopping mall, frantically that’s blocking traffic!",alert
"There’s a unconscious and loud earthquake in the construction site, urgently and it’s getting worse!",immediate
"A driver found a unexpected leak at the street, violently and it’s getting worse!",low
"There’s a hijacked and loud fire on the school, suddenly causing a huge mess!",medium
"A shopkeeper hear a horrible roadblock at the park, quickly in the middle of the night!",high
"Someone found a loud roadblock at the store, frantically with no one helping!",life-threatening
"Someone found a loud flood at the bridge, quickly near my house!",high
"There’s a unstable and uncontrolled roadblock in the store, unexpectedly and people are panicking!",high
"A passenger found a sudden riot on the street, rapidly causing a huge mess!",high
"A group of people see a horrible landslide on the construction site, rapidly near my house!",high
"A cat hear a sudden landslide at the alley, quickly near my house!",medium
"My neighbor see a massive power outage at the parking lot, violently with no one helping!",emergency
"There’s a broken and unexpected earthquake at the beach, unexpectedly with no one helping!",medium
"There’s a hurt and sudden gas leak on the construction site, suddenly causing a huge mess!",high
"A passenger hear a dangerous shooting at the subway, frantically and people are panicking!",immediate
"There’s a abandoned and rapid landslide in the parking lot, urgently right now!",medium
"There’s a broken and horrible earthquake on the shopping mall, suddenly causing a huge mess!",medium
"A dog found a dangerous drowning at the stadium, urgently in the middle of the night!",emergency
"There’s a malfunctioning and intense fight at the beach, frantically and people are panicking!",low
"I hear a uncontrolled explosion in the bridge, urgently right now!",high
"There’s a lost and sudden roadblock on the stadium, dangerously right now!",medium
"Someone see a unexpected medical emergency on the beach, frantically with no one helping!",low
"A dog hear a dangerous medical emergency on the shopping mall, violently that’s blocking traffic!",immediate
"A student found a chaotic riot in the hospital, unexpectedly that’s blocking traffic!",medium
"There’s a abandoned and loud scream on the tunnel, quickly causing a huge mess!",severe
"There’s a abandoned and terrifying drowning at the shopping mall, frantically with no one helping!",medium
"A dog hear a severe scream on the school, dangerously right now!",low
"A cyclist hear a terrifying shooting in the beach, frantically right now!",medium
"There’s a unstable and sudden drowning at the house, suddenly right now!",severe
"A woman hear a massive leak in the street, rapidly and people are panicking!",critical
"There’s a hijacked and unexpected drowning in the street, violently with no one helping!",medium
"A woman hear a loud riot in the subway, unexpectedly and people are panicking!",low
"There’s a freezing and rapid earthquake in the house, suddenly with no one helping!",high
"A dog found a chaotic earthquake in the subway, frantically and it’s getting worse!",low
"There’s a unconscious and horrible medical emergency at the house, dangerously in the middle of the night!",life-threatening
"There’s a abandoned and horrible medical emergency on the tunnel, violently causing a huge mess!",low
"A cat see a uncontrolled earthquake at the tunnel, urgently causing a huge mess!",medium
"There’s a burning and loud power outage on the hospital, urgently that’s blocking traffic!",high
"There’s a malfunctioning and sudden drowning on the tunnel, unexpectedly that’s blocking traffic!",low
"There’s a missing and unexpected shooting in the tunnel, quickly that’s blocking traffic!",high
"A child found a strange gas leak on the office building, dangerously with no one helping!",medium
"There’s a lost and chaotic fire in the parking lot, dangerously with no one helping!",low
"There’s a unconscious and rapid earthquake in the subway, unexpectedly with no one helping!",emergency
"There’s a hijacked and unexpected drowning on the office building, frantically and people are panicking!",medium
"There’s a missing and horrible crash at the street, rapidly and it’s getting worse!",high
"A group of people found a chaotic landslide at the beach, violently with no one helping!",high
"There’s a abandoned and rapid landslide on the office building, violently near my house!",immediate
"There’s a drowning and dangerous scream on the office building, urgently and people are panicking!",low
"There’s a freezing and intense shooting on the bridge, unexpectedly and people are panicking!",medium
"There’s a unstable and horrible medical emergency in the apartment, urgently in the middle of the night!",medium
"There’s a bleeding and rapid earthquake at the stadium, suddenly and it’s getting worse!",medium
"A kid hear a terrifying fight at the school, urgently near my house!",medium
"An old man hear a loud explosion at the office building, dangerously causing a huge mess!",alert
"A driver found a uncontrolled medical emergency at the factory, loudly right now!",severe
"There’s a missing and dangerous scream in the school, frantically right now!",critical
"There’s a abandoned and loud landslide at the park, suddenly and people are panicking!",high
"There’s a freezing and strange power outage in the stadium, rapidly causing a huge mess!",high
"There’s a suffocating and loud robbery at the parking lot, quickly with no one helping!",emergency
"An old man hear a strange drowning at the park, violently in the middle of the night!",medium
"A group of people see a severe shooting at the factory, rapidly that’s blocking traffic!",high
"There’s a hijacked and intense leak at the store, unexpectedly and people are panicking!",medium
"My neighbor hear a intense explosion in the highway, dangerously and people are panicking!",medium
"There’s a bleeding and dangerous scream at the street, dangerously right now!",medium
"There’s a hijacked and chaotic crash at the highway, rapidly that’s blocking traffic!",high
"There’s a burning and sudden shooting in the park, suddenly and it’s getting worse!",low
"A driver hear a terrifying drowning in the construction site, loudly with no one helping!",high
"There’s a malfunctioning and rapid flood at the construction site, suddenly near my house!",medium
"There’s a stuck and horrible explosion on the street, frantically in the middle of the night!",high
"There’s a drowning and dangerous robbery on the hospital, unexpectedly right now!",high
"There’s a hijacked and dangerous crash at the alley, suddenly and people are panicking!",low
"There’s a hijacked and sudden power outage on the beach, suddenly and people are panicking!",high
"A cat found a dangerous shooting on the apartment, dangerously and it’s getting worse!",critical
"There’s a missing and intense flood in the street, unexpectedly right now!",medium
"A dog see a uncontrolled robbery on the store, dangerously and people are panicking!",medium
"There’s a hijacked and uncontrolled power outage at the alley, frantically and it’s getting worse!",immediate
"A dog see a unexpected leak in the beach, frantically causing a huge mess!",medium
"I found a terrifying roadblock on the parking lot, rapidly in the middle of the night!",high
"There’s a hijacked and intense medical emergency at the hospital, urgently that’s blocking traffic!",high
"An old man see a horrible crash at the street, dangerously near my house!",medium
"A cat hear a sudden robbery on the office building, urgently near my house!",critical
"There’s a unconscious and horrible fire in the apartment, urgently in the middle of the night!",low
"A firefighter see a chaotic power outage in the hospital, quickly and it’s getting worse!",high
"There’s a hijacked and massive gas leak on the stadium, suddenly with no one helping!",life-threatening
"A cat found a dangerous power outage at the highway, frantically that’s blocking traffic!",immediate
"There’s a drowning and horrible shooting on the park, unexpectedly near my house!",alert
"There’s a broken and intense scream at the alley, loudly and people are panicking!",low
"There’s a drowning and terrifying earthquake at the office building, urgently near my house!",medium
"There’s a missing and horrible robbery on the bridge, unexpectedly near my house!",low
"A dog see a severe robbery in the construction site, suddenly that’s blocking traffic!",critical
"There’s a unstable and horrible robbery at the apartment, rapidly causing a huge mess!",medium
"A cyclist hear a intense vandalism in the alley, loudly and people are panicking!",emergency
"My neighbor see a dangerous assault in the apartment, quickly and it’s getting worse!",low
"There’s a lost and chaotic gas leak on the highway, rapidly and people are panicking!",low
"There’s a bleeding and rapid roadblock in the factory, violently and people are panicking!",high
"There’s a burning and chaotic crash at the alley, loudly and people are panicking!",high
"A passenger found a horrible vandalism at the beach, unexpectedly causing a huge mess!",alert
"There’s a collapsing and chaotic fire at the house, urgently and it’s getting worse!",critical
"A passenger see a dangerous crash in the street, loudly that’s blocking traffic!",critical
"There’s a hurt and chaotic power outage at the office building, quickly causing a huge mess!",high
"There’s a hijacked and terrifying assault at the highway, suddenly and it’s getting worse!",medium
"There’s a burning and severe earthquake on the factory, urgently that’s blocking traffic!",low
"There’s a bleeding and rapid assault at the office building, frantically that’s blocking traffic!",life-threatening
"There’s a freezing and intense drowning at the shopping mall, urgently and it’s getting worse!",medium
"There’s a vandalized and severe fire in the park, suddenly causing a huge mess!",critical
"There’s a broken and massive gas leak at the stadium, violently and it’s getting worse!",high
"A police officer found a rapid fight in the house, loudly that’s blocking traffic!",high
"Someone see a massive flood in the factory, unexpectedly near my house!",high
"A shopkeeper see a strange medical emergency at the hospital, loudly causing a huge mess!",medium
"A child see a severe fight in the office building, urgently right now!",low
"A shopkeeper see a rapid shooting on the park, suddenly in the middle of the night!",life-threatening
"A shopkeeper see a dangerous gas leak in the office building, frantically with no one helping!",high
"A cat see a unexpected medical emergency at the school, violently causing a huge mess!",medium
"There’s a broken and loud medical emergency on the shopping mall, suddenly right now!",medium
"There’s a trapped and loud explosion in the subway, violently causing a huge mess!",medium
"A shopkeeper found a loud power outage in the highway, rapidly with no one helping!",medium
"There’s a unconscious and severe earthquake at the alley, suddenly near my house!",low
"A stranger hear a chaotic explosion at the apartment, dangerously and people are panicking!",high
"A child hear a uncontrolled fire on the apartment, unexpectedly and people are panicking!",medium
"There’s a missing and chaotic earthquake on the school, dangerously right now!",high
"There’s a stuck and massive shooting in the street, violently and people are panicking!",immediate
"A dog see a unexpected medical emergency on the park, dangerously causing a huge mess!",medium
"There’s a missing and horrible earthquake in the store, loudly causing a huge mess!",high
"There’s a hijacked and terrifying flood at the bridge, rapidly right now!",low
"There’s a drowning and massive medical emergency on the apartment, unexpectedly causing a huge mess!",immediate
"A passenger hear a massive riot on the school, quickly that’s blocking traffic!",medium
"A woman found a unexpected riot at the store, violently that’s blocking traffic!",critical
"There’s a missing and terrifying power outage at the park, frantically and it’s getting worse!",low
"There’s a malfunctioning and massive gas leak at the park, loudly right now!",low
"There’s a malfunctioning and strange power outage on the street, quickly that’s blocking traffic!",high
"An old man hear a massive explosion on the apartment, suddenly and it’s getting worse!",high
"A driver hear a terrifying fight on the shopping mall, dangerously and it’s getting worse!",high
"There’s a drowning and strange power outage on the shopping mall, suddenly that’s blocking traffic!",medium
"There’s a lost and chaotic fire on the school, unexpectedly in the middle of the night!",high
"Someone see a massive crash at the subway, dangerously that’s blocking traffic!",severe
"I hear a horrible scream on the park, violently in the middle of the night!",emergency
"There’s a burning and rapid fire in the tunnel, quickly and people are panicking!",severe
"There’s a missing and massive fight on the alley, urgently in the middle of the night!",critical
"There’s a vandalized and unexpected landslide in the parking lot, quickly that’s blocking traffic!",life-threatening
"There’s a unstable and unexpected explosion on the hospital, dangerously and people are panicking!",high
"There’s a unconscious and intense gas leak in the office building, violently that’s blocking traffic!",medium
"A driver found a unexpected power outage on the highway, dangerously with no one helping!",severe
"A dog found a horrible shooting in the shopping mall, urgently near my house!",medium
"A child hear a rapid scream at the shopping mall, violently causing a huge mess!",low
"I see a intense shooting at the subway, suddenly in the middle of the night!",alert
"A police officer hear a rapid vandalism in the construction site, urgently that’s blocking traffic!",high
"A woman see a massive fire on the parking lot, frantically near my house!",medium
"There’s a trapped and intense robbery on the factory, unexpectedly and it’s getting worse!",critical
"There’s a hurt and uncontrolled roadblock in the store, suddenly that’s blocking traffic!",immediate
"There’s a trapped and sudden fight at the alley, rapidly in the middle of the night!",severe
"There’s a lost and sudden crash on the street, loudly near my house!",high
"A cat hear a terrifying fight at the apartment, urgently right now!",high
"There’s a burning and horrible robbery at the hospital, violently with no one helping!",medium
"There’s a collapsing and severe drowning on the store, urgently near my house!",critical
"A cat found a horrible fight in the factory, unexpectedly and it’s getting worse!",medium
"There’s a missing and chaotic vandalism at the alley, violently and people are panicking!",medium
"A passenger found a loud riot in the house, quickly causing a huge mess!",emergency
"There’s a lost and severe explosion in the alley, suddenly near my house!",low
"There’s a bleeding and massive earthquake on the school, rapidly and people are panicking!",severe
"There’s a hijacked and strange explosion at the street, rapidly causing a huge mess!",low
"A passenger see a dangerous medical emergency in the beach, frantically with no one helping!",medium
"There’s a unstable and chaotic gas leak in the apartment, frantically and people are panicking!",immediate
"There’s a missing and severe leak on the street, rapidly and it’s getting worse!",low
"There’s a bleeding and strange gas leak in the beach, frantically and people are panicking!",low
"There’s a hurt and terrifying gas leak at the street, unexpectedly and it’s getting worse!",high
"An old man see a loud fire in the hospital, urgently and people are panicking!",high
"There’s a malfunctioning and horrible medical emergency on the parking lot, frantically and people are panicking!",emergency
"My neighbor hear a horrible drowning at the hospital, dangerously near my house!",low
"A child hear a loud medical emergency in the park, violently and people are panicking!",high
"There’s a collapsing and intense fight at the subway, suddenly near my house!",emergency
"A woman hear a severe fire on the factory, violently causing a huge mess!",high
"An old man see a strange crash on the apartment, dangerously in the middle of the night!",high
"There’s a suffocating and unexpected shooting at the hospital, violently and people are panicking!",low
"There’s a hijacked and rapid fight on the bridge, rapidly in the middle of the night!",life-threatening
"An old man see a horrible roadblock on the street, urgently that’s blocking traffic!",high
"A cyclist hear a loud leak at the store, frantically in the middle of the night!",critical
"An old man hear a intense roadblock in the store, loudly and it’s getting worse!",critical
"There’s a unstable and dangerous riot in the house, frantically in the middle of the night!",high
"I hear a chaotic fire on the bridge, frantically near my house!",medium
"I hear a massive fire on the office building, frantically causing a huge mess!",high
"There’s a lost and sudden vandalism on the office building, dangerously right now!",immediate
"A child see a horrible gas leak on the highway, quickly near my house!",medium
"There’s a missing and severe explosion at the park, rapidly right now!",emergency
"A cyclist hear a rapid medical emergency in the construction site, urgently causing a huge mess!",medium
"There’s a abandoned and dangerous medical emergency on the stadium, violently causing a huge mess!",alert
"A shopkeeper found a horrible leak in the office building, dangerously and it’s getting worse!",emergency
"Someone see a chaotic crash in the house, loudly with no one helping!",immediate
"I see a dangerous landslide on the office building, quickly with no one helping!",low
"A child found a unexpected explosion in the parking lot, dangerously and people are panicking!",immediate
"A police officer found a rapid drowning at the tunnel, dangerously right now!",life-threatening
"A firefighter hear a unexpected earthquake in the alley, suddenly and it’s getting worse!",immediate
"There’s a unconscious and intense crash at the factory, suddenly right now!",life-threatening
"My neighbor found a loud gas leak on the highway, urgently that’s blocking traffic!",severe
"My neighbor found a dangerous landslide at the subway, frantically with no one helping!",life-threatening
"There’s a unconscious and dangerous explosion at the alley, quickly that’s blocking traffic!",low
"There’s a vandalized and uncontrolled power outage in the subway, rapidly and people are panicking!",medium
"A dog found a intense landslide at the highway, rapidly near my house!",severe
"A cyclist hear a horrible assault in the tunnel, violently causing a huge mess!",emergency
"There’s a hurt and dangerous medical emergency at the beach, dangerously and it’s getting worse!",medium
"A shopkeeper see a loud earthquake in the tunnel, loudly and people are panicking!",emergency
"There’s a drowning and sudden fight in the store, rapidly causing a huge mess!",immediate
"A dog found a intense riot at the store, quickly right now!",emergency
"I hear a chaotic drowning in the house, violently and it’s getting worse!",high
"A stranger hear a sudden scream in the park, suddenly and people are panicking!",medium
"There’s a burning and sudden roadblock in the construction site, loudly in the middle of the night!",medium
"A dog hear a horrible explosion on the house, rapidly in the middle of the night!",low
"A shopkeeper found a chaotic crash in the factory, unexpectedly causing a huge mess!",alert
"A firefighter see a massive explosion on the parking lot, frantically with no one helping!",high
"A shopkeeper see a terrifying shooting on the park, quickly right now!",life-threatening
"There’s a lost and uncontrolled riot on the store, frantically with no one helping!",low
"A kid hear a rapid shooting on the subway, quickly near my house!",high
"A driver see a uncontrolled assault in the shopping mall, urgently near my house!",low
"A police officer see a intense riot on the stadium, quickly and people are panicking!",severe
"A passenger hear a uncontrolled flood at the highway, suddenly with no one helping!",severe
"There’s a hijacked and dangerous vandalism in the bridge, loudly near my house!",low
"There’s a unconscious and chaotic crash at the factory, urgently in the middle of the night!",emergency
"There’s a burning and terrifying fire in the bridge, frantically that’s blocking traffic!",emergency
"A stranger found a unexpected vandalism in the shopping mall, suddenly and people are panicking!",low
"A group of people see a intense shooting in the highway, frantically causing a huge mess!",alert
"There’s a burning and horrible robbery at the highway, rapidly that’s blocking traffic!",high
"A driver found a horrible robbery on the factory, unexpectedly near my house!",medium
"A group of people found a terrifying gas leak in the stadium, unexpectedly with no one helping!",low
"There’s a hijacked and terrifying crash in the tunnel, frantically near my house!",emergency
"A child see a severe leak on the hospital, rapidly with no one helping!",medium
"A police officer hear a rapid gas leak at the bridge, frantically that’s blocking traffic!",low
"There’s a vandalized and dangerous assault at the park, frantically that’s blocking traffic!",medium
"A woman hear a unexpected fire on the beach, loudly causing a huge mess!",medium
"There’s a lost and terrifying drowning on the bridge, quickly that’s blocking traffic!",emergency
"A passenger found a horrible assault in the park, unexpectedly and people are panicking!",low
"A passenger hear a chaotic power outage in the hospital, violently and people are panicking!",alert
"I hear a rapid shooting on the tunnel, quickly with no one helping!",critical
"A cat found a massive riot at the subway, loudly that’s blocking traffic!",medium
"Someone see a terrifying riot on the park, dangerously right now!",immediate
"There’s a freezing and chaotic assault in the parking lot, unexpectedly that’s blocking traffic!",medium
"There’s a bleeding and rapid explosion on the street, loudly that’s blocking traffic!",high
"A police officer hear a intense drowning on the beach, urgently near my house!",medium
"There’s a lost and unexpected shooting on the alley, unexpectedly with no one helping!",medium
"There’s a abandoned and massive assault at the parking lot, loudly and it’s getting worse!",medium
"A cyclist found a strange riot at the parking lot, suddenly that’s blocking traffic!",immediate
"There’s a collapsing and terrifying medical emergency at the beach, quickly near my house!",high
"My neighbor found a sudden earthquake at the store, unexpectedly that’s blocking traffic!",high
"A passenger see a dangerous fire at the street, quickly and it’s getting worse!",medium
"There’s a vandalized and severe flood at the street, frantically that’s blocking traffic!",medium
"There’s a lost and massive assault in the office building, quickly near my house!",high
"An old man found a terrifying robbery on the hospital, rapidly with no one helping!",critical
"A firefighter hear a strange leak on the beach, violently right now!",severe
"There’s a drowning and horrible fight in the hospital, frantically with no one helping!",medium
"There’s a burning and terrifying drowning at the tunnel, dangerously with no one helping!",life-threatening
"A cyclist found a chaotic fight at the bridge, rapidly with no one helping!",low
"There’s a hurt and strange roadblock at the tunnel, loudly with no one helping!",high
"A cyclist found a terrifying shooting on the office building, violently near my house!",high
"There’s a vandalized and strange shooting at the tunnel, suddenly that’s blocking traffic!",low
"A driver hear a strange fight in the park, violently in the middle of the night!",high
"A firefighter found a strange leak in the office building, rapidly near my house!",medium
"There’s a abandoned and terrifying flood in the bridge, loudly that’s blocking traffic!",low
"There’s a vandalized and chaotic robbery on the tunnel, suddenly in the middle of the night!",critical
"I see a loud earthquake in the office building, violently with no one helping!",medium
"A police officer found a rapid assault in the construction site, suddenly that’s blocking traffic!",critical
"There’s a broken and intense shooting on the alley, rapidly causing a huge mess!",low
"A shopkeeper see a severe drowning on the beach, violently near my house!",medium
"There’s a hijacked and terrifying robbery on the bridge, violently near my house!",immediate
"A shopkeeper hear a strange gas leak at the factory, loudly with no one helping!",medium
"My neighbor found a intense crash on the construction site, frantically near my house!",medium
"A group of people hear a strange shooting on the beach, frantically causing a huge mess!",low
"A dog see a chaotic robbery at the tunnel, violently near my house!",high
"There’s a hijacked and intense earthquake at the factory, frantically right now!",high
"A shopkeeper found a loud shooting at the school, urgently in the middle of the night!",severe
"There’s a malfunctioning and loud vandalism in the street, suddenly causing a huge mess!",medium
"A student see a unexpected fight in the bridge, urgently right now!",emergency
"There’s a hijacked and strange vandalism on the office building, violently near my house!",medium
"A shopkeeper hear a sudden fight in the stadium, rapidly and it’s getting worse!",high
"A stranger hear a intense flood at the construction site, loudly causing a huge mess!",severe
"A stranger found a strange landslide on the stadium, dangerously with no one helping!",life-threatening
"An old man see a horrible landslide at the highway, rapidly in the middle of the night!",medium
"A cat hear a chaotic earthquake in the beach, rapidly with no one helping!",high
"There’s a bleeding and chaotic drowning on the factory, dangerously near my house!",high
"A dog found a rapid gas leak in the alley, urgently that’s blocking traffic!",medium
"There’s a vandalized and sudden shooting on the beach, loudly right now!",medium
"An old man see a horrible assault on the shopping mall, loudly and it’s getting worse!",immediate
"I hear a sudden explosion at the alley, unexpectedly in the middle of the night!",emergency
"A kid hear a horrible roadblock at the alley, violently and it’s getting worse!",severe
"A dog see a intense landslide in the beach, violently near my house!",low
"There’s a missing and dangerous gas leak at the tunnel, unexpectedly causing a huge mess!",medium
"My neighbor see a unexpected vandalism on the apartment, dangerously that’s blocking traffic!",critical
"A police officer hear a chaotic crash on the apartment, violently and it’s getting worse!",critical
"There’s a trapped and dangerous fight at the highway, violently and it’s getting worse!",critical
"There’s a stuck and massive power outage on the subway, frantically and it’s getting worse!",immediate
"There’s a burning and strange flood on the beach, urgently in the middle of the night!",low
"A group of people hear a horrible explosion on the bridge, frantically causing a huge mess!",immediate
"A student see a loud roadblock on the house, frantically right now!",critical
"A woman hear a severe assault in the shopping mall, suddenly and it’s getting worse!",low
"There’s a trapped and terrifying shooting in the beach, quickly that’s blocking traffic!",emergency
"There’s a burning and uncontrolled fire on the park, violently and it’s getting worse!",low
"There’s a burning and strange leak on the beach, rapidly causing a huge mess!",medium
"There’s a drowning and strange scream in the hospital, violently and people are panicking!",medium
"There’s a trapped and massive earthquake at the shopping mall, violently right now!",high
"A stranger found a chaotic riot at the hospital, frantically and it’s getting worse!",life-threatening
"A kid hear a unexpected landslide in the school, quickly with no one helping!",medium
"There’s a missing and unexpected medical emergency on the house, suddenly with no one helping!",low
"My neighbor found a rapid leak at the house, violently that’s blocking traffic!",medium
"A cyclist hear a sudden crash in the beach, suddenly that’s blocking traffic!",emergency
"A group of people see a severe fight in the parking lot, dangerously and people are panicking!",low
"A cat see a terrifying landslide on the office building, dangerously and it’s getting worse!",critical
"There’s a hurt and massive vandalism at the school, urgently causing a huge mess!",high
"There’s a suffocating and uncontrolled explosion at the hospital, loudly and people are panicking!",alert
"My neighbor found a unexpected earthquake in the tunnel, urgently in the middle of the night!",immediate
"A passenger see a dangerous roadblock in the alley, suddenly near my house!",medium
"There’s a abandoned and severe power outage in the stadium, urgently with no one helping!",medium
"There’s a suffocating and massive leak at the factory, urgently and people are panicking!",low
"Someone hear a terrifying explosion on the stadium, frantically near my house!",critical
"A dog see a loud shooting on the shopping mall, quickly near my house!",medium
"A driver hear a chaotic roadblock at the highway, rapidly right now!",high
"A dog hear a intense power outage in the house, dangerously in the middle of the night!",medium
"There’s a missing and dangerous earthquake on the highway, dangerously causing a huge mess!",severe
"A firefighter found a chaotic shooting in the tunnel, unexpectedly causing a huge mess!",critical
"A dog found a loud scream at the beach, rapidly causing a huge mess!",medium
"A group of people hear a intense robbery at the parking lot, urgently right now!",high
"There’s a unstable and terrifying scream on the school, rapidly causing a huge mess!",high
"A stranger see a intense explosion at the shopping mall, quickly with no one helping!",high
"There’s a abandoned and severe fight at the highway, violently with no one helping!",critical
"A cyclist found a severe medical emergency on the highway, rapidly causing a huge mess!",emergency
"A kid hear a massive flood at the shopping mall, violently that’s blocking traffic!",low
"I see a rapid riot at the park, quickly with no one helping!",medium
"A woman found a terrifying assault at the house, unexpectedly with no one helping!",immediate
"A police officer see a intense assault at the stadium, rapidly causing a huge mess!",high
"There’s a hurt and strange crash at the apartment, loudly in the middle of the night!",high
"An old man found a loud roadblock at the apartment, urgently with no one helping!",alert
"There’s a drowning and sudden assault in the park, violently near my house!",critical
"A group of people hear a strange flood at the shopping mall, violently and people are panicking!",high
"A dog see a uncontrolled roadblock on the hospital, quickly in the middle of the night!",high
"There’s a hijacked and rapid medical emergency on the construction site, quickly causing a huge mess!",medium
"A child hear a chaotic leak at the highway, suddenly that’s blocking traffic!",low
"There’s a bleeding and chaotic scream at the factory, urgently in the middle of the night!",high
"There’s a abandoned and severe scream at the tunnel, loudly that’s blocking traffic!",high
"There’s a suffocating and uncontrolled explosion on the street, quickly near my house!",high
"There’s a missing and massive roadblock on the factory, rapidly right now!",medium
"A firefighter see a severe assault in the stadium, loudly and people are panicking!",critical
"An old man see a severe shooting at the park, violently near my house!",medium
"A kid found a loud scream in the tunnel, quickly with no one helping!",medium
"There’s a hurt and massive explosion in the school, violently and it’s getting worse!",severe
"A police officer see a massive explosion on the store, urgently and people are panicking!",low
"A cyclist found a intense scream in the street, dangerously with no one helping!",medium
"There’s a stuck and strange scream on the tunnel, violently that’s blocking traffic!",emergency
"A woman found a uncontrolled medical emergency on the park, unexpectedly and people are panicking!",life-threatening
"There’s a suffocating and strange landslide on the shopping mall, violently with no one helping!",alert
"A stranger see a uncontrolled roadblock on the hospital, quickly with no one helping!",medium
"There’s a malfunctioning and unexpected explosion on the parking lot, dangerously that’s blocking traffic!",medium
"There’s a malfunctioning and terrifying shooting on the subway, suddenly and it’s getting worse!",high
"A cyclist hear a dangerous riot in the subway, dangerously causing a huge mess!",low
"A child found a massive flood at the office building, loudly that’s blocking traffic!",high
"There’s a bleeding and rapid gas leak in the shopping mall, urgently with no one helping!",emergency
"There’s a lost and strange drowning at the parking lot, violently in the middle of the night!",life-threatening
"A group of people found a severe assault at the parking lot, quickly causing a huge mess!",high
"There’s a lost and horrible vandalism at the park, quickly that’s blocking traffic!",medium
"There’s a missing and severe robbery on the stadium, unexpectedly right now!",medium
"A woman found a unexpected leak on the shopping mall, urgently near my house!",high
"A woman found a horrible fight on the factory, unexpectedly right now!",alert
"My neighbor hear a uncontrolled riot at the tunnel, frantically and it’s getting worse!",high
"There’s a freezing and massive flood at the subway, frantically with no one helping!",life-threatening
"There’s a suffocating and strange assault at the office building, violently near my house!",immediate
"Someone hear a terrifying earthquake on the subway, frantically in the middle of the night!",medium
"A cyclist see a rapid fight at the school, loudly near my house!",high
"There’s a collapsing and dangerous drowning on the construction site, quickly near my house!",high
"A driver see a intense shooting at the house, unexpectedly that’s blocking traffic!",high
"There’s a freezing and dangerous power outage on the apartment, urgently that’s blocking traffic!",medium
"There’s a lost and strange earthquake on the school, rapidly with no one helping!",high
"There’s a hijacked and strange leak on the house, violently that’s blocking traffic!",medium
"There’s a missing and horrible power outage at the alley, suddenly and it’s getting worse!",low
"There’s a burning and unexpected power outage on the construction site, suddenly with no one helping!",emergency
"A shopkeeper see a unexpected power outage at the office building, loudly near my house!",critical
"A passenger see a sudden fight at the beach, violently that’s blocking traffic!",alert
"A group of people see a intense crash on the school, violently causing a huge mess!",immediate
"There’s a unstable and terrifying landslide in the apartment, quickly and it’s getting worse!",low
"There’s a hurt and rapid landslide in the bridge, dangerously right now!",alert
"Someone hear a massive flood on the shopping mall, frantically causing a huge mess!",low
"There’s a unstable and rapid power outage at the hospital, quickly right now!",high
"Someone hear a sudden crash on the shopping mall, frantically that’s blocking traffic!",critical
"There’s a freezing and sudden roadblock at the subway, frantically and it’s getting worse!",medium
"A dog hear a horrible scream in the beach, quickly near my house!",low
"A stranger see a terrifying flood in the street, loudly with no one helping!",low
"Someone hear a intense flood in the school, violently in the middle of the night!",immediate
"A stranger see a terrifying assault in the apartment, suddenly right now!",low
"There’s a unstable and uncontrolled fight in the apartment, violently causing a huge mess!",emergency
"A kid see a uncontrolled flood on the stadium, loudly causing a huge mess!",low
"A firefighter found a intense crash in the apartment, violently and people are panicking!",medium
"A group of people found a dangerous assault at the subway, violently and it’s getting worse!",high
"A student found a terrifying gas leak in the office building, unexpectedly and people are panicking!",immediate
"A police officer hear a strange gas leak in the apartment, suddenly and it’s getting worse!",medium
"A group of people see a intense fight on the bridge, suddenly in the middle of the night!",medium
"A woman hear a massive fire at the subway, quickly and people are panicking!",high
"Someone hear a strange gas leak in the school, frantically causing a huge mess!",low
"A kid found a sudden riot in the hospital, violently causing a huge mess!",critical
"There’s a unconscious and sudden riot on the school, unexpectedly in the middle of the night!",alert
"There’s a broken and terrifying fire on the hospital, suddenly causing a huge mess!",life-threatening
"A group of people hear a sudden assault on the factory, quickly that’s blocking traffic!",medium
"A child found a loud riot on the street, dangerously and people are panicking!",high
"There’s a unconscious and uncontrolled leak in the apartment, loudly in the middle of the night!",high
"An old man see a loud earthquake at the bridge, suddenly in the middle of the night!",critical
"There’s a unconscious and chaotic crash at the tunnel, loudly causing a huge mess!",medium
"There’s a broken and horrible roadblock in the house, violently and it’s getting worse!",critical
"There’s a missing and massive landslide in the subway, violently and people are panicking!",high
"There’s a hijacked and loud roadblock on the school, frantically causing a huge mess!",critical
"There’s a bleeding and severe earthquake on the school, suddenly and people are panicking!",immediate
"A dog hear a chaotic gas leak on the construction site, dangerously causing a huge mess!",low
"A police officer see a unexpected riot at the hospital, dangerously and people are panicking!",low
"A woman see a dangerous crash at the park, loudly right now!",low
"A shopkeeper hear a horrible leak in the shopping mall, loudly that’s blocking traffic!",medium
"A passenger hear a intense vandalism in the highway, dangerously and people are panicking!",low
"A police officer see a intense fight at the tunnel, frantically that’s blocking traffic!",low
"There’s a freezing and uncontrolled crash in the street, violently causing a huge mess!",medium
"A shopkeeper see a strange earthquake in the alley, dangerously right now!",low
"There’s a hurt and intense power outage at the factory, violently right now!",high
"There’s a stuck and massive earthquake on the subway, rapidly in the middle of the night!",immediate
"A police officer found a severe crash at the alley, rapidly causing a huge mess!",life-threatening
"An old man found a sudden flood at the tunnel, rapidly near my house!",life-threatening
"There’s a missing and sudden fight on the store, violently near my house!",low
"A driver found a intense fight at the apartment, quickly that’s blocking traffic!",severe
"There’s a suffocating and uncontrolled medical emergency at the apartment, urgently near my house!",critical
"There’s a vandalized and unexpected flood at the house, frantically right now!",high
"A cyclist hear a massive vandalism on the subway, suddenly in the middle of the night!",low
"A student found a strange robbery at the apartment, suddenly and it’s getting worse!",medium
"A driver found a strange vandalism at the park, suddenly and people are panicking!",alert
"There’s a burning and terrifying assault at the school, rapidly that’s blocking traffic!",high
"There’s a abandoned and severe vandalism in the bridge, dangerously and it’s getting worse!",medium
"A cyclist see a severe scream at the alley, dangerously in the middle of the night!",high
"A police officer see a massive robbery at the store, suddenly with no one helping!",high
"A stranger see a dangerous power outage on the store, suddenly and it’s getting worse!",medium
"A shopkeeper hear a rapid scream on the stadium, rapidly and it’s getting worse!",medium
"A dog hear a uncontrolled explosion in the construction site, frantically right now!",low
"There’s a burning and uncontrolled crash at the bridge, rapidly that’s blocking traffic!",emergency
"A stranger found a horrible earthquake on the beach, loudly causing a huge mess!",immediate
"A kid see a massive scream at the house, loudly and people are panicking!",high
"There’s a hijacked and unexpected assault on the tunnel, frantically with no one helping!",high
"A cat found a dangerous gas leak on the street, dangerously in the middle of the night!",high
"There’s a trapped and chaotic gas leak at the street, violently that’s blocking traffic!",medium
"My neighbor hear a unexpected assault on the office building, dangerously that’s blocking traffic!",low
"There’s a abandoned and loud fight on the parking lot, dangerously and it’s getting worse!",low
"A cat see a dangerous crash in the shopping mall, violently causing a huge mess!",alert
"There’s a vandalized and terrifying vandalism at the office building, unexpectedly right now!",low
"There’s a collapsing and uncontrolled robbery on the tunnel, quickly with no one helping!",life-threatening
"A dog found a unexpected earthquake in the park, rapidly in the middle of the night!",medium
"A firefighter see a strange robbery on the shopping mall, violently and people are panicking!",low
"A shopkeeper see a horrible gas leak on the store, frantically and people are panicking!",high
"A woman found a horrible gas leak on the store, violently and people are panicking!",low
"A driver found a strange fight on the bridge, dangerously right now!",high
"There’s a lost and massive riot on the alley, urgently with no one helping!",medium
"There’s a hijacked and rapid power outage on the street, unexpectedly right now!",alert
"There’s a malfunctioning and intense fight on the apartment, frantically in the middle of the night!",high
"There’s a hurt and uncontrolled roadblock in the hospital, quickly and it’s getting worse!",medium
"A cyclist see a horrible medical emergency in the hospital, frantically causing a huge mess!",low
"A cyclist see a uncontrolled scream on the tunnel, urgently with no one helping!",medium
"There’s a unstable and uncontrolled riot on the park, rapidly with no one helping!",high
"There’s a broken and chaotic fight in the shopping mall, violently causing a huge mess!",immediate
"There’s a freezing and severe medical emergency at the beach, unexpectedly and people are panicking!",low
"A group of people found a terrifying earthquake in the park, quickly in the middle of the night!",low
"There’s a lost and rapid gas leak at the apartment, quickly right now!",medium
"There’s a unstable and loud riot at the subway, unexpectedly near my house!",medium
"There’s a hijacked and uncontrolled fight at the parking lot, unexpectedly right now!",low
"There’s a lost and severe leak on the park, quickly and people are panicking!",medium
"A passenger found a unexpected scream in the street, suddenly and it’s getting worse!",low
"There’s a lost and chaotic vandalism on the highway, suddenly with no one helping!",critical
"A woman see a loud assault in the stadium, suddenly that’s blocking traffic!",emergency
"A driver see a intense fight on the park, unexpectedly with no one helping!",severe
"There’s a burning and terrifying medical emergency on the shopping mall, loudly right now!",low
"There’s a burning and severe gas leak on the apartment, loudly with no one helping!",medium
"There’s a missing and loud explosion on the factory, loudly right now!",high
"There’s a suffocating and severe shooting on the factory, frantically and people are panicking!",medium
"A cat found a terrifying shooting on the tunnel, frantically and people are panicking!",medium
"Someone found a dangerous earthquake at the beach, suddenly causing a huge mess!",low
"There’s a stuck and rapid drowning at the school, loudly near my house!",high
"A dog hear a intense roadblock on the apartment, frantically and it’s getting worse!",medium
"I hear a massive assault in the bridge, violently and people are panicking!",emergency
"There’s a unconscious and dangerous explosion at the stadium, suddenly with no one helping!",medium
"A cyclist found a intense vandalism in the subway, violently and it’s getting worse!",medium
"My neighbor see a intense gas leak at the office building, unexpectedly with no one helping!",medium
"A cyclist hear a dangerous earthquake on the store, urgently causing a huge mess!",alert
"I see a sudden roadblock in the office building, quickly with no one helping!",medium
"A cyclist found a intense power outage in the bridge, loudly and people are panicking!",high
"There’s a trapped and rapid drowning on the highway, unexpectedly and people are panicking!",high
"There’s a collapsing and sudden fire at the apartment, suddenly and people are panicking!",alert
"A child found a uncontrolled medical emergency in the subway, suddenly that’s blocking traffic!",life-threatening
"There’s a suffocating and severe shooting on the shopping mall, unexpectedly and it’s getting worse!",severe
"There’s a hurt and terrifying gas leak at the construction site, suddenly near my house!",high
"There’s a missing and horrible earthquake on the factory, frantically and people are panicking!",life-threatening
"An old man see a sudden crash in the parking lot, suddenly and people are panicking!",medium
"A kid hear a terrifying leak at the school, urgently that’s blocking traffic!",life-threatening
"There’s a vandalized and massive riot on the street, frantically with no one helping!",low
"A woman see a uncontrolled roadblock on the park, frantically with no one helping!",low
"There’s a drowning and severe landslide in the beach, suddenly right now!",medium
"There’s a freezing and terrifying vandalism in the apartment, rapidly and it’s getting worse!",alert
"There’s a collapsing and massive leak on the school, urgently right now!",medium
"A woman found a severe riot in the beach, rapidly near my house!",emergency
"A police officer hear a chaotic scream at the construction site, unexpectedly in the middle of the night!",alert
"There’s a unconscious and severe robbery at the street, violently right now!",medium
"There’s a trapped and dangerous vandalism in the shopping mall, loudly in the middle of the night!",critical
"A stranger see a loud fire at the house, dangerously and people are panicking!",critical
"A cyclist found a uncontrolled landslide at the shopping mall, violently and people are panicking!",alert
"A shopkeeper hear a chaotic gas leak on the apartment, frantically that’s blocking traffic!",critical
"There’s a stuck and sudden shooting on the alley, quickly near my house!",life-threatening
"There’s a unstable and massive robbery at the school, rapidly near my house!",medium
"A woman found a intense medical emergency on the stadium, loudly right now!",high
"There’s a stuck and sudden explosion on the beach, dangerously and people are panicking!",medium
"A student see a rapid landslide in the beach, frantically with no one helping!",emergency
"A driver found a loud fight on the store, urgently in the middle of the night!",high
"There’s a abandoned and uncontrolled leak at the stadium, unexpectedly and it’s getting worse!",low
"There’s a burning and loud earthquake on the office building, quickly in the middle of the night!",low
"A stranger found a terrifying shooting in the bridge, dangerously in the middle of the night!",emergency
"I see a uncontrolled fire at the tunnel, dangerously and people are panicking!",medium
"A student hear a massive shooting on the shopping mall, suddenly and people are panicking!",high
"There’s a trapped and loud shooting at the street, violently that’s blocking traffic!",immediate
"There’s a malfunctioning and chaotic earthquake on the street, unexpectedly that’s blocking traffic!",medium
"A shopkeeper hear a massive shooting on the stadium, dangerously and it’s getting worse!",critical
"There’s a unstable and massive drowning at the highway, loudly near my house!",emergency
"A passenger see a massive landslide in the school, unexpectedly causing a huge mess!",low
"A passenger see a sudden explosion in the construction site, frantically and it’s getting worse!",low
"A group of people hear a uncontrolled medical emergency at the store, loudly in the middle of the night!",low
"There’s a hurt and intense riot on the park, loudly that’s blocking traffic!",low
"A cyclist found a chaotic vandalism on the apartment, violently right now!",emergency
"There’s a hurt and chaotic earthquake in the parking lot, rapidly and people are panicking!",critical
"There’s a burning and massive earthquake at the school, loudly and people are panicking!",high
"There’s a freezing and massive earthquake on the hospital, suddenly with no one helping!",low
"There’s a abandoned and unexpected riot at the factory, quickly and people are panicking!",high
"There’s a lost and severe scream on the subway, quickly near my house!",immediate
"An old man found a intense roadblock on the street, dangerously with no one helping!",low
"A cat hear a uncontrolled explosion on the stadium, unexpectedly in the middle of the night!",emergency
"A cyclist hear a terrifying assault in the park, unexpectedly and it’s getting worse!",immediate
"There’s a unconscious and strange robbery at the bridge, unexpectedly and people are panicking!",low
"There’s a drowning and rapid leak in the highway, violently causing a huge mess!",high
"A firefighter found a horrible fight at the store, urgently with no one helping!",low
"A police officer found a loud gas leak in the apartment, dangerously that’s blocking traffic!",low
"A dog hear a strange drowning at the school, loudly right now!",low
"There’s a freezing and horrible roadblock in the shopping mall, unexpectedly and it’s getting worse!",low
"There’s a drowning and dangerous shooting on the stadium, suddenly and it’s getting worse!",high
"A cyclist found a unexpected roadblock at the bridge, frantically right now!",low
"A driver found a loud fire on the park, suddenly causing a huge mess!",medium
"There’s a abandoned and loud drowning in the highway, frantically right now!",high
"A stranger found a uncontrolled landslide in the school, suddenly near my house!",high
"There’s a lost and severe leak in the office building, urgently and people are panicking!",medium
"There’s a burning and sudden power outage in the factory, suddenly and people are panicking!",critical
"There’s a drowning and horrible roadblock on the stadium, violently in the middle of the night!",high
"A cat found a chaotic drowning in the street, unexpectedly with no one helping!",high
"There’s a abandoned and terrifying explosion in the alley, quickly causing a huge mess!",high
"There’s a unconscious and dangerous assault on the bridge, quickly with no one helping!",high
"There’s a stuck and severe explosion on the highway, dangerously right now!",high
"I hear a massive roadblock on the parking lot, frantically with no one helping!",high
"An old man see a severe robbery in the subway, frantically with no one helping!",medium
"There’s a broken and sudden flood in the highway, violently and it’s getting worse!",high
"A shopkeeper see a unexpected landslide on the shopping mall, suddenly in the middle of the night!",high
"There’s a stuck and uncontrolled power outage in the factory, unexpectedly in the middle of the night!",critical
"A cyclist see a horrible earthquake in the house, dangerously and people are panicking!",low
"A cat found a severe flood at the tunnel, loudly causing a huge mess!",critical
"There’s a bleeding and unexpected flood at the street, dangerously in the middle of the night!",high
"There’s a hijacked and terrifying robbery at the highway, urgently right now!",medium
"There’s a freezing and massive medical emergency at the factory, frantically in the middle of the night!",alert
"There’s a missing and intense assault in the shopping mall, loudly causing a huge mess!",immediate
"Someone see a sudden drowning in the alley, quickly right now!",emergency
"A stranger found a uncontrolled power outage at the street, rapidly near my house!",severe
"There’s a collapsing and severe riot in the subway, loudly and people are panicking!",medium
"There’s a broken and intense fire in the tunnel, rapidly that’s blocking traffic!",alert
"A stranger hear a strange gas leak at the street, suddenly that’s blocking traffic!",low
"There’s a broken and severe assault on the highway, quickly right now!",medium
"There’s a stuck and rapid vandalism in the store, violently and people are panicking!",medium
"There’s a suffocating and chaotic assault on the beach, quickly right now!",immediate
"An old man hear a chaotic crash in the factory, dangerously in the middle of the night!",low
"A cyclist hear a sudden flood in the beach, suddenly with no one helping!",medium
"A woman see a rapid assault in the shopping mall, quickly right now!",low
"There’s a suffocating and unexpected robbery in the office building, violently and people are panicking!",medium
"There’s a unconscious and chaotic gas leak at the beach, dangerously and people are panicking!",immediate
"There’s a lost and rapid crash at the shopping mall, quickly causing a huge mess!",low
"A driver see a unexpected crash at the stadium, quickly with no one helping!",immediate
"There’s a hijacked and intense fight on the alley, frantically right now!",life-threatening
"A kid found a chaotic medical emergency at the alley, dangerously with no one helping!",medium
"There’s a unstable and intense flood in the office building, rapidly that’s blocking traffic!",medium
"Someone hear a loud roadblock in the shopping mall, suddenly causing a huge mess!",high
"A shopkeeper hear a sudden riot in the tunnel, frantically and it’s getting worse!",medium
"A cat see a loud flood in the tunnel, urgently that’s blocking traffic!",low
"There’s a stuck and strange earthquake on the park, loudly in the middle of the night!",medium
"There’s a stuck and horrible earthquake in the street, dangerously causing a huge mess!",medium
"A driver see a horrible gas leak at the shopping mall, urgently and it’s getting worse!",low
"There’s a trapped and terrifying landslide at the apartment, violently and it’s getting worse!",life-threatening
"There’s a unstable and loud leak on the stadium, urgently that’s blocking traffic!",high
"A cyclist found a sudden explosion on the construction site, rapidly right now!",immediate
"There’s a bleeding and rapid assault at the beach, quickly in the middle of the night!",low
"There’s a stuck and massive robbery in the beach, violently and people are panicking!",medium
"There’s a freezing and sudden assault on the alley, urgently and it’s getting worse!",low
"I see a terrifying earthquake in the house, dangerously with no one helping!",medium
"A student hear a terrifying roadblock in the subway, quickly right now!",high
"A shopkeeper found a uncontrolled vandalism on the shopping mall, loudly near my house!",emergency
"There’s a malfunctioning and horrible fire on the school, violently near my house!",medium
"There’s a hurt and uncontrolled roadblock in the bridge, rapidly with no one helping!",medium
"A kid hear a severe shooting on the hospital, quickly that’s blocking traffic!",immediate
"A kid hear a terrifying power outage at the subway, violently in the middle of the night!",low
"There’s a stuck and chaotic power outage in the school, loudly that’s blocking traffic!",high
"There’s a missing and unexpected riot in the school, frantically in the middle of the night!",low
"A cyclist found a strange earthquake at the school, dangerously with no one helping!",low
"A kid found a massive fire in the street, violently that’s blocking traffic!",low
"There’s a suffocating and sudden riot on the parking lot, rapidly with no one helping!",high
"There’s a drowning and sudden roadblock on the shopping mall, frantically with no one helping!",high
"A dog see a strange leak in the construction site, quickly that’s blocking traffic!",high
"I see a sudden shooting in the street, violently and people are panicking!",high
"A cyclist hear a severe riot in the construction site, violently causing a huge mess!",immediate
"A stranger hear a terrifying medical emergency on the store, loudly in the middle of the night!",life-threatening
"There’s a hijacked and massive medical emergency in the factory, violently that’s blocking traffic!",high
"A group of people see a sudden scream at the parking lot, dangerously with no one helping!",medium
"There’s a unconscious and chaotic vandalism on the highway, suddenly and it’s getting worse!",low
"There’s a bleeding and massive fight at the shopping mall, dangerously near my house!",medium
"A cyclist see a unexpected scream at the subway, quickly right now!",medium
"There’s a lost and terrifying explosion at the office building, unexpectedly right now!",medium
"There’s a collapsing and chaotic landslide in the apartment, unexpectedly right now!",low
"A woman see a unexpected assault at the bridge, frantically with no one helping!",critical
"A woman hear a terrifying drowning at the street, rapidly right now!",high
"A woman see a strange assault at the shopping mall, violently and people are panicking!",low
"A passenger found a strange scream at the highway, frantically in the middle of the night!",high
"There’s a malfunctioning and chaotic landslide in the shopping mall, loudly that’s blocking traffic!",alert
"A stranger hear a uncontrolled medical emergency in the school, quickly in the middle of the night!",medium
"There’s a burning and sudden shooting at the beach, loudly that’s blocking traffic!",emergency
"A cyclist found a dangerous medical emergency at the hospital, frantically causing a huge mess!",medium
"There’s a malfunctioning and uncontrolled roadblock in the hospital, frantically near my house!",medium
"A woman found a unexpected flood in the street, loudly right now!",high
"There’s a hurt and massive scream on the park, suddenly causing a huge mess!",life-threatening
"There’s a unconscious and horrible leak on the store, suddenly causing a huge mess!",high
"A dog hear a rapid medical emergency at the shopping mall, frantically with no one helping!",medium
"Someone found a dangerous shooting at the apartment, violently right now!",medium
"There’s a unstable and rapid assault on the alley, suddenly and it’s getting worse!",high
"A firefighter see a rapid drowning on the beach, loudly with no one helping!",high
"My neighbor found a horrible flood on the house, dangerously near my house!",immediate
"There’s a unconscious and strange explosion at the construction site, violently causing a huge mess!",medium
"A group of people see a unexpected shooting in the tunnel, rapidly and people are panicking!",low
"A dog found a uncontrolled earthquake at the store, rapidly right now!",high
"A passenger hear a massive power outage at the tunnel, rapidly that’s blocking traffic!",high
"I found a uncontrolled power outage on the factory, quickly and people are panicking!",critical
"A shopkeeper hear a rapid fight at the stadium, unexpectedly near my house!",low
"A cat found a dangerous scream at the highway, urgently near my house!",high
"A driver hear a horrible drowning on the office building, rapidly that’s blocking traffic!",medium
"A group of people found a rapid fight on the store, loudly right now!",medium
"A dog hear a horrible riot at the factory, loudly near my house!",severe
"My neighbor hear a unexpected shooting on the school, loudly causing a huge mess!",medium
"My neighbor found a severe crash in the factory, quickly with no one helping!",high
"I found a loud power outage at the park, rapidly causing a huge mess!",low
"There’s a vandalized and massive power outage in the stadium, unexpectedly in the middle of the night!",medium
"There’s a missing and sudden leak at the bridge, rapidly and people are panicking!",medium
"A cat found a dangerous vandalism on the factory, loudly near my house!",medium
"A dog hear a uncontrolled crash at the hospital, quickly right now!",emergency
"There’s a burning and unexpected fire at the store, quickly and people are panicking!",life-threatening
"A passenger see a massive landslide on the office building, suddenly and it’s getting worse!",medium
"There’s a vandalized and terrifying crash on the stadium, urgently in the middle of the night!",low
"Someone found a rapid earthquake at the house, unexpectedly causing a huge mess!",critical
"A kid found a uncontrolled explosion in the store, dangerously causing a huge mess!",low
"A cat hear a chaotic shooting at the beach, quickly with no one helping!",high
"A driver see a unexpected roadblock in the stadium, unexpectedly that’s blocking traffic!",medium
"A shopkeeper hear a massive power outage on the hospital, unexpectedly causing a huge mess!",low
"A cat see a loud earthquake on the parking lot, violently in the middle of the night!",alert
"A woman hear a uncontrolled power outage on the street, urgently right now!",high
"There’s a abandoned and terrifying scream in the construction site, quickly right now!",medium
"There’s a drowning and intense vandalism at the bridge, violently and it’s getting worse!",low
"A child see a severe vandalism at the alley, urgently right now!",low
"There’s a unstable and intense landslide on the park, frantically in the middle of the night!",immediate
"An old man see a unexpected shooting at the street, dangerously in the middle of the night!",emergency
"A stranger hear a intense leak on the park, rapidly that’s blocking traffic!",critical
"A kid hear a dangerous power outage on the hospital, quickly that’s blocking traffic!",medium
"A stranger see a unexpected power outage on the stadium, unexpectedly and people are panicking!",high
"There’s a broken and massive leak at the bridge, frantically and it’s getting worse!",alert
"A group of people found a severe vandalism on the beach, rapidly causing a huge mess!",immediate
"A passenger see a terrifying landslide in the highway, suddenly right now!",low
"There’s a suffocating and severe fire at the alley, suddenly causing a huge mess!",emergency
"There’s a freezing and dangerous fire on the office building, urgently with no one helping!",medium
"There’s a burning and sudden leak on the construction site, dangerously right now!",critical
"There’s a unconscious and loud drowning on the street, violently that’s blocking traffic!",low
"There’s a hurt and intense earthquake in the stadium, rapidly near my house!",medium
"There’s a unconscious and sudden scream in the store, quickly and it’s getting worse!",high
"There’s a collapsing and rapid power outage in the park, frantically causing a huge mess!",high
"There’s a trapped and massive vandalism in the subway, loudly with no one helping!",low
"A dog see a dangerous drowning in the office building, violently right now!",low
"There’s a collapsing and rapid crash on the office building, quickly causing a huge mess!",high
"Someone found a severe gas leak at the apartment, frantically and it’s getting worse!",medium
"There’s a vandalized and rapid riot in the house, violently near my house!",low
"Someone found a terrifying riot in the bridge, rapidly and people are panicking!",low
"A cat found a sudden landslide at the stadium, dangerously with no one helping!",high
"There’s a suffocating and severe assault on the construction site, unexpectedly in the middle of the night!",medium
"A group of people see a rapid fire on the construction site, quickly with no one helping!",alert
"There’s a abandoned and severe power outage on the school, dangerously right now!",medium
"A driver found a sudden fight in the apartment, violently that’s blocking traffic!",emergency
"A dog hear a sudden vandalism at the tunnel, frantically and it’s getting worse!",low
"There’s a burning and massive power outage at the house, suddenly with no one helping!",immediate
"A child found a uncontrolled landslide at the apartment, quickly and it’s getting worse!",medium
"There’s a drowning and severe leak at the parking lot, quickly in the middle of the night!",low
"A passenger found a dangerous crash at the factory, loudly with no one helping!",medium
"There’s a vandalized and intense scream at the park, violently and people are panicking!",low
"There’s a missing and severe earthquake on the bridge, unexpectedly near my house!",immediate
"There’s a burning and unexpected flood on the house, suddenly and it’s getting worse!",medium
"A shopkeeper found a rapid shooting on the factory, dangerously in the middle of the night!",low
"There’s a hijacked and intense fire at the shopping mall, frantically right now!",high
"A dog found a uncontrolled flood on the alley, unexpectedly causing a huge mess!",life-threatening
"There’s a unstable and uncontrolled fight at the street, quickly and it’s getting worse!",medium
"There’s a collapsing and dangerous vandalism on the subway, loudly causing a huge mess!",low
"There’s a unconscious and dangerous power outage on the highway, suddenly and people are panicking!",high
"A shopkeeper see a intense riot on the park, urgently with no one helping!",medium
"There’s a bleeding and severe riot at the alley, rapidly near my house!",medium
"My neighbor hear a severe flood in the parking lot, loudly that’s blocking traffic!",low
"A cat hear a massive scream in the house, quickly with no one helping!",medium
"A cyclist found a terrifying shooting at the stadium, violently that’s blocking traffic!",medium
"There’s a missing and terrifying earthquake at the school, rapidly near my house!",medium
"A cat found a terrifying earthquake in the hospital, quickly near my house!",critical
"There’s a broken and strange explosion at the tunnel, violently near my house!",medium
"There’s a freezing and sudden roadblock at the factory, suddenly right now!",medium
"A shopkeeper see a dangerous leak at the alley, rapidly causing a huge mess!",critical
"A child see a severe flood in the school, suddenly with no one helping!",immediate
"A police officer found a rapid power outage on the factory, loudly with no one helping!",medium
"There’s a trapped and dangerous riot on the shopping mall, frantically and it’s getting worse!",medium
"There’s a burning and massive fire on the shopping mall, violently and it’s getting worse!",medium
"There’s a suffocating and massive explosion on the school, frantically causing a huge mess!",high
"There’s a unstable and rapid power outage at the office building, violently that’s blocking traffic!",low
"There’s a stuck and severe assault at the construction site, suddenly and it’s getting worse!",low
"A woman hear a strange earthquake on the hospital, urgently causing a huge mess!",high
"My neighbor see a uncontrolled fire in the stadium, rapidly causing a huge mess!",critical
"A kid see a loud vandalism in the apartment, rapidly with no one helping!",high
"There’s a unconscious and dangerous shooting on the bridge, dangerously causing a huge mess!",medium
"I hear a chaotic drowning in the factory, suddenly near my house!",medium
"There’s a suffocating and strange drowning on the street, urgently that’s blocking traffic!",emergency
"A student hear a chaotic roadblock at the park, frantically with no one helping!",critical
"There’s a collapsing and massive fire in the apartment, dangerously right now!",emergency
"A group of people hear a severe vandalism on the park, loudly right now!",high
"There’s a hurt and loud medical emergency at the store, dangerously near my house!",emergency
"My neighbor see a unexpected leak at the hospital, dangerously that’s blocking traffic!",low
"There’s a unstable and horrible robbery at the subway, rapidly near my house!",medium
"A cat see a unexpected flood on the factory, urgently and people are panicking!",high
"A police officer found a chaotic leak on the construction site, rapidly causing a huge mess!",emergency
"There’s a malfunctioning and uncontrolled gas leak on the stadium, loudly near my house!",life-threatening
"There’s a vandalized and massive scream in the construction site, urgently with no one helping!",low
"A police officer hear a strange leak in the alley, unexpectedly and people are panicking!",life-threatening
"There’s a hijacked and terrifying assault in the beach, violently and people are panicking!",emergency
"There’s a missing and horrible shooting at the store, quickly and people are panicking!",medium
"Someone see a unexpected vandalism on the bridge, suddenly right now!",alert
"A student found a rapid medical emergency at the tunnel, urgently with no one helping!",medium
"There’s a broken and intense flood on the parking lot, unexpectedly in the middle of the night!",medium
"There’s a unconscious and terrifying flood in the factory, violently in the middle of the night!",critical
"A woman hear a uncontrolled drowning in the subway, loudly near my house!",immediate
"A group of people hear a dangerous vandalism in the highway, suddenly and people are panicking!",low
"A passenger found a severe medical emergency in the bridge, frantically and people are panicking!",critical
"A passenger see a terrifying shooting at the tunnel, violently right now!",alert
"A firefighter hear a chaotic scream at the subway, urgently that’s blocking traffic!",low
"There’s a hurt and terrifying fire in the construction site, quickly in the middle of the night!",low
"Someone see a sudden gas leak on the hospital, loudly and it’s getting worse!",emergency
"There’s a abandoned and horrible landslide at the parking lot, suddenly causing a huge mess!",high
"My neighbor found a unexpected medical emergency in the beach, frantically causing a huge mess!",immediate
"There’s a missing and terrifying roadblock in the shopping mall, unexpectedly causing a huge mess!",medium
"A woman found a massive roadblock at the construction site, dangerously that’s blocking traffic!",low
"There’s a trapped and uncontrolled fire on the hospital, rapidly near my house!",medium
"There’s a missing and horrible assault on the factory, frantically with no one helping!",high
"There’s a drowning and dangerous shooting in the shopping mall, violently causing a huge mess!",medium
"There’s a lost and strange assault at the shopping mall, dangerously that’s blocking traffic!",medium
"A cyclist hear a unexpected medical emergency at the park, suddenly near my house!",high
"A cat hear a horrible drowning on the construction site, frantically with no one helping!",medium
"There’s a broken and sudden gas leak in the store, urgently with no one helping!",medium
"There’s a missing and loud fight in the street, urgently right now!",low
"There’s a unconscious and unexpected fire in the stadium, rapidly in the middle of the night!",medium
"There’s a abandoned and unexpected shooting at the apartment, rapidly causing a huge mess!",high
"A dog found a loud scream at the bridge, loudly in the middle of the night!",high
"I hear a sudden shooting on the parking lot, violently that’s blocking traffic!",medium
"A dog see a uncontrolled gas leak in the office building, urgently near my house!",low
"A dog found a sudden assault in the beach, unexpectedly in the middle of the night!",low
"There’s a abandoned and intense shooting at the shopping mall, rapidly with no one helping!",high
"A stranger found a rapid flood on the store, loudly with no one helping!",medium
"A kid hear a rapid scream on the apartment, quickly in the middle of the night!",medium
"There’s a hijacked and sudden fight at the factory, rapidly right now!",high
"A child hear a terrifying flood at the parking lot, dangerously that’s blocking traffic!",high
"A woman hear a strange medical emergency at the subway, loudly in the middle of the night!",medium
"There’s a abandoned and chaotic roadblock on the school, violently in the middle of the night!",medium
"A woman hear a chaotic fire at the apartment, dangerously near my house!",high
"There’s a vandalized and strange explosion on the subway, dangerously and people are panicking!",critical
"There’s a unconscious and intense roadblock at the shopping mall, urgently near my house!",life-threatening
"A police officer hear a rapid assault in the apartment, frantically in the middle of the night!",emergency
"There’s a suffocating and horrible drowning on the construction site, frantically near my house!",medium
"There’s a missing and loud crash on the store, suddenly that’s blocking traffic!",low
"A cyclist found a horrible crash in the store, dangerously near my house!",medium
"A police officer hear a rapid riot on the shopping mall, frantically causing a huge mess!",low
"There’s a drowning and massive scream at the alley, urgently in the middle of the night!",severe
"There’s a abandoned and strange riot in the factory, frantically that’s blocking traffic!",medium
"There’s a burning and horrible medical emergency in the stadium, urgently in the middle of the night!",medium
"A group of people found a rapid fight on the alley, quickly near my house!",medium
"There’s a vandalized and unexpected flood in the parking lot, suddenly and it’s getting worse!",medium
"A student hear a severe robbery at the apartment, loudly near my house!",low
"There’s a bleeding and severe landslide at the alley, rapidly in the middle of the night!",high
"A child see a severe drowning on the apartment, frantically with no one helping!",alert
"A child hear a horrible landslide at the house, rapidly and it’s getting worse!",alert
"A shopkeeper hear a unexpected assault at the construction site, dangerously with no one helping!",medium
"My neighbor see a strange shooting in the apartment, loudly near my house!",emergency
"There’s a unstable and intense fire on the alley, frantically near my house!",alert
"A police officer hear a unexpected explosion on the shopping mall, dangerously with no one helping!",alert
"A stranger found a unexpected fight on the apartment, quickly near my house!",critical
"A stranger found a loud explosion in the highway, frantically in the middle of the night!",medium
"There’s a broken and intense landslide on the bridge, loudly right now!",severe
"There’s a hurt and unexpected crash on the house, violently causing a huge mess!",low
"There’s a burning and loud fire on the highway, dangerously right now!",medium
"There’s a collapsing and chaotic assault at the beach, loudly causing a huge mess!",immediate
"There’s a broken and loud power outage at the hospital, loudly that’s blocking traffic!",high
"There’s a vandalized and massive power outage on the construction site, urgently right now!",high
"There’s a broken and severe landslide at the stadium, unexpectedly and people are panicking!",life-threatening
"There’s a hijacked and strange shooting on the shopping mall, urgently in the middle of the night!",critical
"There’s a collapsing and chaotic explosion in the highway, quickly near my house!",high
"There’s a burning and intense robbery at the stadium, frantically right now!",emergency
"There’s a suffocating and severe roadblock at the highway, quickly in the middle of the night!",medium
"A child hear a chaotic vandalism at the apartment, rapidly and people are panicking!",life-threatening
"A police officer found a chaotic fight in the school, loudly right now!",high
"There’s a burning and horrible roadblock at the highway, unexpectedly and it’s getting worse!",medium
"There’s a unconscious and horrible crash on the construction site, frantically and it’s getting worse!",medium
"A cat found a uncontrolled earthquake in the office building, frantically with no one helping!",severe
"There’s a suffocating and massive flood in the office building, frantically and people are panicking!",medium
"A group of people hear a sudden fight on the office building, dangerously that’s blocking traffic!",emergency
"There’s a unstable and severe scream on the alley, violently near my house!",critical
"A shopkeeper hear a horrible fire in the school, rapidly causing a huge mess!",medium
"A police officer found a horrible shooting at the shopping mall, suddenly that’s blocking traffic!",high
"There’s a missing and chaotic assault in the office building, quickly and it’s getting worse!",medium
"A cyclist hear a chaotic assault on the construction site, frantically and it’s getting worse!",medium
"There’s a bleeding and uncontrolled explosion on the alley, rapidly with no one helping!",high
"There’s a freezing and chaotic earthquake on the park, quickly and people are panicking!",emergency
"A firefighter hear a massive explosion at the alley, frantically near my house!",critical
"There’s a lost and massive crash at the beach, loudly that’s blocking traffic!",life-threatening
"There’s a burning and terrifying explosion on the beach, dangerously and it’s getting worse!",medium
"There’s a collapsing and intense fire in the street, urgently in the middle of the night!",life-threatening
"Someone see a chaotic earthquake in the park, quickly in the middle of the night!",life-threatening
"There’s a trapped and horrible fire in the hospital, violently that’s blocking traffic!",high
"A student hear a chaotic gas leak at the bridge, dangerously near my house!",medium
"There’s a freezing and severe gas leak in the alley, urgently causing a huge mess!",critical
"A group of people hear a terrifying crash in the school, rapidly that’s blocking traffic!",high
"There’s a collapsing and horrible shooting on the alley, frantically with no one helping!",critical
"There’s a trapped and terrifying vandalism on the school, urgently near my house!",high
"There’s a trapped and terrifying robbery at the park, unexpectedly causing a huge mess!",medium
"There’s a hurt and intense riot in the bridge, frantically right now!",high
"A dog see a horrible fire on the office building, loudly and it’s getting worse!",medium
"There’s a burning and intense fight on the factory, dangerously near my house!",low
"There’s a unconscious and rapid earthquake in the street, frantically and it’s getting worse!",low
"A police officer found a massive leak on the bridge, loudly with no one helping!",high
"There’s a bleeding and loud explosion at the factory, loudly with no one helping!",low
"A dog see a unexpected leak at the school, frantically and it’s getting worse!",critical
"There’s a trapped and chaotic medical emergency in the store, loudly with no one helping!",emergency
"There’s a bleeding and unexpected crash in the apartment, frantically causing a huge mess!",high
"A firefighter see a strange riot in the highway, dangerously and it’s getting worse!",medium
"There’s a abandoned and rapid assault at the store, violently and it’s getting worse!",low
"A police officer see a terrifying vandalism on the house, violently near my house!",high
"There’s a unstable and strange explosion at the stadium, suddenly near my house!",alert
"There’s a abandoned and severe robbery on the school, urgently that’s blocking traffic!",medium
"There’s a unstable and horrible medical emergency at the street, unexpectedly causing a huge mess!",life-threatening
"I hear a rapid riot on the school, urgently causing a huge mess!",medium
"There’s a hijacked and sudden explosion at the house, suddenly in the middle of the night!",life-threatening
"A kid found a loud crash at the factory, quickly in the middle of the night!",severe
"A firefighter see a uncontrolled medical emergency at the office building, violently in the middle of the night!",medium
"An old man hear a uncontrolled roadblock at the highway, urgently causing a huge mess!",low
"There’s a abandoned and intense riot in the park, quickly right now!",medium
"There’s a lost and terrifying assault on the highway, unexpectedly near my house!",severe
"A kid found a chaotic fire at the construction site, loudly and it’s getting worse!",alert
"There’s a drowning and unexpected medical emergency in the stadium, unexpectedly near my house!",low
"A woman see a strange leak on the highway, frantically right now!",low
"My neighbor hear a severe assault in the office building, quickly with no one helping!",low
"There’s a broken and horrible scream at the factory, frantically and people are panicking!",low
"There’s a missing and uncontrolled shooting in the house, urgently right now!",high
"An old man see a horrible shooting in the hospital, unexpectedly near my house!",severe
"Someone see a uncontrolled fire at the street, frantically with no one helping!",critical
"A stranger see a massive crash in the hospital, unexpectedly right now!",medium
"A child hear a dangerous gas leak at the stadium, rapidly and people are panicking!",medium
"A child hear a unexpected medical emergency on the tunnel, loudly in the middle of the night!",medium
"Someone found a chaotic fight at the hospital, urgently and it’s getting worse!",critical
"A woman found a terrifying flood on the alley, urgently that’s blocking traffic!",low
"There’s a collapsing and horrible leak on the park, unexpectedly causing a huge mess!",high
"A woman found a strange roadblock on the office building, quickly and people are panicking!",high
"There’s a hurt and dangerous gas leak in the construction site, frantically right now!",medium
"There’s a hijacked and dangerous fire on the street, dangerously and people are panicking!",emergency
"There’s a suffocating and dangerous medical emergency on the school, loudly and it’s getting worse!",high
"A student hear a uncontrolled fight in the highway, rapidly in the middle of the night!",critical
"There’s a bleeding and dangerous fight in the construction site, suddenly causing a huge mess!",high
"Someone hear a severe explosion at the construction site, quickly in the middle of the night!",medium
"A kid hear a unexpected explosion on the store, quickly and people are panicking!",medium
"There’s a burning and sudden robbery at the factory, rapidly and it’s getting worse!",medium
"There’s a hijacked and massive drowning on the factory, rapidly and it’s getting worse!",medium
"There’s a stuck and loud riot in the store, violently with no one helping!",critical
"A stranger see a dangerous robbery in the hospital, quickly that’s blocking traffic!",medium
"There’s a hijacked and loud fire in the subway, urgently causing a huge mess!",medium
"There’s a drowning and loud assault on the factory, urgently and people are panicking!",high
"A cyclist hear a unexpected vandalism at the school, urgently and people are panicking!",high
"There’s a hurt and unexpected medical emergency on the office building, loudly near my house!",critical
"A child hear a strange landslide on the alley, unexpectedly causing a huge mess!",low
"Someone hear a uncontrolled shooting on the stadium, frantically with no one helping!",critical
"A group of people see a massive medical emergency in the house, suddenly that’s blocking traffic!",critical
"There’s a hurt and uncontrolled robbery at the construction site, unexpectedly that’s blocking traffic!",immediate
"An old man see a horrible vandalism on the office building, quickly right now!",critical
"There’s a drowning and unexpected landslide on the street, suddenly with no one helping!",medium
"There’s a broken and sudden gas leak at the construction site, quickly right now!",immediate
"There’s a bleeding and horrible leak at the store, loudly near my house!",medium
"There’s a collapsing and massive power outage on the house, dangerously that’s blocking traffic!",emergency
"My neighbor hear a intense power outage at the office building, unexpectedly that’s blocking traffic!",high
"A child found a chaotic drowning in the shopping mall, violently near my house!",high
"There’s a broken and horrible landslide on the subway, quickly near my house!",critical
"I found a strange riot on the park, quickly and people are panicking!",medium
"Someone found a massive robbery in the street, rapidly with no one helping!",low
"A police officer hear a unexpected explosion in the stadium, dangerously and people are panicking!",low
"A shopkeeper found a rapid crash on the apartment, rapidly near my house!",critical
"There’s a vandalized and sudden fire in the stadium, frantically near my house!",medium
"A passenger hear a terrifying earthquake on the subway, rapidly near my house!",immediate
"I see a sudden flood at the hospital, violently near my house!",severe
"A police officer found a chaotic scream in the tunnel, dangerously and people are panicking!",medium
"A police officer found a horrible vandalism on the subway, unexpectedly and people are panicking!",medium
"A passenger found a terrifying drowning in the stadium, unexpectedly causing a huge mess!",medium
"There’s a unconscious and horrible fire on the park, loudly causing a huge mess!",medium
"A driver see a unexpected robbery at the parking lot, frantically with no one helping!",high
"I found a dangerous fire in the alley, violently near my house!",medium
"There’s a missing and sudden riot at the store, loudly near my house!",medium
"I see a sudden flood in the school, suddenly near my house!",high
"My neighbor see a unexpected fight in the parking lot, quickly in the middle of the night!",low
"There’s a bleeding and sudden fight in the bridge, quickly and people are panicking!",low
"A dog hear a unexpected explosion in the street, dangerously right now!",medium
"A passenger hear a loud robbery in the hospital, loudly with no one helping!",low
"A student see a severe landslide in the park, loudly and people are panicking!",high
"A student found a unexpected vandalism in the school, loudly that’s blocking traffic!",low
"A woman hear a severe scream in the alley, violently near my house!",low
"There’s a missing and horrible drowning in the beach, dangerously right now!",high
"A kid hear a intense scream at the street, loudly and people are panicking!",low
"There’s a abandoned and strange robbery in the office building, unexpectedly in the middle of the night!",medium
"There’s a unstable and terrifying robbery on the bridge, unexpectedly that’s blocking traffic!",high
"There’s a lost and intense power outage in the highway, dangerously in the middle of the night!",life-threatening
"There’s a stuck and horrible power outage in the tunnel, dangerously causing a huge mess!",high
"A child see a horrible explosion in the hospital, rapidly in the middle of the night!",medium
"There’s a malfunctioning and chaotic explosion in the highway, violently with no one helping!",medium
"Someone hear a massive explosion in the hospital, unexpectedly right now!",critical
"There’s a suffocating and severe power outage in the beach, dangerously in the middle of the night!",high
"There’s a trapped and sudden fight at the tunnel, loudly in the middle of the night!",high
"There’s a suffocating and massive landslide at the school, urgently that’s blocking traffic!",high
"There’s a trapped and severe earthquake at the house, violently and it’s getting worse!",low
"There’s a unconscious and rapid flood on the shopping mall, quickly with no one helping!",high
"Someone found a uncontrolled explosion in the highway, urgently causing a huge mess!",medium
"A shopkeeper found a terrifying leak in the hospital, quickly near my house!",alert
"There’s a collapsing and strange explosion in the parking lot, urgently that’s blocking traffic!",severe
"A woman see a loud leak at the house, loudly with no one helping!",high
"A passenger see a severe gas leak on the street, unexpectedly and it’s getting worse!",medium
"There’s a lost and chaotic gas leak on the beach, unexpectedly and people are panicking!",life-threatening
"A child found a massive riot on the stadium, violently in the middle of the night!",critical
"There’s a vandalized and horrible earthquake on the stadium, loudly in the middle of the night!",high
"A passenger hear a terrifying shooting in the factory, urgently and it’s getting worse!",low
"A shopkeeper found a dangerous roadblock in the tunnel, unexpectedly near my house!",medium
"There’s a collapsing and unexpected fire on the office building, dangerously in the middle of the night!",low
"There’s a hurt and sudden explosion in the store, suddenly with no one helping!",low
"A shopkeeper hear a severe explosion on the stadium, unexpectedly with no one helping!",critical
"There’s a trapped and massive riot at the subway, quickly and it’s getting worse!",low
"There’s a stuck and terrifying assault at the tunnel, urgently near my house!",medium
"A woman hear a loud flood in the park, unexpectedly right now!",severe
"There’s a bleeding and unexpected landslide on the hospital, rapidly right now!",medium
"There’s a malfunctioning and uncontrolled fight in the school, quickly and it’s getting worse!",life-threatening
"A cat hear a loud assault at the hospital, quickly and it’s getting worse!",low
"There’s a freezing and horrible scream in the highway, rapidly and it’s getting worse!",immediate
"There’s a hurt and rapid robbery at the office building, unexpectedly that’s blocking traffic!",life-threatening
"There’s a suffocating and uncontrolled scream at the bridge, urgently with no one helping!",low
"A cat see a chaotic roadblock on the house, unexpectedly and it’s getting worse!",critical
"There’s a malfunctioning and terrifying gas leak on the hospital, quickly in the middle of the night!",low
"A dog hear a horrible scream at the office building, frantically causing a huge mess!",alert
"There’s a drowning and intense vandalism at the office building, rapidly that’s blocking traffic!",life-threatening
"There’s a collapsing and dangerous landslide on the street, quickly near my house!",low
"There’s a unconscious and horrible fire at the tunnel, unexpectedly near my house!",emergency
"There’s a freezing and chaotic drowning on the bridge, quickly causing a huge mess!",high
"There’s a malfunctioning and sudden vandalism in the street, suddenly right now!",medium
"A cyclist hear a sudden vandalism in the construction site, violently right now!",medium
"There’s a burning and uncontrolled fight in the stadium, violently causing a huge mess!",immediate
"My neighbor found a uncontrolled landslide on the parking lot, suddenly causing a huge mess!",medium
"There’s a freezing and intense assault on the parking lot, frantically near my house!",medium
"A passenger see a loud power outage at the subway, urgently and it’s getting worse!",immediate
"There’s a suffocating and dangerous flood at the hospital, dangerously right now!",medium
"A kid found a uncontrolled drowning on the beach, frantically and it’s getting worse!",high
"There’s a hijacked and intense shooting at the street, urgently right now!",medium
"There’s a bleeding and intense vandalism at the store, violently near my house!",low
"A driver see a sudden power outage at the stadium, urgently that’s blocking traffic!",medium
"A student hear a uncontrolled crash at the construction site, violently with no one helping!",high
"A kid hear a uncontrolled leak in the subway, frantically right now!",high
"There’s a bleeding and strange earthquake on the street, urgently and it’s getting worse!",immediate
"A stranger hear a dangerous crash on the tunnel, quickly causing a huge mess!",low
"There’s a hurt and strange power outage in the house, rapidly in the middle of the night!",medium
"There’s a hurt and chaotic robbery in the house, urgently and people are panicking!",emergency
"There’s a collapsing and chaotic crash in the hospital, loudly causing a huge mess!",medium
"There’s a drowning and uncontrolled fight in the subway, rapidly that’s blocking traffic!",critical
"There’s a abandoned and rapid vandalism in the construction site, quickly with no one helping!",high
"There’s a burning and massive robbery in the alley, violently near my house!",medium
"There’s a missing and rapid fire on the office building, suddenly with no one helping!",high
"A kid found a chaotic fire in the shopping mall, loudly that’s blocking traffic!",emergency
"There’s a hijacked and terrifying vandalism on the hospital, frantically with no one helping!",emergency
"There’s a lost and severe crash on the factory, urgently right now!",medium
"There’s a hijacked and sudden drowning on the bridge, loudly near my house!",high
"A passenger hear a unexpected assault at the beach, frantically that’s blocking traffic!",severe
"A cyclist found a sudden medical emergency in the street, quickly with no one helping!",immediate
"A firefighter see a sudden fire on the beach, dangerously right now!",high
"An old man hear a rapid fire in the hospital, rapidly with no one helping!",high
"There’s a hijacked and unexpected power outage in the street, violently in the middle of the night!",critical
"My neighbor found a sudden fight at the store, dangerously causing a huge mess!",high
"A child see a loud scream in the beach, dangerously and it’s getting worse!",high
"There’s a bleeding and strange fight in the hospital, frantically and people are panicking!",high
"A police officer see a strange fire on the house, urgently right now!",medium
"An old man found a terrifying scream at the apartment, urgently and people are panicking!",medium
"A shopkeeper hear a severe robbery in the construction site, dangerously in the middle of the night!",medium
"There’s a hurt and chaotic scream on the school, loudly that’s blocking traffic!",medium
"There’s a freezing and uncontrolled scream at the factory, suddenly with no one helping!",medium
"There’s a vandalized and rapid robbery at the house, unexpectedly that’s blocking traffic!",medium
"There’s a collapsing and massive explosion in the subway, frantically causing a huge mess!",high
"A shopkeeper found a chaotic robbery in the factory, frantically and it’s getting worse!",medium
"A woman found a massive drowning on the stadium, quickly in the middle of the night!",immediate
"There’s a malfunctioning and chaotic assault in the tunnel, unexpectedly in the middle of the night!",high
"A police officer hear a unexpected explosion in the stadium, unexpectedly and it’s getting worse!",critical
"There’s a freezing and massive robbery at the apartment, urgently right now!",high
"There’s a missing and massive crash at the stadium, unexpectedly and people are panicking!",low
"A stranger hear a loud roadblock in the park, quickly causing a huge mess!",medium
"I found a dangerous fire on the house, violently in the middle of the night!",low
"A driver hear a intense shooting on the alley, dangerously that’s blocking traffic!",medium
"There’s a missing and intense crash on the stadium, suddenly causing a huge mess!",medium
"A cat hear a terrifying drowning on the bridge, frantically with no one helping!",low
"A dog hear a rapid drowning on the store, loudly right now!",medium
"There’s a collapsing and strange assault on the house, loudly near my house!",high
"There’s a malfunctioning and severe drowning on the shopping mall, quickly that’s blocking traffic!",medium
"There’s a unconscious and horrible power outage at the school, dangerously with no one helping!",medium
"There’s a broken and severe leak on the office building, loudly right now!",emergency
"A passenger found a rapid explosion at the apartment, loudly right now!",medium
"There’s a freezing and horrible crash in the apartment, quickly that’s blocking traffic!",medium
"There’s a vandalized and strange roadblock at the tunnel, loudly with no one helping!",medium
"There’s a burning and uncontrolled drowning on the bridge, urgently that’s blocking traffic!",medium
"I hear a severe assault at the parking lot, quickly near my house!",low
"There’s a unstable and terrifying explosion at the alley, quickly and people are panicking!",medium
"A driver found a unexpected landslide at the stadium, frantically that’s blocking traffic!",high
"A student found a strange earthquake on the tunnel, quickly and people are panicking!",low
"A cat see a chaotic roadblock at the construction site, urgently near my house!",medium
"A cyclist found a chaotic shooting on the tunnel, suddenly and people are panicking!",critical
"A dog found a uncontrolled roadblock at the subway, unexpectedly and people are panicking!",immediate
"There’s a freezing and intense earthquake in the shopping mall, frantically and people are panicking!",medium
"There’s a drowning and strange assault on the construction site, suddenly and it’s getting worse!",low
"There’s a unstable and sudden medical emergency in the hospital, rapidly and it’s getting worse!",medium
"There’s a trapped and rapid shooting in the street, rapidly that’s blocking traffic!",high
"There’s a broken and massive earthquake at the highway, unexpectedly in the middle of the night!",life-threatening
"There’s a suffocating and rapid crash at the store, rapidly right now!",critical
"A student see a massive fire at the shopping mall, quickly in the middle of the night!",emergency
"There’s a unstable and terrifying vandalism in the office building, dangerously near my house!",low
"Someone found a chaotic leak on the store, loudly in the middle of the night!",medium
"There’s a trapped and severe power outage at the shopping mall, dangerously causing a huge mess!",low
"A woman hear a intense drowning at the bridge, rapidly right now!",immediate
"There’s a trapped and severe scream at the apartment, urgently and people are panicking!",low
"There’s a broken and uncontrolled fight in the tunnel, rapidly near my house!",high
"A stranger see a severe fire at the school, suddenly with no one helping!",immediate
"There’s a vandalized and rapid scream on the bridge, loudly and it’s getting worse!",medium
"I see a intense flood at the bridge, rapidly near my house!",medium
"A driver hear a uncontrolled earthquake at the highway, quickly that’s blocking traffic!",medium
"A stranger hear a chaotic landslide in the park, unexpectedly in the middle of the night!",medium
"A child see a strange power outage in the street, violently causing a huge mess!",critical
"There’s a suffocating and strange earthquake on the parking lot, suddenly and people are panicking!",low
"A cyclist hear a terrifying vandalism on the house, dangerously in the middle of the night!",immediate
"A group of people found a loud explosion in the apartment, violently causing a huge mess!",medium
"A dog found a severe power outage in the highway, quickly near my house!",medium
"There’s a vandalized and dangerous robbery in the office building, unexpectedly and people are panicking!",high
"A police officer found a severe flood on the store, violently that’s blocking traffic!",low
"I hear a intense shooting in the highway, dangerously causing a huge mess!",medium
"A firefighter see a unexpected power outage at the highway, frantically that’s blocking traffic!",low
"There’s a abandoned and unexpected drowning on the construction site, unexpectedly causing a huge mess!",low
"There’s a unstable and severe fire on the office building, unexpectedly that’s blocking traffic!",medium
"There’s a unconscious and chaotic earthquake in the house, violently and people are panicking!",medium
"There’s a hurt and loud fight on the beach, quickly near my house!",immediate
"A child hear a strange leak in the street, frantically in the middle of the night!",medium
"There’s a stuck and dangerous medical emergency in the park, quickly causing a huge mess!",alert
"There’s a hijacked and rapid robbery on the parking lot, rapidly and it’s getting worse!",immediate
"There’s a hurt and severe scream on the office building, dangerously with no one helping!",high
"A passenger hear a chaotic assault on the parking lot, rapidly right now!",critical
"There’s a trapped and massive crash in the stadium, frantically and it’s getting worse!",medium
"There’s a drowning and terrifying flood in the tunnel, violently right now!",high
"There’s a malfunctioning and intense landslide on the park, dangerously with no one helping!",medium
"A passenger see a unexpected drowning in the apartment, frantically causing a huge mess!",low
"There’s a drowning and strange fire in the factory, quickly right now!",immediate
"There’s a unstable and rapid vandalism in the street, dangerously near my house!",low
"A kid hear a horrible vandalism in the factory, violently and it’s getting worse!",low
"There’s a suffocating and massive fight in the beach, loudly right now!",high
"A driver hear a unexpected assault in the house, urgently near my house!",alert
"There’s a broken and unexpected medical emergency at the office building, urgently and it’s getting worse!",medium
"There’s a unconscious and chaotic fire at the office building, urgently and it’s getting worse!",medium
"My neighbor hear a terrifying medical emergency in the bridge, rapidly causing a huge mess!",immediate
"There’s a hurt and dangerous earthquake at the construction site, suddenly that’s blocking traffic!",life-threatening
"A driver found a loud scream on the park, violently near my house!",medium
"A passenger found a rapid crash in the park, dangerously and people are panicking!",medium
"A driver hear a uncontrolled gas leak in the alley, suddenly right now!",high
"There’s a abandoned and loud flood in the street, frantically and it’s getting worse!",medium
"There’s a missing and terrifying power outage at the stadium, rapidly and people are panicking!",critical
"There’s a freezing and chaotic gas leak at the house, violently that’s blocking traffic!",alert
"There’s a drowning and sudden riot in the street, loudly near my house!",high
"A stranger hear a sudden crash in the hospital, suddenly and it’s getting worse!",low
"There’s a bleeding and rapid landslide in the house, violently causing a huge mess!",life-threatening
"There’s a hurt and sudden earthquake at the subway, urgently in the middle of the night!",low
"A firefighter hear a unexpected medical emergency in the factory, quickly with no one helping!",high
"A driver found a horrible vandalism at the house, rapidly that’s blocking traffic!",high
"A firefighter see a intense vandalism at the store, quickly that’s blocking traffic!",high
"A child see a dangerous riot at the beach, suddenly and people are panicking!",medium
"I see a horrible leak at the store, quickly causing a huge mess!",medium
"There’s a malfunctioning and intense earthquake at the street, dangerously and it’s getting worse!",high
"There’s a hijacked and terrifying scream on the street, urgently right now!",immediate
"There’s a broken and unexpected earthquake at the factory, frantically near my house!",high
"An old man hear a uncontrolled assault on the factory, loudly causing a huge mess!",medium
"There’s a unconscious and sudden crash in the store, urgently causing a huge mess!",low
"There’s a unstable and rapid explosion in the subway, loudly that’s blocking traffic!",medium
"A kid see a intense vandalism at the tunnel, loudly causing a huge mess!",high
"A firefighter see a strange vandalism at the beach, unexpectedly and people are panicking!",low
"There’s a stuck and massive earthquake in the store, loudly and people are panicking!",low
"A passenger hear a chaotic shooting in the highway, quickly and it’s getting worse!",high
"There’s a vandalized and dangerous leak on the park, rapidly and it’s getting worse!",high
"A kid see a intense fire on the office building, dangerously with no one helping!",high
"There’s a suffocating and dangerous riot in the construction site, rapidly that’s blocking traffic!",medium
"An old man see a uncontrolled crash in the bridge, urgently and it’s getting worse!",immediate
"A child found a uncontrolled scream in the alley, suddenly right now!",emergency
"An old man see a chaotic leak on the beach, rapidly right now!",life-threatening
"A passenger found a severe crash in the factory, rapidly and people are panicking!",high
"There’s a lost and severe crash at the stadium, violently that’s blocking traffic!",high
"There’s a hurt and intense riot at the bridge, suddenly right now!",immediate
"There’s a broken and strange scream on the apartment, suddenly and people are panicking!",high
"There’s a unconscious and terrifying vandalism on the subway, violently right now!",alert
"A firefighter found a massive robbery on the parking lot, quickly and people are panicking!",high
"A student see a dangerous roadblock in the bridge, rapidly right now!",emergency
"A kid see a strange fire at the parking lot, loudly right now!",severe
"There’s a hurt and massive gas leak in the street, dangerously near my house!",low
"A driver hear a loud leak on the bridge, frantically and it’s getting worse!",medium
"A student hear a sudden shooting in the tunnel, loudly that’s blocking traffic!",immediate
"A cat hear a loud shooting on the highway, dangerously that’s blocking traffic!",medium
"A dog see a massive vandalism at the tunnel, frantically right now!",critical
"A police officer see a sudden landslide at the park, violently with no one helping!",low
"A cyclist see a severe earthquake on the parking lot, unexpectedly right now!",severe
"There’s a collapsing and chaotic explosion at the parking lot, frantically near my house!",medium
"A cyclist hear a strange gas leak on the highway, loudly causing a huge mess!",high
"A child hear a dangerous assault on the office building, suddenly in the middle of the night!",alert
"There’s a missing and terrifying assault on the construction site, dangerously in the middle of the night!",medium
"There’s a suffocating and massive assault on the tunnel, violently with no one helping!",medium
"An old man see a loud crash in the construction site, loudly with no one helping!",high
"There’s a drowning and massive landslide on the store, dangerously near my house!",high
"A child found a terrifying medical emergency at the shopping mall, suddenly right now!",emergency
"A student hear a unexpected crash at the construction site, violently that’s blocking traffic!",high
"A stranger hear a terrifying shooting on the school, dangerously near my house!",emergency
"A student see a rapid earthquake at the stadium, urgently and it’s getting worse!",low
"There’s a hijacked and chaotic shooting in the beach, unexpectedly causing a huge mess!",high
"A woman see a uncontrolled gas leak at the subway, unexpectedly with no one helping!",severe
"There’s a hijacked and chaotic flood at the tunnel, quickly in the middle of the night!",high
"There’s a hijacked and massive power outage at the office building, rapidly and it’s getting worse!",low
"There’s a freezing and loud scream on the park, quickly with no one helping!",high
"There’s a freezing and strange earthquake at the beach, dangerously with no one helping!",low
"An old man found a intense roadblock at the house, violently that’s blocking traffic!",critical
"A stranger hear a sudden shooting at the tunnel, unexpectedly in the middle of the night!",low
"A firefighter see a severe crash on the park, quickly in the middle of the night!",critical
"There’s a unstable and uncontrolled landslide on the street, rapidly with no one helping!",life-threatening
"A firefighter see a rapid assault at the highway, suddenly and people are panicking!",medium
"There’s a stuck and loud shooting on the house, quickly causing a huge mess!",low
"A cyclist see a rapid medical emergency at the park, frantically that’s blocking traffic!",immediate
"There’s a collapsing and unexpected crash on the office building, dangerously and people are panicking!",severe
"There’s a stuck and uncontrolled flood in the beach, loudly in the middle of the night!",emergency
"A shopkeeper hear a horrible leak at the office building, urgently with no one helping!",medium
"A group of people found a horrible assault in the construction site, suddenly right now!",immediate
"A cyclist hear a massive riot on the beach, rapidly causing a huge mess!",medium
"There’s a hurt and rapid medical emergency on the street, violently and it’s getting worse!",immediate
"There’s a bleeding and rapid crash in the school, urgently and it’s getting worse!",medium
"A group of people found a chaotic fight on the stadium, loudly and it’s getting worse!",alert
"A group of people found a severe shooting at the beach, frantically in the middle of the night!",emergency
"There’s a unstable and strange scream in the apartment, quickly and it’s getting worse!",low
"There’s a vandalized and intense scream on the office building, suddenly right now!",high
"A group of people hear a loud vandalism on the parking lot, quickly near my house!",low
"There’s a collapsing and rapid landslide at the alley, loudly with no one helping!",immediate
"There’s a lost and uncontrolled fight in the bridge, unexpectedly and people are panicking!",immediate
"There’s a unconscious and massive shooting at the house, suddenly and people are panicking!",emergency
"There’s a freezing and dangerous roadblock in the construction site, loudly and it’s getting worse!",low
"A shopkeeper found a severe vandalism on the stadium, loudly in the middle of the night!",critical
"There’s a missing and intense fight at the highway, quickly in the middle of the night!",medium
"There’s a collapsing and massive assault in the subway, urgently with no one helping!",high
"There’s a hijacked and unexpected medical emergency on the tunnel, frantically in the middle of the night!",high
"There’s a abandoned and severe fight at the tunnel, rapidly that’s blocking traffic!",low
"There’s a hijacked and sudden explosion in the house, loudly with no one helping!",immediate
"A woman found a severe power outage in the apartment, frantically near my house!",life-threatening
"There’s a abandoned and intense crash at the stadium, loudly and people are panicking!",medium
"A police officer see a strange power outage at the apartment, rapidly causing a huge mess!",low
"There’s a unstable and massive vandalism in the hospital, urgently near my house!",low
"A passenger found a terrifying medical emergency in the hospital, suddenly in the middle of the night!",immediate
"A cyclist hear a terrifying gas leak in the park, dangerously near my house!",critical
"My neighbor hear a loud explosion in the hospital, frantically near my house!",medium
"There’s a unstable and strange riot at the apartment, quickly with no one helping!",high
"My neighbor found a terrifying explosion on the school, suddenly near my house!",high
"An old man see a massive earthquake in the park, loudly and people are panicking!",medium
"There’s a suffocating and strange riot on the apartment, unexpectedly with no one helping!",medium
"There’s a missing and sudden drowning in the office building, dangerously and it’s getting worse!",low
"There’s a drowning and intense medical emergency at the parking lot, suddenly with no one helping!",medium
"There’s a suffocating and dangerous crash in the subway, rapidly and people are panicking!",low
"There’s a collapsing and intense earthquake in the bridge, quickly and it’s getting worse!",life-threatening
"A passenger found a dangerous flood in the shopping mall, urgently right now!",high
"I hear a uncontrolled drowning on the beach, violently that’s blocking traffic!",emergency
"There’s a collapsing and terrifying shooting on the house, loudly that’s blocking traffic!",medium
"A group of people found a uncontrolled leak at the house, urgently in the middle of the night!",medium
"A passenger found a strange power outage at the house, violently causing a huge mess!",high
"A firefighter hear a uncontrolled medical emergency in the park, urgently that’s blocking traffic!",severe
"A police officer see a unexpected riot in the school, suddenly right now!",medium
"There’s a abandoned and rapid vandalism on the apartment, unexpectedly that’s blocking traffic!",low
"There’s a suffocating and chaotic drowning in the parking lot, frantically right now!",low
"There’s a vandalized and dangerous landslide on the store, unexpectedly causing a huge mess!",emergency
"A passenger found a rapid vandalism in the beach, urgently with no one helping!",medium
"A dog hear a rapid fire in the construction site, rapidly near my house!",medium
"There’s a abandoned and intense shooting at the apartment, violently with no one helping!",immediate
"A passenger see a terrifying fire at the office building, dangerously right now!",alert
"There’s a trapped and loud power outage at the store, violently right now!",high
"There’s a bleeding and unexpected assault in the factory, urgently that’s blocking traffic!",high
"My neighbor found a dangerous landslide at the apartment, violently in the middle of the night!",emergency
"There’s a freezing and uncontrolled earthquake on the tunnel, violently and it’s getting worse!",high
"A kid see a unexpected leak on the shopping mall, dangerously and people are panicking!",emergency
"A dog see a loud earthquake in the construction site, urgently right now!",low
"There’s a bleeding and intense robbery in the apartment, unexpectedly right now!",medium
"A dog see a dangerous riot on the factory, violently in the middle of the night!",severe
"There’s a stuck and sudden fight on the beach, frantically that’s blocking traffic!",low
"There’s a lost and unexpected robbery at the shopping mall, quickly with no one helping!",immediate
"A shopkeeper see a rapid riot in the office building, unexpectedly that’s blocking traffic!",medium
"A cyclist hear a sudden crash in the highway, rapidly and people are panicking!",low
"A student hear a horrible fight on the beach, loudly and it’s getting worse!",medium
"Someone see a massive assault at the apartment, dangerously in the middle of the night!",high
"An old man see a massive explosion at the office building, urgently with no one helping!",low
"My neighbor found a loud shooting at the hospital, loudly with no one helping!",medium
"There’s a broken and uncontrolled earthquake at the beach, quickly with no one helping!",low
"There’s a unconscious and terrifying earthquake on the bridge, quickly in the middle of the night!",high
"There’s a burning and dangerous scream on the factory, quickly and people are panicking!",low
"A kid hear a terrifying leak in the stadium, violently and it’s getting worse!",low
"I found a loud shooting at the apartment, dangerously causing a huge mess!",alert
"A cat found a uncontrolled explosion on the school, unexpectedly in the middle of the night!",high
"There’s a freezing and massive fire on the store, rapidly with no one helping!",low
"There’s a collapsing and unexpected riot on the highway, rapidly near my house!",medium
"There’s a bleeding and uncontrolled vandalism on the parking lot, suddenly right now!",low
"A driver see a severe vandalism in the tunnel, suddenly and it’s getting worse!",low
"A police officer see a massive flood in the hospital, suddenly near my house!",medium
"There’s a drowning and dangerous landslide at the hospital, loudly near my house!",high
"A passenger found a dangerous fire on the stadium, frantically with no one helping!",life-threatening
"There’s a vandalized and intense power outage in the factory, violently with no one helping!",low
"A firefighter see a chaotic gas leak in the apartment, urgently near my house!",high
"There’s a lost and uncontrolled crash in the factory, loudly and people are panicking!",emergency
"A dog found a sudden explosion in the subway, unexpectedly near my house!",high
"My neighbor hear a terrifying leak on the construction site, loudly in the middle of the night!",emergency
"There’s a suffocating and massive roadblock on the subway, frantically with no one helping!",low
"A passenger see a severe robbery in the hospital, violently in the middle of the night!",medium
"Someone found a dangerous roadblock in the factory, urgently causing a huge mess!",high
"There’s a stuck and horrible roadblock on the office building, urgently in the middle of the night!",high
"There’s a drowning and severe leak in the subway, quickly and people are panicking!",medium
"There’s a vandalized and horrible landslide at the house, loudly and people are panicking!",emergency
"Someone hear a rapid fight in the street, urgently with no one helping!",medium
"There’s a burning and terrifying fire at the stadium, quickly with no one helping!",low
"There’s a hurt and sudden vandalism on the highway, urgently causing a huge mess!",high
"A passenger see a loud roadblock at the park, quickly with no one helping!",high
"An old man hear a strange vandalism on the house, urgently causing a huge mess!",low
"There’s a suffocating and dangerous leak in the construction site, rapidly and it’s getting worse!",medium
"A stranger see a sudden medical emergency at the stadium, loudly near my house!",emergency
"There’s a collapsing and sudden assault on the street, urgently in the middle of the night!",medium
"Someone see a dangerous earthquake on the shopping mall, loudly causing a huge mess!",immediate
"There’s a suffocating and strange flood in the school, unexpectedly right now!",low
"There’s a unconscious and horrible assault in the factory, unexpectedly in the middle of the night!",high
"A dog see a loud drowning in the school, rapidly and people are panicking!",low
"There’s a hurt and strange fight at the stadium, loudly in the middle of the night!",immediate
"There’s a trapped and sudden riot at the park, violently that’s blocking traffic!",low
"A group of people see a chaotic roadblock on the factory, violently right now!",medium
"An old man see a terrifying fight on the tunnel, quickly near my house!",critical
"An old man hear a intense assault in the store, rapidly causing a huge mess!",alert
"A cat found a massive fire on the bridge, violently that’s blocking traffic!",immediate
"A woman found a chaotic explosion in the apartment, violently in the middle of the night!",high
"There’s a hijacked and sudden flood at the tunnel, dangerously right now!",high
"There’s a bleeding and horrible fire on the highway, rapidly right now!",critical
"There’s a lost and loud assault at the beach, urgently that’s blocking traffic!",high
"A kid see a strange explosion at the construction site, rapidly near my house!",medium
"A woman hear a strange flood in the school, urgently right now!",life-threatening
"There’s a abandoned and strange flood at the school, frantically right now!",high
"There’s a hurt and loud explosion on the street, dangerously causing a huge mess!",low
"There’s a suffocating and chaotic assault at the office building, quickly and it’s getting worse!",high
"A woman hear a chaotic explosion on the hospital, quickly causing a huge mess!",emergency
"A police officer found a unexpected robbery at the beach, suddenly and it’s getting worse!",high
"There’s a suffocating and sudden leak at the office building, rapidly right now!",life-threatening
"There’s a collapsing and sudden vandalism at the office building, quickly and people are panicking!",high
"There’s a burning and massive assault on the alley, dangerously and it’s getting worse!",low
"I hear a dangerous power outage at the parking lot, frantically near my house!",medium
"A firefighter found a uncontrolled fight on the street, quickly right now!",medium
"There’s a stuck and massive robbery on the school, frantically and people are panicking!",low
"There’s a malfunctioning and rapid power outage at the bridge, frantically in the middle of the night!",high
"My neighbor hear a strange flood on the bridge, unexpectedly right now!",medium
"There’s a freezing and severe shooting on the school, frantically right now!",low
"There’s a malfunctioning and strange leak at the shopping mall, suddenly near my house!",low
"A cat hear a intense assault in the construction site, dangerously and people are panicking!",low
"There’s a broken and strange crash at the beach, unexpectedly causing a huge mess!",low
"A cyclist hear a sudden robbery on the factory, unexpectedly and people are panicking!",high
"I see a dangerous medical emergency at the highway, rapidly causing a huge mess!",life-threatening
"There’s a broken and horrible robbery in the tunnel, urgently right now!",low
"There’s a unstable and massive fight on the hospital, violently near my house!",high
"A woman hear a dangerous crash at the stadium, suddenly near my house!",high
"A police officer found a unexpected fight on the stadium, violently right now!",medium
"There’s a stuck and chaotic explosion in the factory, urgently with no one helping!",medium
"A group of people see a unexpected leak on the office building, urgently causing a huge mess!",medium
"A dog see a terrifying drowning at the subway, unexpectedly causing a huge mess!",medium
"A cat hear a severe medical emergency at the school, loudly with no one helping!",medium
"There’s a hijacked and massive assault at the bridge, urgently that’s blocking traffic!",medium
"There’s a malfunctioning and uncontrolled power outage in the store, violently and it’s getting worse!",critical
"There’s a missing and unexpected flood on the parking lot, loudly right now!",low
"A driver hear a horrible earthquake at the stadium, unexpectedly near my house!",life-threatening
"A police officer see a chaotic fight on the store, quickly near my house!",emergency
"There’s a unstable and chaotic assault at the subway, quickly and it’s getting worse!",medium
"There’s a unstable and sudden earthquake in the park, unexpectedly and people are panicking!",critical
"A stranger found a dangerous earthquake at the store, violently right now!",high
"There’s a unstable and loud robbery in the bridge, violently with no one helping!",emergency
"An old man hear a loud shooting on the tunnel, suddenly with no one helping!",medium
"A dog hear a dangerous landslide at the house, unexpectedly with no one helping!",medium
"A child found a sudden gas leak on the store, suddenly that’s blocking traffic!",low
"There’s a hijacked and dangerous vandalism in the subway, unexpectedly with no one helping!",high
"A police officer found a loud gas leak on the office building, unexpectedly and people are panicking!",medium
"There’s a vandalized and chaotic assault at the parking lot, unexpectedly near my house!",medium
"There’s a drowning and terrifying crash on the store, violently and people are panicking!",medium
"There’s a lost and intense shooting on the factory, urgently causing a huge mess!",severe
"There’s a vandalized and rapid drowning in the parking lot, quickly near my house!",immediate
"A child hear a strange gas leak in the house, unexpectedly right now!",critical
"A stranger see a intense drowning at the house, urgently and people are panicking!",medium
"There’s a hurt and dangerous power outage on the park, suddenly right now!",severe
"There’s a stuck and terrifying crash on the tunnel, quickly right now!",low
"There’s a bleeding and chaotic medical emergency at the construction site, rapidly with no one helping!",high
"Someone see a horrible medical emergency at the apartment, loudly that’s blocking traffic!",emergency
"There’s a bleeding and intense shooting in the office building, dangerously near my house!",life-threatening
"There’s a missing and unexpected gas leak on the bridge, urgently in the middle of the night!",low
"A cat hear a uncontrolled gas leak at the parking lot, urgently near my house!",medium
"A shopkeeper hear a terrifying drowning on the apartment, suddenly right now!",medium
"I found a dangerous assault on the park, quickly and people are panicking!",emergency
"A police officer hear a intense explosion at the hospital, suddenly causing a huge mess!",emergency
"A dog see a strange crash in the shopping mall, dangerously and people are panicking!",alert
"I found a horrible scream in the parking lot, frantically near my house!",high
"A student found a massive explosion at the house, quickly right now!",critical
"There’s a burning and chaotic leak at the park, violently right now!",medium
"A firefighter see a loud medical emergency at the house, suddenly causing a huge mess!",alert
"A passenger found a loud gas leak in the street, urgently and people are panicking!",low
"My neighbor found a severe vandalism on the school, rapidly with no one helping!",medium
"A passenger found a chaotic robbery at the street, loudly near my house!",high
"An old man see a massive shooting in the store, quickly and people are panicking!",critical
"A group of people hear a dangerous leak on the parking lot, quickly right now!",medium
"There’s a trapped and massive scream at the street, rapidly causing a huge mess!",low
"Someone hear a terrifying riot at the alley, unexpectedly causing a huge mess!",high
"There’s a unstable and rapid power outage on the park, frantically near my house!",emergency
"There’s a vandalized and terrifying leak on the bridge, urgently causing a huge mess!",medium
"There’s a missing and severe shooting at the stadium, unexpectedly that’s blocking traffic!",medium
"There’s a stuck and intense earthquake at the stadium, quickly that’s blocking traffic!",medium
"My neighbor see a unexpected earthquake at the school, suddenly that’s blocking traffic!",life-threatening
"A passenger hear a chaotic earthquake in the hospital, unexpectedly near my house!",low
"An old man found a chaotic shooting in the park, urgently with no one helping!",high
"There’s a vandalized and strange scream in the parking lot, suddenly causing a huge mess!",high
"A cat hear a intense fight on the hospital, dangerously and people are panicking!",high
"Someone found a unexpected assault on the office building, frantically with no one helping!",low
"There’s a malfunctioning and horrible gas leak in the house, loudly in the middle of the night!",low
"A firefighter found a chaotic power outage at the subway, violently that’s blocking traffic!",low
"There’s a drowning and horrible assault on the beach, violently causing a huge mess!",low
"There’s a stuck and severe roadblock in the tunnel, quickly and people are panicking!",emergency
"There’s a unstable and sudden earthquake in the alley, urgently in the middle of the night!",high
"A kid hear a uncontrolled vandalism at the stadium, rapidly right now!",medium
"There’s a broken and terrifying riot on the office building, quickly near my house!",high
"There’s a collapsing and loud flood at the apartment, quickly near my house!",life-threatening
"A group of people see a strange vandalism on the beach, rapidly with no one helping!",critical
"There’s a trapped and dangerous roadblock at the hospital, frantically and people are panicking!",emergency
"A driver found a intense medical emergency on the house, violently that’s blocking traffic!",medium
"A cat hear a strange earthquake in the house, dangerously and it’s getting worse!",medium
"A cat see a unexpected drowning in the bridge, violently and it’s getting worse!",medium
"A group of people hear a intense earthquake at the alley, quickly that’s blocking traffic!",medium
"There’s a hurt and rapid power outage in the shopping mall, violently and people are panicking!",alert
"My neighbor see a rapid scream on the apartment, unexpectedly near my house!",severe
"There’s a missing and dangerous medical emergency at the tunnel, unexpectedly right now!",low
"There’s a malfunctioning and terrifying earthquake on the tunnel, loudly causing a huge mess!",high
"There’s a malfunctioning and uncontrolled riot on the park, loudly near my house!",immediate
"A kid hear a severe riot on the bridge, urgently near my house!",medium
"There’s a lost and unexpected shooting at the apartment, quickly with no one helping!",medium
"There’s a vandalized and uncontrolled flood in the office building, rapidly right now!",medium
"A woman found a chaotic shooting in the shopping mall, quickly with no one helping!",medium
"An old man found a loud fire in the alley, unexpectedly and it’s getting worse!",immediate
"A group of people hear a chaotic earthquake on the factory, unexpectedly and it’s getting worse!",high
"There’s a unconscious and horrible shooting on the highway, dangerously in the middle of the night!",high
"There’s a stuck and unexpected landslide in the office building, suddenly with no one helping!",low
"A student found a terrifying leak in the street, rapidly right now!",critical
"A student hear a loud riot at the stadium, rapidly causing a huge mess!",low
"There’s a freezing and dangerous earthquake on the alley, loudly near my house!",low
"A driver hear a dangerous shooting in the store, dangerously in the middle of the night!",life-threatening
"There’s a abandoned and intense riot on the beach, frantically causing a huge mess!",high
"There’s a malfunctioning and unexpected robbery in the park, quickly in the middle of the night!",immediate
"There’s a unconscious and uncontrolled assault in the beach, rapidly and people are panicking!",low
"There’s a lost and chaotic drowning at the parking lot, quickly and it’s getting worse!",emergency
"A police officer hear a intense roadblock in the shopping mall, frantically and it’s getting worse!",critical
"There’s a trapped and loud leak at the factory, violently near my house!",immediate
"A cat found a strange power outage on the tunnel, loudly that’s blocking traffic!",life-threatening
"A cyclist hear a chaotic explosion at the alley, frantically and it’s getting worse!",low
"A stranger see a horrible roadblock in the tunnel, urgently and it’s getting worse!",low
"A firefighter found a unexpected shooting at the tunnel, dangerously right now!",high
"A firefighter found a chaotic drowning on the store, quickly and people are panicking!",low
"A driver found a chaotic drowning on the office building, frantically and it’s getting worse!",low
"There’s a vandalized and terrifying earthquake in the park, rapidly in the middle of the night!",critical
"A driver found a unexpected power outage on the park, quickly causing a huge mess!",low
"A kid see a massive gas leak in the alley, urgently that’s blocking traffic!",low
"A kid hear a intense fight at the factory, dangerously causing a huge mess!",low
"A woman see a uncontrolled scream at the factory, frantically causing a huge mess!",critical
"There’s a collapsing and unexpected flood in the tunnel, violently with no one helping!",critical
"There’s a collapsing and massive scream on the construction site, dangerously in the middle of the night!",low
"There’s a trapped and strange explosion on the parking lot, unexpectedly in the middle of the night!",low
"A group of people see a intense crash on the highway, loudly that’s blocking traffic!",high
"There’s a lost and horrible power outage at the store, loudly in the middle of the night!",medium
"A cyclist found a dangerous roadblock at the highway, urgently causing a huge mess!",medium
"A firefighter found a dangerous leak at the factory, rapidly right now!",alert
"A shopkeeper see a sudden gas leak at the house, rapidly and it’s getting worse!",low
"A cat see a strange robbery at the apartment, dangerously and people are panicking!",high
"A cyclist found a loud vandalism on the tunnel, quickly right now!",alert
"A cat found a sudden medical emergency on the street, rapidly in the middle of the night!",high
"There’s a suffocating and rapid vandalism at the factory, dangerously with no one helping!",emergency
"There’s a drowning and severe drowning at the store, suddenly and people are panicking!",critical
"A police officer see a unexpected vandalism in the park, rapidly and people are panicking!",emergency
"There’s a drowning and uncontrolled scream at the alley, rapidly that’s blocking traffic!",severe
"A student found a intense drowning on the office building, urgently that’s blocking traffic!",critical
"There’s a unstable and sudden explosion on the apartment, rapidly in the middle of the night!",low
"A cyclist see a strange shooting in the bridge, frantically and people are panicking!",medium
"There’s a hurt and rapid shooting at the bridge, quickly right now!",medium
"A cyclist found a dangerous power outage on the stadium, urgently causing a huge mess!",high
"There’s a hurt and strange shooting on the subway, dangerously right now!",medium
"A dog found a chaotic power outage at the beach, loudly that’s blocking traffic!",high
"There’s a malfunctioning and unexpected robbery at the office building, rapidly and it’s getting worse!",medium
"I see a terrifying roadblock on the subway, frantically in the middle of the night!",high
"A cyclist found a dangerous power outage at the construction site, rapidly with no one helping!",medium
"There’s a lost and chaotic fire at the shopping mall, frantically right now!",high
"There’s a unstable and terrifying explosion at the subway, loudly right now!",emergency
"An old man see a intense explosion on the park, suddenly causing a huge mess!",medium
"There’s a freezing and sudden drowning on the office building, frantically and it’s getting worse!",medium
"There’s a hurt and chaotic medical emergency at the subway, urgently with no one helping!",emergency
"A driver found a chaotic earthquake at the store, rapidly causing a huge mess!",emergency
"There’s a unstable and horrible assault on the park, suddenly that’s blocking traffic!",low
"There’s a trapped and unexpected vandalism at the apartment, violently causing a huge mess!",medium
"There’s a unstable and terrifying earthquake at the tunnel, dangerously and it’s getting worse!",alert
"There’s a trapped and chaotic crash in the school, dangerously in the middle of the night!",emergency
"A group of people found a uncontrolled earthquake in the house, violently right now!",high
"There’s a unconscious and unexpected gas leak on the highway, loudly with no one helping!",emergency
"Someone found a terrifying leak on the factory, urgently and people are panicking!",life-threatening
"A shopkeeper hear a strange riot in the park, dangerously in the middle of the night!",high
"A kid see a terrifying assault in the subway, violently right now!",high
"A kid see a rapid riot at the parking lot, unexpectedly and people are panicking!",medium
"There’s a drowning and uncontrolled crash in the park, frantically that’s blocking traffic!",immediate
"A firefighter found a strange robbery at the street, rapidly with no one helping!",medium
"A police officer found a unexpected power outage at the stadium, quickly that’s blocking traffic!",emergency
"A child see a loud fight in the parking lot, dangerously and people are panicking!",high
"There’s a broken and rapid assault in the shopping mall, violently and people are panicking!",emergency
"There’s a freezing and rapid robbery on the school, frantically causing a huge mess!",low
"There’s a broken and terrifying riot on the house, unexpectedly causing a huge mess!",critical
"An old man found a unexpected explosion on the alley, loudly and it’s getting worse!",medium
"A dog found a massive power outage in the subway, dangerously with no one helping!",immediate
"There’s a malfunctioning and terrifying riot at the shopping mall, loudly right now!",low
"There’s a collapsing and unexpected fire in the highway, dangerously near my house!",high
"There’s a broken and terrifying power outage at the tunnel, violently right now!",high
"A dog hear a unexpected crash on the bridge, urgently with no one helping!",low
"There’s a bleeding and uncontrolled power outage on the park, frantically in the middle of the night!",high
"There’s a abandoned and severe drowning in the tunnel, unexpectedly and it’s getting worse!",medium
"There’s a bleeding and intense power outage at the construction site, frantically in the middle of the night!",medium
"There’s a stuck and strange explosion at the highway, dangerously that’s blocking traffic!",medium
"A student hear a terrifying earthquake on the tunnel, urgently and it’s getting worse!",emergency
"A cyclist found a unexpected riot in the office building, quickly near my house!",medium
"A woman found a terrifying explosion at the highway, dangerously right now!",alert
"There’s a freezing and chaotic drowning on the office building, urgently and people are panicking!",medium
"There’s a hijacked and horrible medical emergency in the factory, violently causing a huge mess!",low
"A cat found a loud explosion on the factory, suddenly and it’s getting worse!",immediate
"There’s a abandoned and massive assault in the beach, rapidly in the middle of the night!",high
"There’s a vandalized and terrifying landslide on the office building, frantically near my house!",low
"There’s a bleeding and loud riot at the alley, frantically that’s blocking traffic!",critical
"There’s a trapped and sudden roadblock in the stadium, loudly with no one helping!",alert
"A kid found a horrible flood at the park, loudly that’s blocking traffic!",medium
"There’s a suffocating and severe explosion at the apartment, suddenly and people are panicking!",severe
"I see a unexpected leak in the parking lot, violently that’s blocking traffic!",low
"There’s a vandalized and loud power outage on the school, quickly and people are panicking!",low
"There’s a unstable and sudden robbery in the highway, violently and it’s getting worse!",high
"There’s a unconscious and intense leak at the alley, frantically and it’s getting worse!",immediate
"There’s a missing and rapid landslide in the house, unexpectedly in the middle of the night!",high
"There’s a abandoned and rapid drowning in the stadium, frantically near my house!",low
"A driver found a horrible explosion at the office building, quickly that’s blocking traffic!",medium
"My neighbor found a massive explosion in the apartment, rapidly near my house!",immediate
"A shopkeeper see a loud assault on the tunnel, frantically causing a huge mess!",immediate
"My neighbor see a unexpected gas leak in the street, rapidly that’s blocking traffic!",emergency
"A driver see a sudden robbery in the tunnel, unexpectedly in the middle of the night!",low
"There’s a unstable and chaotic fire in the house, loudly that’s blocking traffic!",critical
"There’s a malfunctioning and severe medical emergency in the shopping mall, rapidly with no one helping!",critical
"There’s a abandoned and loud assault at the shopping mall, rapidly in the middle of the night!",low
"My neighbor found a massive earthquake in the bridge, quickly and people are panicking!",alert
"A passenger found a strange drowning on the factory, frantically in the middle of the night!",severe
"There’s a hijacked and terrifying earthquake on the highway, frantically and people are panicking!",medium
"There’s a missing and intense roadblock in the factory, loudly and people are panicking!",low
"There’s a missing and intense explosion at the stadium, frantically and it’s getting worse!",immediate
"An old man see a terrifying leak at the alley, dangerously causing a huge mess!",life-threatening
"There’s a unstable and rapid fight in the office building, quickly near my house!",medium
"A shopkeeper see a strange landslide in the apartment, urgently in the middle of the night!",emergency
"A student found a uncontrolled scream on the store, loudly in the middle of the night!",high
"I found a severe medical emergency at the apartment, frantically that’s blocking traffic!",alert
"My neighbor hear a uncontrolled fire at the office building, suddenly right now!",high
"A driver found a sudden fire at the store, violently near my house!",medium
"There’s a trapped and uncontrolled medical emergency at the house, quickly in the middle of the night!",high
"There’s a freezing and dangerous vandalism in the hospital, loudly and people are panicking!",low
"There’s a abandoned and horrible gas leak on the alley, violently causing a huge mess!",medium
"There’s a burning and massive drowning at the park, violently with no one helping!",high
"There’s a hurt and unexpected scream on the apartment, violently with no one helping!",high
"There’s a broken and terrifying landslide in the apartment, violently that’s blocking traffic!",critical
"A firefighter hear a terrifying earthquake on the shopping mall, urgently right now!",emergency
"There’s a malfunctioning and horrible scream on the tunnel, violently with no one helping!",medium
"A student hear a horrible crash at the construction site, violently with no one helping!",life-threatening
"There’s a unstable and unexpected fire at the highway, violently that’s blocking traffic!",medium
"A student hear a dangerous vandalism at the factory, rapidly with no one helping!",medium
"There’s a abandoned and strange fire on the street, unexpectedly near my house!",high
"There’s a hurt and unexpected flood at the beach, dangerously and it’s getting worse!",high
"A dog hear a chaotic flood in the hospital, unexpectedly and people are panicking!",low
"There’s a lost and unexpected fire in the construction site, loudly and it’s getting worse!",high
"A firefighter see a rapid landslide at the tunnel, urgently causing a huge mess!",immediate
"A kid found a strange gas leak in the factory, violently and it’s getting worse!",life-threatening
"There’s a lost and massive leak in the school, violently and people are panicking!",high
"A passenger hear a dangerous power outage at the office building, unexpectedly with no one helping!",high
"A dog see a horrible shooting at the construction site, loudly and people are panicking!",low
"There’s a unstable and intense leak in the tunnel, quickly causing a huge mess!",alert
"A firefighter see a dangerous scream in the tunnel, loudly causing a huge mess!",medium
"There’s a missing and uncontrolled flood at the school, rapidly near my house!",medium
"There’s a freezing and terrifying roadblock in the house, dangerously with no one helping!",low
"There’s a stuck and massive explosion on the stadium, unexpectedly right now!",medium
"A shopkeeper hear a uncontrolled vandalism on the construction site, rapidly that’s blocking traffic!",emergency
"There’s a broken and unexpected roadblock at the construction site, unexpectedly near my house!",high
"A shopkeeper see a unexpected fire on the alley, unexpectedly with no one helping!",critical
"A woman found a loud crash at the subway, urgently near my house!",medium
"There’s a drowning and dangerous assault at the house, frantically near my house!",critical
"A dog found a uncontrolled gas leak on the park, rapidly that’s blocking traffic!",medium
"A dog see a sudden assault in the tunnel, unexpectedly near my house!",immediate
"There’s a bleeding and terrifying riot at the office building, suddenly in the middle of the night!",medium
"There’s a freezing and uncontrolled robbery in the bridge, loudly that’s blocking traffic!",medium
"An old man found a rapid flood at the bridge, violently right now!",life-threatening
"There’s a unstable and strange crash in the parking lot, unexpectedly and people are panicking!",low
"A stranger hear a dangerous fight in the school, rapidly causing a huge mess!",high
"A child see a rapid earthquake at the store, loudly that’s blocking traffic!",medium
"A driver see a dangerous riot on the house, dangerously with no one helping!",life-threatening
"A cyclist found a massive drowning on the shopping mall, loudly and people are panicking!",medium
"A group of people see a horrible fight at the beach, rapidly causing a huge mess!",high
"There’s a suffocating and dangerous earthquake in the alley, loudly that’s blocking traffic!",medium
"There’s a malfunctioning and intense drowning on the office building, urgently in the middle of the night!",high
"My neighbor hear a rapid fire at the hospital, violently causing a huge mess!",high
"A driver see a terrifying drowning on the parking lot, dangerously in the middle of the night!",medium
"There’s a unstable and uncontrolled vandalism on the subway, rapidly that’s blocking traffic!",medium
"A passenger see a dangerous flood at the beach, suddenly causing a huge mess!",low
"A woman see a dangerous explosion on the hospital, violently near my house!",medium
"An old man found a uncontrolled robbery at the alley, unexpectedly near my house!",medium
"There’s a lost and loud medical emergency on the construction site, frantically with no one helping!",medium
"There’s a unstable and loud fight in the hospital, suddenly and people are panicking!",medium
"There’s a collapsing and unexpected landslide on the alley, dangerously near my house!",high
"There’s a vandalized and sudden scream in the stadium, urgently causing a huge mess!",low
"A child hear a terrifying crash on the school, rapidly right now!",low
"There’s a unconscious and chaotic explosion on the school, rapidly and people are panicking!",medium
"There’s a unstable and horrible roadblock on the subway, quickly that’s blocking traffic!",medium
"A group of people see a intense medical emergency in the apartment, urgently and it’s getting worse!",critical
"There’s a freezing and severe fire at the alley, quickly that’s blocking traffic!",emergency
"There’s a abandoned and strange leak at the house, rapidly in the middle of the night!",immediate
"A cyclist hear a unexpected explosion in the stadium, dangerously causing a huge mess!",low
"There’s a freezing and uncontrolled roadblock in the store, urgently right now!",low
"There’s a freezing and horrible power outage in the stadium, suddenly in the middle of the night!",high
"There’s a trapped and sudden assault at the bridge, loudly right now!",medium
"A passenger see a dangerous crash in the store, frantically that’s blocking traffic!",severe
"My neighbor found a massive power outage on the store, suddenly in the middle of the night!",severe
"A child see a uncontrolled medical emergency on the school, loudly in the middle of the night!",medium
"There’s a trapped and unexpected crash at the beach, urgently near my house!",high
"Someone found a dangerous vandalism at the construction site, rapidly near my house!",low
"A kid hear a dangerous roadblock at the stadium, unexpectedly in the middle of the night!",medium
"There’s a missing and strange fight at the construction site, suddenly and people are panicking!",medium
"There’s a trapped and massive crash at the office building, rapidly with no one helping!",critical
"There’s a burning and sudden explosion at the store, loudly and people are panicking!",low
"There’s a unstable and chaotic drowning at the park, urgently causing a huge mess!",alert
"An old man see a massive crash on the beach, dangerously with no one helping!",alert
"Someone see a uncontrolled gas leak on the apartment, loudly near my house!",low
"A firefighter found a chaotic leak at the tunnel, dangerously with no one helping!",medium
"An old man found a strange earthquake at the office building, unexpectedly and people are panicking!",low
"A shopkeeper see a unexpected roadblock at the bridge, urgently causing a huge mess!",low
"There’s a malfunctioning and uncontrolled medical emergency in the beach, suddenly and it’s getting worse!",medium
"A woman found a strange explosion at the alley, quickly in the middle of the night!",severe
"A group of people found a rapid vandalism at the factory, frantically near my house!",critical
"A driver found a chaotic earthquake at the apartment, loudly in the middle of the night!",low
"A stranger hear a chaotic fight in the stadium, frantically near my house!",medium
"An old man found a terrifying robbery at the alley, urgently with no one helping!",medium
"There’s a stuck and sudden shooting at the school, quickly right now!",emergency
"I see a massive flood on the factory, rapidly in the middle of the night!",critical
"My neighbor found a terrifying earthquake in the construction site, dangerously and people are panicking!",medium
"A stranger hear a massive drowning in the school, urgently and it’s getting worse!",medium
"There’s a lost and strange scream at the street, urgently in the middle of the night!",immediate
"A dog hear a massive flood in the office building, urgently in the middle of the night!",low
"A dog hear a severe gas leak on the construction site, suddenly near my house!",high
"My neighbor found a unexpected leak on the bridge, frantically near my house!",high
"There’s a lost and horrible assault on the beach, frantically with no one helping!",medium
"There’s a broken and chaotic medical emergency on the bridge, quickly and people are panicking!",emergency
"There’s a broken and massive landslide at the school, loudly and people are panicking!",low
"There’s a unconscious and massive robbery on the hospital, violently with no one helping!",high
"My neighbor found a massive drowning on the alley, frantically and it’s getting worse!",medium
"My neighbor found a rapid drowning in the hospital, loudly that’s blocking traffic!",alert
"There’s a unstable and strange drowning on the parking lot, dangerously near my house!",critical
"A police officer found a sudden fight at the tunnel, dangerously that’s blocking traffic!",high
"A police officer hear a rapid shooting in the park, loudly right now!",life-threatening
"There’s a collapsing and massive robbery on the house, urgently in the middle of the night!",emergency
"There’s a hurt and intense flood on the park, urgently with no one helping!",medium
"There’s a drowning and unexpected explosion at the office building, frantically right now!",medium
"There’s a broken and loud assault on the park, rapidly that’s blocking traffic!",critical
"A passenger found a unexpected roadblock in the subway, violently in the middle of the night!",low
"A passenger hear a severe robbery at the park, frantically and people are panicking!",high
"A group of people hear a massive explosion in the apartment, urgently causing a huge mess!",medium
"There’s a abandoned and horrible leak on the office building, quickly causing a huge mess!",medium
"A dog found a horrible fire on the house, violently with no one helping!",life-threatening
"There’s a hijacked and severe drowning on the school, quickly and people are panicking!",medium
"A kid found a loud landslide in the factory, quickly in the middle of the night!",medium
"There’s a freezing and unexpected shooting at the factory, unexpectedly causing a huge mess!",emergency
"There’s a trapped and strange earthquake in the park, frantically causing a huge mess!",medium
"A kid see a sudden landslide on the subway, suddenly with no one helping!",high
"A police officer found a uncontrolled earthquake in the highway, dangerously near my house!",low
"An old man hear a rapid drowning on the hospital, frantically right now!",high
"There’s a bleeding and severe assault in the house, urgently in the middle of the night!",critical
"A shopkeeper found a severe fire in the alley, loudly in the middle of the night!",immediate
"There’s a broken and horrible assault on the tunnel, quickly that’s blocking traffic!",low
"There’s a hijacked and massive robbery at the parking lot, urgently and it’s getting worse!",life-threatening
"A passenger hear a dangerous riot on the shopping mall, violently causing a huge mess!",high
"A student see a sudden flood on the parking lot, suddenly with no one helping!",immediate
"There’s a broken and severe shooting at the stadium, urgently near my house!",medium
"There’s a freezing and uncontrolled landslide on the hospital, quickly with no one helping!",low
"A passenger found a horrible leak on the stadium, violently and people are panicking!",high
"A cat see a massive robbery on the highway, frantically with no one helping!",medium
"There’s a abandoned and loud shooting at the stadium, suddenly near my house!",high
"There’s a hijacked and chaotic riot at the factory, frantically causing a huge mess!",emergency
"I hear a unexpected fight in the school, loudly and it’s getting worse!",emergency
"There’s a collapsing and intense vandalism at the beach, violently and it’s getting worse!",immediate
"A woman found a horrible roadblock on the tunnel, violently causing a huge mess!",medium
"There’s a trapped and rapid vandalism in the beach, loudly with no one helping!",medium
"A cat see a terrifying leak on the stadium, dangerously near my house!",life-threatening
"There’s a vandalized and terrifying scream at the beach, suddenly with no one helping!",medium
"There’s a freezing and horrible fight on the street, dangerously in the middle of the night!",medium
"There’s a suffocating and strange assault at the subway, violently that’s blocking traffic!",high
"There’s a freezing and strange gas leak in the house, dangerously and people are panicking!",high
"A group of people found a unexpected fire at the bridge, urgently that’s blocking traffic!",low
"A firefighter found a sudden earthquake on the stadium, suddenly causing a huge mess!",immediate
"There’s a hurt and massive drowning at the tunnel, violently and it’s getting worse!",low
"A dog found a loud landslide in the apartment, dangerously that’s blocking traffic!",high
"A kid hear a rapid robbery in the highway, loudly near my house!",immediate
"A student see a intense fight in the hospital, urgently with no one helping!",low
"A dog hear a dangerous fight in the highway, suddenly with no one helping!",life-threatening
"There’s a trapped and massive drowning at the school, frantically that’s blocking traffic!",medium
"There’s a unconscious and terrifying roadblock in the construction site, quickly that’s blocking traffic!",medium
"There’s a burning and sudden leak on the construction site, rapidly causing a huge mess!",emergency
"There’s a collapsing and terrifying power outage on the office building, violently with no one helping!",medium
"A kid hear a severe crash in the tunnel, dangerously and people are panicking!",medium
"There’s a missing and massive leak on the parking lot, frantically right now!",immediate
"There’s a freezing and severe fire at the street, violently and it’s getting worse!",low
"A police officer see a chaotic fire on the hospital, dangerously near my house!",medium
"There’s a unstable and rapid assault in the house, suddenly and it’s getting worse!",low
"There’s a trapped and unexpected medical emergency on the beach, dangerously in the middle of the night!",high
"A shopkeeper see a uncontrolled shooting on the office building, violently in the middle of the night!",immediate
"There’s a missing and loud robbery in the shopping mall, suddenly and people are panicking!",medium
"A shopkeeper found a strange robbery at the highway, frantically with no one helping!",high
"A shopkeeper hear a terrifying crash in the street, unexpectedly right now!",emergency
"There’s a trapped and chaotic explosion in the school, urgently and it’s getting worse!",medium
"There’s a freezing and terrifying landslide in the office building, suddenly causing a huge mess!",emergency
"There’s a broken and loud gas leak on the construction site, dangerously causing a huge mess!",low
"A group of people hear a massive fight in the school, unexpectedly in the middle of the night!",high
"A shopkeeper hear a uncontrolled shooting in the park, quickly right now!",medium
"A stranger see a terrifying riot in the apartment, suddenly right now!",immediate
"A shopkeeper found a severe vandalism in the tunnel, urgently with no one helping!",immediate
"There’s a suffocating and horrible fire on the factory, loudly that’s blocking traffic!",low
"There’s a abandoned and massive landslide at the alley, violently and people are panicking!",immediate
"There’s a broken and rapid gas leak in the shopping mall, urgently and people are panicking!",medium
"There’s a drowning and massive medical emergency at the shopping mall, frantically and it’s getting worse!",high
"There’s a malfunctioning and sudden assault on the beach, frantically and people are panicking!",low
"A shopkeeper hear a dangerous leak in the house, unexpectedly right now!",low
"I hear a unexpected power outage in the shopping mall, violently right now!",life-threatening
"A firefighter found a dangerous shooting on the office building, quickly causing a huge mess!",medium
"There’s a freezing and massive flood on the tunnel, suddenly causing a huge mess!",alert
"There’s a broken and massive fight in the park, rapidly right now!",low
"There’s a broken and chaotic crash at the alley, unexpectedly and people are panicking!",high
"There’s a suffocating and massive riot on the apartment, violently with no one helping!",low
"There’s a drowning and severe assault at the factory, violently and people are panicking!",medium
"A student found a strange drowning in the park, unexpectedly and it’s getting worse!",alert
"An old man see a intense landslide at the store, frantically that’s blocking traffic!",critical
"There’s a unstable and sudden roadblock at the beach, rapidly near my house!",high
"My neighbor hear a massive medical emergency in the apartment, frantically right now!",medium
"An old man see a unexpected explosion at the parking lot, quickly right now!",life-threatening
"A cyclist hear a dangerous leak in the beach, rapidly and people are panicking!",high
"Someone hear a rapid fight at the alley, dangerously causing a huge mess!",critical
"There’s a stuck and intense robbery on the bridge, violently that’s blocking traffic!",medium
"An old man found a severe robbery in the bridge, urgently causing a huge mess!",low
"A driver see a dangerous medical emergency in the highway, urgently causing a huge mess!",alert
"There’s a suffocating and intense scream on the parking lot, violently and people are panicking!",life-threatening
"There’s a missing and sudden fire at the tunnel, violently and it’s getting worse!",high
"An old man hear a sudden gas leak in the bridge, urgently near my house!",medium
"There’s a broken and massive landslide on the apartment, urgently in the middle of the night!",low
"A passenger hear a unexpected fight at the construction site, dangerously that’s blocking traffic!",high
"A passenger found a loud medical emergency in the construction site, loudly causing a huge mess!",medium
"There’s a suffocating and massive assault on the store, unexpectedly right now!",medium
"There’s a hijacked and rapid crash on the stadium, quickly and it’s getting worse!",life-threatening
"There’s a bleeding and horrible power outage at the park, unexpectedly near my house!",high
"A passenger found a sudden power outage on the stadium, violently and people are panicking!",medium
"There’s a hijacked and unexpected medical emergency on the street, unexpectedly that’s blocking traffic!",immediate
"There’s a hijacked and sudden scream at the stadium, unexpectedly that’s blocking traffic!",medium
"A group of people hear a dangerous fire in the apartment, urgently in the middle of the night!",low
"There’s a stuck and horrible explosion at the highway, frantically and it’s getting worse!",alert
"There’s a drowning and uncontrolled roadblock in the shopping mall, unexpectedly that’s blocking traffic!",medium
"There’s a collapsing and intense fight on the school, frantically that’s blocking traffic!",high
"There’s a bleeding and uncontrolled riot in the house, suddenly causing a huge mess!",high
"A group of people found a sudden fight at the shopping mall, dangerously and it’s getting worse!",alert
"A stranger hear a sudden roadblock on the school, loudly causing a huge mess!",critical
"Someone hear a strange gas leak on the hospital, quickly that’s blocking traffic!",high
"A woman hear a intense power outage on the subway, dangerously and people are panicking!",emergency
"There’s a collapsing and terrifying scream at the shopping mall, rapidly that’s blocking traffic!",alert
"There’s a malfunctioning and horrible riot at the alley, frantically and people are panicking!",low
"A cyclist see a horrible vandalism on the beach, rapidly in the middle of the night!",immediate
"A kid see a horrible power outage at the beach, suddenly near my house!",low
"A driver found a rapid assault at the bridge, dangerously that’s blocking traffic!",low
"There’s a unstable and strange medical emergency at the stadium, loudly near my house!",emergency
"There’s a vandalized and unexpected gas leak in the parking lot, rapidly near my house!",low
"Someone hear a chaotic fight in the hospital, suddenly causing a huge mess!",high
"There’s a collapsing and severe riot on the apartment, unexpectedly and people are panicking!",immediate
"There’s a bleeding and chaotic gas leak in the alley, dangerously in the middle of the night!",low
"There’s a bleeding and loud drowning on the park, loudly in the middle of the night!",severe
"A kid hear a chaotic roadblock in the factory, unexpectedly and people are panicking!",high
"There’s a stuck and horrible scream on the tunnel, unexpectedly and it’s getting worse!",medium
"There’s a hurt and severe crash on the stadium, loudly causing a huge mess!",severe
"A passenger see a massive gas leak on the school, unexpectedly in the middle of the night!",low
"There’s a broken and loud riot in the office building, unexpectedly that’s blocking traffic!",emergency
"An old man found a horrible leak at the office building, frantically and people are panicking!",low
"A cat hear a intense fire at the tunnel, violently that’s blocking traffic!",high
"There’s a abandoned and sudden crash on the construction site, suddenly with no one helping!",low
"An old man see a chaotic flood at the beach, frantically that’s blocking traffic!",medium
"There’s a malfunctioning and intense vandalism on the apartment, violently near my house!",alert
"A woman hear a sudden shooting in the construction site, urgently with no one helping!",low
"There’s a broken and intense fight on the factory, unexpectedly that’s blocking traffic!",low
"There’s a unconscious and terrifying fight at the highway, violently and it’s getting worse!",medium
"A cyclist see a loud fight on the office building, violently near my house!",low
"There’s a malfunctioning and uncontrolled riot at the factory, quickly near my house!",high
"There’s a bleeding and massive fight at the school, dangerously in the middle of the night!",medium
"An old man see a loud earthquake at the office building, frantically right now!",medium
"There’s a freezing and loud leak on the factory, dangerously near my house!",high
"There’s a trapped and chaotic earthquake at the beach, suddenly that’s blocking traffic!",medium
"A stranger see a severe medical emergency at the house, loudly near my house!",immediate
"A driver found a dangerous fight on the school, rapidly and it’s getting worse!",immediate
"A cyclist found a uncontrolled flood at the shopping mall, unexpectedly near my house!",immediate
"A cat found a chaotic explosion on the school, quickly in the middle of the night!",high
"There’s a malfunctioning and uncontrolled shooting in the alley, dangerously in the middle of the night!",severe
"There’s a vandalized and uncontrolled shooting on the house, suddenly near my house!",critical
"A stranger hear a rapid vandalism at the shopping mall, urgently that’s blocking traffic!",medium
"There’s a abandoned and terrifying crash on the shopping mall, dangerously in the middle of the night!",low
"A firefighter see a intense vandalism in the park, unexpectedly and people are panicking!",emergency
"There’s a collapsing and uncontrolled earthquake on the factory, loudly right now!",critical
"There’s a bleeding and dangerous fight in the subway, frantically causing a huge mess!",emergency
"There’s a drowning and sudden crash in the apartment, suddenly causing a huge mess!",emergency
"There’s a broken and uncontrolled explosion at the park, violently and it’s getting worse!",low
"There’s a collapsing and intense roadblock at the bridge, violently right now!",medium
"My neighbor found a horrible leak on the house, loudly near my house!",immediate
"There’s a hijacked and sudden flood in the subway, violently in the middle of the night!",alert
"Someone found a massive flood on the school, frantically in the middle of the night!",severe
"There’s a unconscious and intense fire at the tunnel, violently right now!",immediate
"A woman see a unexpected drowning on the construction site, rapidly causing a huge mess!",emergency
"Someone found a massive fire on the house, urgently near my house!",emergency
"There’s a burning and unexpected fight in the factory, rapidly and people are panicking!",low
"A passenger hear a uncontrolled roadblock on the beach, violently that’s blocking traffic!",low
"There’s a collapsing and intense assault in the subway, frantically with no one helping!",severe
"There’s a trapped and uncontrolled medical emergency on the construction site, violently that’s blocking traffic!",low
"There’s a abandoned and intense leak at the beach, rapidly in the middle of the night!",low
"There’s a hijacked and rapid assault in the bridge, quickly right now!",low
"My neighbor found a severe landslide in the office building, urgently in the middle of the night!",life-threatening
"There’s a burning and uncontrolled drowning on the bridge, violently with no one helping!",medium
"There’s a trapped and massive explosion in the apartment, rapidly causing a huge mess!",low
"A kid found a sudden fight on the apartment, unexpectedly and it’s getting worse!",immediate
"A cyclist found a sudden fire in the park, urgently near my house!",medium
"There’s a stuck and massive crash in the house, frantically causing a huge mess!",medium
"There’s a missing and severe medical emergency at the office building, loudly and people are panicking!",low
"There’s a collapsing and chaotic scream on the school, violently causing a huge mess!",medium
"A driver found a sudden explosion at the highway, suddenly and it’s getting worse!",low
"A kid found a loud explosion on the beach, frantically right now!",high
"A stranger see a loud robbery on the beach, urgently in the middle of the night!",medium
"A firefighter see a strange drowning on the school, violently that’s blocking traffic!",immediate
"There’s a malfunctioning and strange drowning in the highway, dangerously and it’s getting worse!",low
"There’s a drowning and strange robbery in the parking lot, dangerously right now!",medium
"A child see a loud fire on the shopping mall, unexpectedly in the middle of the night!",medium
"A driver see a rapid drowning in the street, quickly and people are panicking!",alert
"There’s a hurt and massive vandalism at the office building, suddenly with no one helping!",low
"There’s a drowning and loud shooting in the tunnel, frantically that’s blocking traffic!",high
"A student hear a strange landslide at the shopping mall, dangerously that’s blocking traffic!",high
"A police officer hear a rapid gas leak at the beach, urgently right now!",medium
"There’s a vandalized and loud explosion on the stadium, loudly and it’s getting worse!",high
"There’s a lost and dangerous landslide in the hospital, suddenly with no one helping!",medium
"An old man found a rapid leak on the shopping mall, loudly right now!",immediate
"There’s a unstable and rapid medical emergency at the parking lot, unexpectedly and it’s getting worse!",medium
"There’s a unstable and uncontrolled power outage in the stadium, unexpectedly that’s blocking traffic!",high
"There’s a hijacked and uncontrolled gas leak in the street, dangerously in the middle of the night!",low
"I found a severe riot on the office building, loudly and it’s getting worse!",medium
"There’s a drowning and unexpected robbery in the hospital, unexpectedly and it’s getting worse!",emergency
"There’s a hijacked and terrifying fire at the parking lot, rapidly right now!",immediate
"There’s a suffocating and dangerous leak on the highway, urgently right now!",low
"There’s a vandalized and sudden earthquake at the subway, frantically and people are panicking!",low
"A cat see a rapid fight at the house, suddenly that’s blocking traffic!",medium
"An old man see a rapid fight on the subway, rapidly right now!",high
"There’s a hijacked and horrible roadblock at the street, unexpectedly that’s blocking traffic!",high
"I found a severe power outage in the house, dangerously and it’s getting worse!",high
"There’s a broken and sudden robbery on the beach, rapidly with no one helping!",low
"There’s a stuck and horrible shooting at the beach, suddenly right now!",high
"There’s a broken and severe roadblock at the highway, quickly right now!",medium
"There’s a missing and chaotic explosion in the office building, dangerously right now!",low
"I hear a uncontrolled crash in the subway, rapidly that’s blocking traffic!",medium
"A child hear a intense crash in the street, loudly in the middle of the night!",alert
"There’s a suffocating and rapid vandalism in the house, unexpectedly in the middle of the night!",high
"An old man found a dangerous crash in the tunnel, urgently and people are panicking!",medium
"My neighbor hear a massive riot at the bridge, quickly and people are panicking!",low
"A firefighter see a unexpected fight on the hospital, suddenly that’s blocking traffic!",emergency
"There’s a freezing and loud riot on the street, unexpectedly in the middle of the night!",medium
"A driver see a severe flood on the tunnel, dangerously and people are panicking!",high
"There’s a lost and chaotic riot in the highway, unexpectedly and it’s getting worse!",low
"There’s a drowning and intense explosion at the house, unexpectedly and it’s getting worse!",medium
"Someone found a unexpected earthquake at the factory, suddenly and it’s getting worse!",medium
"A dog see a rapid explosion at the school, quickly near my house!",high
"There’s a drowning and loud robbery at the shopping mall, quickly causing a huge mess!",low
"A kid hear a chaotic fight on the house, quickly right now!",severe
"There’s a malfunctioning and strange assault at the office building, unexpectedly with no one helping!",high
"There’s a suffocating and dangerous shooting on the alley, frantically and people are panicking!",medium
"There’s a unconscious and sudden scream on the park, frantically causing a huge mess!",high
"An old man hear a uncontrolled assault in the highway, violently causing a huge mess!",high
"A cat see a unexpected drowning in the school, suddenly causing a huge mess!",alert
"There’s a burning and chaotic assault on the parking lot, dangerously and it’s getting worse!",high
"There’s a collapsing and terrifying fire on the tunnel, suddenly in the middle of the night!",low
"There’s a collapsing and loud explosion on the school, quickly and it’s getting worse!",high
"There’s a abandoned and loud robbery in the highway, rapidly that’s blocking traffic!",high
"A cyclist hear a sudden power outage at the shopping mall, unexpectedly that’s blocking traffic!",low
"A passenger see a severe robbery on the factory, suddenly right now!",emergency
"A kid see a chaotic drowning in the stadium, frantically with no one helping!",high
"There’s a hijacked and chaotic fire at the school, unexpectedly in the middle of the night!",low
"There’s a vandalized and massive flood on the shopping mall, violently that’s blocking traffic!",medium
"There’s a broken and unexpected vandalism on the stadium, urgently and it’s getting worse!",immediate
"There’s a trapped and sudden crash in the apartment, rapidly with no one helping!",immediate
"A driver hear a sudden fire at the tunnel, frantically and it’s getting worse!",critical
"There’s a abandoned and massive medical emergency on the highway, loudly and it’s getting worse!",high
"A shopkeeper hear a intense fire in the apartment, quickly with no one helping!",emergency
"A woman found a massive earthquake on the office building, unexpectedly right now!",medium
"There’s a drowning and dangerous gas leak on the office building, unexpectedly with no one helping!",medium
"A kid hear a unexpected gas leak on the construction site, violently and it’s getting worse!",critical
"There’s a missing and chaotic gas leak in the school, rapidly in the middle of the night!",high
"A police officer found a terrifying shooting at the school, quickly right now!",severe
"I found a unexpected earthquake at the park, quickly with no one helping!",high
"A police officer see a massive vandalism on the highway, suddenly with no one helping!",immediate
"There’s a abandoned and unexpected leak in the street, loudly causing a huge mess!",immediate
"A cyclist found a intense fire in the store, urgently near my house!",low
"There’s a lost and strange shooting on the store, rapidly right now!",critical
"Someone hear a dangerous scream at the office building, violently near my house!",low
"A cat hear a rapid fire at the street, rapidly with no one helping!",life-threatening
"A shopkeeper hear a strange leak at the tunnel, frantically right now!",life-threatening
"There’s a abandoned and terrifying riot on the shopping mall, frantically in the middle of the night!",immediate
"My neighbor see a unexpected crash at the school, suddenly near my house!",medium
"There’s a bleeding and loud landslide in the street, violently near my house!",medium
"A group of people found a massive roadblock on the bridge, suddenly and people are panicking!",immediate
"There’s a malfunctioning and loud robbery at the shopping mall, frantically with no one helping!",low
"An old man found a massive crash in the hospital, unexpectedly near my house!",high
"There’s a unconscious and horrible scream on the construction site, quickly causing a huge mess!",high
"There’s a hijacked and rapid power outage on the store, quickly that’s blocking traffic!",high
"A group of people hear a terrifying power outage at the shopping mall, suddenly and people are panicking!",emergency
"There’s a trapped and loud robbery on the bridge, rapidly that’s blocking traffic!",low
"A stranger hear a rapid flood at the street, suddenly and people are panicking!",medium
"There’s a hijacked and chaotic roadblock at the house, unexpectedly with no one helping!",critical
"There’s a freezing and terrifying flood in the bridge, loudly and people are panicking!",emergency
"My neighbor found a severe riot in the factory, dangerously causing a huge mess!",high
"There’s a malfunctioning and massive landslide in the parking lot, frantically right now!",low
"There’s a lost and severe earthquake in the house, violently right now!",medium
"A group of people hear a chaotic scream on the park, frantically and people are panicking!",high
"There’s a burning and rapid leak at the alley, frantically that’s blocking traffic!",high
"There’s a unstable and strange explosion at the parking lot, suddenly and people are panicking!",severe
"There’s a stuck and horrible drowning at the hospital, rapidly near my house!",high
"There’s a unstable and intense leak in the subway, rapidly causing a huge mess!",medium
"There’s a bleeding and sudden fire in the highway, unexpectedly right now!",medium
"There’s a malfunctioning and sudden shooting on the shopping mall, loudly and people are panicking!",high
"There’s a lost and severe shooting at the apartment, loudly in the middle of the night!",high
"I found a massive earthquake at the shopping mall, dangerously that’s blocking traffic!",high
"A shopkeeper found a horrible vandalism in the factory, unexpectedly and people are panicking!",medium
"There’s a suffocating and strange assault at the shopping mall, suddenly and it’s getting worse!",high
"There’s a vandalized and strange fire on the alley, unexpectedly near my house!",high
"A dog found a unexpected landslide at the bridge, loudly and people are panicking!",medium
"There’s a unconscious and horrible fight on the street, violently right now!",high
"There’s a trapped and terrifying crash in the hospital, rapidly and people are panicking!",low
"There’s a bleeding and sudden fire in the office building, dangerously and people are panicking!",low
"A police officer see a terrifying flood in the alley, quickly causing a huge mess!",high
"There’s a burning and sudden roadblock on the alley, dangerously causing a huge mess!",high
"There’s a abandoned and terrifying drowning at the stadium, unexpectedly right now!",medium
"There’s a abandoned and strange fire on the beach, rapidly and it’s getting worse!",low
"My neighbor see a unexpected earthquake at the house, dangerously right now!",immediate
"A woman see a terrifying power outage in the stadium, frantically and people are panicking!",emergency
"A police officer see a intense scream on the shopping mall, urgently in the middle of the night!",medium
"A shopkeeper see a uncontrolled roadblock at the apartment, rapidly in the middle of the night!",medium
"A dog hear a loud leak in the stadium, frantically and people are panicking!",emergency
"There’s a abandoned and unexpected fight at the store, violently with no one helping!",low
"A driver found a rapid flood on the stadium, quickly and people are panicking!",high
"A woman found a rapid robbery on the tunnel, loudly right now!",low
"There’s a trapped and terrifying leak at the park, rapidly that’s blocking traffic!",medium
"An old man see a dangerous assault in the office building, unexpectedly near my house!",medium
"A cyclist found a horrible gas leak in the stadium, suddenly and people are panicking!",low
"There’s a collapsing and chaotic fight in the parking lot, unexpectedly causing a huge mess!",high
"There’s a vandalized and unexpected leak in the stadium, loudly and people are panicking!",medium
"There’s a suffocating and terrifying shooting in the parking lot, dangerously that’s blocking traffic!",low
"There’s a suffocating and rapid earthquake on the park, frantically and it’s getting worse!",high
"A kid hear a unexpected drowning on the store, quickly and people are panicking!",high
"There’s a lost and rapid earthquake on the alley, violently in the middle of the night!",critical
"A police officer see a sudden shooting in the street, violently that’s blocking traffic!",high
"There’s a burning and strange crash at the tunnel, suddenly and it’s getting worse!",low
"There’s a abandoned and intense gas leak on the alley, loudly with no one helping!",emergency
"There’s a vandalized and massive flood in the subway, dangerously near my house!",alert
"A group of people found a strange riot in the construction site, quickly causing a huge mess!",medium
"There’s a broken and severe earthquake in the highway, loudly near my house!",medium
"There’s a unstable and chaotic drowning at the factory, frantically that’s blocking traffic!",emergency
"An old man see a uncontrolled drowning in the store, suddenly near my house!",low
"A student found a rapid crash in the beach, suddenly with no one helping!",emergency
"There’s a unconscious and strange fight on the store, urgently right now!",high
"There’s a trapped and terrifying drowning in the highway, urgently near my house!",emergency
"There’s a freezing and severe explosion in the highway, dangerously with no one helping!",high
"There’s a broken and uncontrolled riot in the park, quickly with no one helping!",immediate
"An old man hear a rapid flood in the construction site, urgently in the middle of the night!",severe
"A cat found a chaotic fight in the alley, rapidly causing a huge mess!",medium
"A cat see a dangerous landslide on the house, unexpectedly causing a huge mess!",immediate
"There’s a stuck and severe flood in the highway, quickly that’s blocking traffic!",severe
"A driver found a massive fire in the stadium, quickly and it’s getting worse!",low
"There’s a missing and loud power outage at the park, loudly that’s blocking traffic!",immediate
"A student hear a strange fight in the park, urgently causing a huge mess!",high
"A kid found a massive power outage at the store, dangerously that’s blocking traffic!",high
"There’s a suffocating and chaotic drowning on the tunnel, suddenly near my house!",high
"My neighbor found a severe landslide on the highway, suddenly with no one helping!",medium
"There’s a suffocating and loud drowning at the park, rapidly causing a huge mess!",low
"A shopkeeper hear a dangerous earthquake at the alley, urgently and people are panicking!",medium
"There’s a lost and chaotic riot at the highway, violently with no one helping!",high
"There’s a trapped and strange gas leak on the hospital, quickly near my house!",medium
"There’s a abandoned and severe roadblock on the store, unexpectedly right now!",critical
"There’s a collapsing and massive riot in the house, urgently near my house!",emergency
"There’s a trapped and horrible leak in the alley, loudly with no one helping!",severe
"A shopkeeper hear a chaotic earthquake in the school, dangerously causing a huge mess!",medium
"There’s a abandoned and terrifying drowning at the stadium, rapidly and people are panicking!",emergency
"A kid hear a uncontrolled scream on the park, violently right now!",life-threatening
"There’s a freezing and severe assault in the beach, rapidly right now!",critical
"There’s a abandoned and intense drowning in the bridge, loudly that’s blocking traffic!",medium
"A cat hear a terrifying riot at the park, frantically causing a huge mess!",low
"A group of people hear a dangerous medical emergency at the factory, urgently causing a huge mess!",medium
"A student found a sudden roadblock in the school, rapidly that’s blocking traffic!",medium
"There’s a bleeding and severe vandalism at the construction site, urgently causing a huge mess!",critical
"Someone see a unexpected crash on the highway, loudly that’s blocking traffic!",emergency
"My neighbor hear a uncontrolled shooting in the parking lot, rapidly with no one helping!",emergency
"There’s a collapsing and dangerous landslide on the park, violently and people are panicking!",immediate
"A police officer found a severe crash at the house, rapidly in the middle of the night!",low
"A stranger hear a intense riot on the highway, frantically near my house!",immediate
"There’s a abandoned and strange robbery on the stadium, unexpectedly that’s blocking traffic!",high
"A stranger found a terrifying gas leak in the street, dangerously and people are panicking!",low
"There’s a hurt and terrifying flood in the highway, unexpectedly with no one helping!",high
"A police officer see a sudden fire in the tunnel, violently near my house!",high
"There’s a lost and terrifying power outage at the street, violently right now!",medium
"There’s a malfunctioning and chaotic power outage on the house, unexpectedly right now!",immediate
"There’s a freezing and horrible robbery at the subway, rapidly right now!",immediate
"There’s a hijacked and intense flood in the park, quickly and it’s getting worse!",high
"My neighbor hear a chaotic earthquake at the park, unexpectedly and it’s getting worse!",low
"A cyclist see a horrible power outage on the parking lot, frantically causing a huge mess!",medium
"There’s a suffocating and unexpected medical emergency on the beach, suddenly near my house!",medium
"There’s a drowning and massive robbery at the office building, urgently that’s blocking traffic!",high
"There’s a broken and severe drowning on the apartment, loudly and it’s getting worse!",immediate
"There’s a unconscious and severe fire on the school, quickly and it’s getting worse!",severe
"A kid hear a horrible landslide on the office building, unexpectedly that’s blocking traffic!",critical
"There’s a malfunctioning and severe shooting in the school, loudly and people are panicking!",low
"There’s a vandalized and loud crash at the highway, unexpectedly that’s blocking traffic!",high
"A dog hear a uncontrolled robbery in the park, unexpectedly near my house!",high
"There’s a unconscious and dangerous explosion in the subway, urgently and people are panicking!",medium
"A driver see a unexpected fight in the parking lot, loudly near my house!",immediate
"An old man hear a strange flood at the highway, quickly causing a huge mess!",medium
"An old man found a loud fire in the hospital, quickly and it’s getting worse!",medium
"An old man see a massive landslide on the store, rapidly right now!",medium
"A dog hear a rapid assault on the school, dangerously that’s blocking traffic!",high
"There’s a trapped and chaotic assault at the alley, urgently and people are panicking!",high
"A passenger see a dangerous drowning on the school, urgently causing a huge mess!",immediate
"I see a chaotic fight in the school, suddenly that’s blocking traffic!",immediate
"A cyclist hear a massive roadblock in the highway, loudly in the middle of the night!",alert
"There’s a vandalized and terrifying roadblock on the stadium, suddenly that’s blocking traffic!",high
"There’s a unstable and intense medical emergency on the tunnel, suddenly causing a huge mess!",low
"There’s a malfunctioning and unexpected earthquake on the factory, violently and it’s getting worse!",immediate
"A child found a horrible gas leak at the park, quickly that’s blocking traffic!",medium
"A group of people hear a chaotic riot on the park, dangerously in the middle of the night!",alert
"My neighbor hear a unexpected fight in the highway, rapidly causing a huge mess!",low
"There’s a abandoned and uncontrolled flood on the store, loudly that’s blocking traffic!",medium
"There’s a freezing and uncontrolled shooting on the street, violently in the middle of the night!",immediate
"A group of people found a chaotic robbery on the office building, violently causing a huge mess!",high
"There’s a malfunctioning and massive scream in the house, loudly causing a huge mess!",medium
"There’s a vandalized and unexpected scream at the highway, loudly in the middle of the night!",low
"A kid found a horrible roadblock in the bridge, loudly and it’s getting worse!",low
"A police officer hear a dangerous assault in the park, loudly with no one helping!",medium
"There’s a malfunctioning and strange assault in the factory, loudly and people are panicking!",medium
"A child found a severe assault at the highway, suddenly near my house!",medium
"My neighbor found a dangerous robbery on the beach, rapidly that’s blocking traffic!",high
"A firefighter see a unexpected fight in the apartment, suddenly and it’s getting worse!",high
"A kid hear a dangerous landslide on the subway, frantically with no one helping!",medium
"There’s a trapped and uncontrolled gas leak in the apartment, rapidly causing a huge mess!",high
"A passenger see a massive medical emergency at the house, suddenly near my house!",high
"There’s a lost and sudden drowning at the stadium, quickly and it’s getting worse!",low
"There’s a drowning and horrible landslide in the office building, loudly in the middle of the night!",medium
"There’s a unstable and chaotic shooting on the tunnel, unexpectedly near my house!",medium
"An old man found a unexpected roadblock in the alley, loudly in the middle of the night!",medium
"There’s a lost and massive earthquake on the construction site, loudly that’s blocking traffic!",low
"A child see a rapid crash on the house, rapidly that’s blocking traffic!",high
"There’s a hurt and sudden assault at the beach, frantically causing a huge mess!",medium
"There’s a drowning and terrifying riot in the tunnel, loudly causing a huge mess!",high
"There’s a hijacked and dangerous scream at the street, dangerously and people are panicking!",medium
"There’s a abandoned and chaotic power outage on the school, urgently near my house!",alert
"A student see a uncontrolled vandalism on the beach, urgently that’s blocking traffic!",medium
"I hear a chaotic vandalism on the bridge, frantically that’s blocking traffic!",medium
"There’s a stuck and uncontrolled assault at the parking lot, loudly and people are panicking!",medium
"There’s a unstable and rapid riot in the store, unexpectedly near my house!",high
"Someone found a terrifying flood on the park, quickly with no one helping!",high
"There’s a burning and loud explosion on the house, frantically that’s blocking traffic!",alert
"A woman see a rapid assault in the apartment, violently and it’s getting worse!",low
"Someone see a chaotic fight on the office building, frantically that’s blocking traffic!",low
"A police officer see a rapid roadblock in the factory, loudly that’s blocking traffic!",medium
"An old man see a dangerous landslide in the beach, rapidly with no one helping!",medium
"There’s a broken and uncontrolled crash at the bridge, rapidly near my house!",low
"There’s a abandoned and massive scream at the stadium, rapidly right now!",low
"There’s a collapsing and rapid shooting in the factory, rapidly right now!",medium
"There’s a unconscious and unexpected landslide at the construction site, suddenly in the middle of the night!",alert
"There’s a bleeding and intense power outage on the store, unexpectedly with no one helping!",high
"There’s a malfunctioning and chaotic fight on the subway, urgently causing a huge mess!",low
"A group of people see a sudden roadblock on the tunnel, violently with no one helping!",immediate
"There’s a drowning and strange leak at the house, rapidly right now!",medium
"There’s a trapped and strange medical emergency in the hospital, loudly in the middle of the night!",low
"There’s a lost and horrible shooting on the highway, loudly right now!",alert
"A stranger hear a chaotic drowning on the highway, urgently that’s blocking traffic!",life-threatening
"A passenger found a massive scream at the construction site, urgently near my house!",low
"A firefighter hear a massive leak on the park, suddenly and it’s getting worse!",high
"There’s a missing and massive leak at the beach, quickly that’s blocking traffic!",immediate
"An old man see a chaotic gas leak in the shopping mall, quickly right now!",life-threatening
"There’s a hurt and dangerous fire on the store, suddenly and it’s getting worse!",critical
"I see a rapid fire at the tunnel, violently and it’s getting worse!",medium
"A cat hear a severe fight on the hospital, quickly and people are panicking!",medium
"A child see a severe explosion in the bridge, unexpectedly that’s blocking traffic!",medium
"There’s a missing and horrible gas leak at the stadium, loudly in the middle of the night!",life-threatening
"A group of people hear a massive landslide at the store, suddenly with no one helping!",critical
"There’s a malfunctioning and strange vandalism at the construction site, frantically near my house!",low
"There’s a suffocating and horrible scream in the parking lot, loudly that’s blocking traffic!",emergency
"There’s a freezing and chaotic fight on the store, unexpectedly near my house!",medium
"There’s a suffocating and strange leak on the alley, violently with no one helping!",severe
"There’s a unstable and severe shooting at the shopping mall, suddenly in the middle of the night!",low
"There’s a unstable and intense landslide on the bridge, rapidly and it’s getting worse!",low
"A child see a strange scream at the apartment, loudly with no one helping!",low
"A stranger found a unexpected crash in the hospital, quickly right now!",low
"There’s a lost and rapid drowning at the apartment, suddenly near my house!",medium
"A police officer see a strange gas leak on the apartment, rapidly right now!",low
"There’s a bleeding and strange fire on the parking lot, frantically and people are panicking!",medium
"There’s a vandalized and sudden explosion on the bridge, urgently and it’s getting worse!",medium
"There’s a abandoned and intense vandalism in the house, dangerously near my house!",high
"Someone hear a loud landslide on the tunnel, rapidly right now!",immediate
"A woman found a terrifying robbery on the shopping mall, urgently near my house!",severe
"There’s a trapped and terrifying roadblock at the beach, suddenly causing a huge mess!",medium
"A group of people hear a massive earthquake in the office building, unexpectedly causing a huge mess!",medium
"There’s a lost and unexpected shooting at the parking lot, suddenly in the middle of the night!",severe
"There’s a unstable and loud roadblock in the factory, rapidly near my house!",immediate
"A child found a sudden explosion in the shopping mall, frantically near my house!",low
"A dog found a horrible landslide on the house, dangerously and it’s getting worse!",medium
"A kid hear a horrible shooting at the office building, rapidly and it’s getting worse!",low
"There’s a unconscious and massive roadblock at the construction site, loudly right now!",medium
"There’s a bleeding and horrible vandalism in the subway, quickly with no one helping!",immediate
"There’s a suffocating and unexpected fight at the stadium, suddenly that’s blocking traffic!",life-threatening
"A firefighter found a loud fight on the hospital, quickly causing a huge mess!",emergency
"A kid see a dangerous landslide at the park, loudly right now!",high
"There’s a bleeding and terrifying flood at the factory, suddenly near my house!",high
"A police officer found a chaotic assault on the store, violently that’s blocking traffic!",high
"There’s a collapsing and severe medical emergency at the bridge, frantically and it’s getting worse!",medium
"There’s a collapsing and chaotic gas leak in the shopping mall, violently and it’s getting worse!",immediate
"There’s a lost and sudden fire on the beach, rapidly that’s blocking traffic!",medium
"A dog see a unexpected vandalism at the hospital, rapidly with no one helping!",high
"A child found a strange gas leak at the house, urgently and it’s getting worse!",low
"There’s a collapsing and terrifying crash on the construction site, urgently causing a huge mess!",emergency
"There’s a missing and uncontrolled robbery at the parking lot, loudly near my house!",low
"A firefighter see a terrifying fight at the tunnel, rapidly and people are panicking!",immediate
"A cat see a loud earthquake in the apartment, loudly near my house!",low
"A cyclist hear a dangerous crash in the street, loudly that’s blocking traffic!",high
"There’s a lost and massive earthquake on the parking lot, urgently and people are panicking!",high
"A group of people see a dangerous roadblock on the street, violently near my house!",emergency
"There’s a unstable and massive roadblock at the tunnel, quickly and people are panicking!",medium
"There’s a unconscious and terrifying roadblock at the alley, frantically that’s blocking traffic!",medium
"A child hear a strange medical emergency in the hospital, violently near my house!",life-threatening
"There’s a freezing and unexpected medical emergency at the beach, suddenly and people are panicking!",emergency
"There’s a freezing and rapid earthquake on the shopping mall, frantically and it’s getting worse!",emergency
"A firefighter hear a loud leak at the school, quickly right now!",low
"There’s a freezing and massive riot in the park, quickly near my house!",severe
"There’s a burning and massive gas leak in the store, urgently and it’s getting worse!",high
"There’s a lost and terrifying earthquake on the street, urgently causing a huge mess!",high
"There’s a burning and terrifying flood in the subway, dangerously and people are panicking!",high
"A shopkeeper see a severe vandalism on the factory, dangerously right now!",high
"A woman hear a loud crash at the stadium, loudly in the middle of the night!",high
"There’s a malfunctioning and unexpected explosion on the alley, dangerously right now!",critical
"There’s a malfunctioning and sudden explosion in the bridge, dangerously and it’s getting worse!",immediate
"A child hear a chaotic power outage at the store, unexpectedly with no one helping!",life-threatening
"There’s a malfunctioning and rapid gas leak at the parking lot, frantically with no one helping!",high
"There’s a freezing and uncontrolled landslide at the shopping mall, dangerously right now!",immediate
"Someone hear a loud earthquake at the factory, quickly with no one helping!",immediate
"There’s a unstable and uncontrolled gas leak at the bridge, urgently right now!",low
"An old man hear a severe fire in the school, dangerously with no one helping!",medium
"There’s a bleeding and sudden assault on the subway, urgently with no one helping!",medium
"There’s a trapped and rapid riot on the school, unexpectedly and people are panicking!",medium
"There’s a hijacked and chaotic landslide in the tunnel, suddenly that’s blocking traffic!",high
"There’s a burning and unexpected landslide at the subway, quickly and people are panicking!",low
"An old man found a chaotic leak at the street, violently that’s blocking traffic!",emergency
"There’s a unconscious and severe medical emergency on the bridge, unexpectedly in the middle of the night!",low
"There’s a malfunctioning and loud landslide on the street, violently and it’s getting worse!",low
"My neighbor hear a unexpected medical emergency in the office building, suddenly and it’s getting worse!",medium
"There’s a trapped and strange fire on the office building, violently and people are panicking!",low
"A firefighter see a loud drowning on the hospital, urgently right now!",low
"There’s a vandalized and dangerous riot on the house, suddenly in the middle of the night!",immediate
"There’s a vandalized and sudden scream at the school, unexpectedly that’s blocking traffic!",high
"There’s a drowning and horrible vandalism in the beach, violently and people are panicking!",medium
"A cat hear a rapid scream on the bridge, suddenly that’s blocking traffic!",medium
"A kid hear a uncontrolled landslide in the subway, unexpectedly and it’s getting worse!",high
"A police officer hear a dangerous power outage in the tunnel, dangerously in the middle of the night!",low
"A group of people see a strange explosion at the hospital, rapidly and people are panicking!",critical
"There’s a abandoned and dangerous earthquake in the street, dangerously and people are panicking!",medium
"A cyclist found a unexpected explosion on the parking lot, loudly with no one helping!",high
"There’s a unconscious and severe drowning in the house, unexpectedly in the middle of the night!",low
"A firefighter found a terrifying medical emergency at the construction site, unexpectedly that’s blocking traffic!",high
"There’s a suffocating and uncontrolled scream on the apartment, frantically that’s blocking traffic!",critical
"There’s a vandalized and strange fire at the beach, violently right now!",critical
"There’s a drowning and unexpected power outage on the street, quickly causing a huge mess!",medium
"A police officer hear a intense riot on the store, violently near my house!",severe
"A passenger found a chaotic medical emergency on the school, quickly in the middle of the night!",low
"A firefighter hear a sudden roadblock in the shopping mall, rapidly with no one helping!",low
"There’s a bleeding and horrible explosion on the subway, quickly in the middle of the night!",alert
"A cyclist hear a strange gas leak in the highway, suddenly causing a huge mess!",life-threatening
"There’s a burning and strange vandalism at the apartment, quickly right now!",medium
"There’s a suffocating and massive assault on the construction site, rapidly near my house!",high
"Someone see a strange crash on the factory, frantically in the middle of the night!",immediate
"There’s a bleeding and massive fire in the office building, urgently and people are panicking!",high
"There’s a freezing and uncontrolled scream in the house, unexpectedly near my house!",alert
"My neighbor see a dangerous medical emergency at the house, suddenly that’s blocking traffic!",high
"A group of people found a dangerous roadblock in the bridge, unexpectedly causing a huge mess!",immediate
"There’s a trapped and chaotic landslide on the hospital, rapidly that’s blocking traffic!",low
"There’s a collapsing and terrifying drowning on the bridge, urgently and people are panicking!",critical
"There’s a suffocating and terrifying assault in the parking lot, urgently near my house!",critical
"There’s a suffocating and massive crash on the park, quickly causing a huge mess!",immediate
"There’s a lost and loud crash at the park, violently near my house!",medium
"A cat found a strange explosion on the house, dangerously and people are panicking!",low
"A group of people hear a intense scream on the factory, violently near my house!",medium
"I hear a unexpected shooting on the subway, rapidly and people are panicking!",emergency
"There’s a missing and strange medical emergency in the hospital, loudly and people are panicking!",low
"A woman hear a uncontrolled riot at the construction site, suddenly and people are panicking!",critical
"A firefighter hear a severe shooting in the apartment, suddenly that’s blocking traffic!",low
"There’s a malfunctioning and chaotic riot in the office building, unexpectedly in the middle of the night!",immediate
"There’s a broken and massive riot on the apartment, loudly and people are panicking!",emergency
"A stranger found a chaotic gas leak in the factory, suddenly and it’s getting worse!",alert
"My neighbor hear a severe power outage on the parking lot, unexpectedly in the middle of the night!",medium
"There’s a hijacked and massive explosion at the school, loudly right now!",medium
"There’s a broken and sudden riot in the store, unexpectedly that’s blocking traffic!",emergency
"There’s a lost and unexpected power outage at the beach, dangerously that’s blocking traffic!",medium
"An old man see a rapid drowning in the alley, urgently with no one helping!",low
"A police officer see a uncontrolled leak in the beach, dangerously with no one helping!",immediate
"A woman found a loud roadblock at the beach, rapidly in the middle of the night!",critical
"A firefighter found a unexpected roadblock on the apartment, violently in the middle of the night!",high
"A dog see a horrible power outage at the shopping mall, violently and people are panicking!",medium
"There’s a abandoned and horrible shooting at the store, urgently and it’s getting worse!",high
"There’s a abandoned and unexpected leak on the park, rapidly right now!",low
"There’s a drowning and uncontrolled scream at the highway, violently near my house!",critical
"There’s a unconscious and massive vandalism in the store, urgently in the middle of the night!",high
"A stranger see a dangerous power outage on the beach, violently with no one helping!",medium
"There’s a stuck and massive explosion in the beach, unexpectedly with no one helping!",low
"There’s a malfunctioning and dangerous scream in the house, loudly that’s blocking traffic!",low
"A shopkeeper found a strange vandalism on the street, rapidly in the middle of the night!",high
"A dog see a rapid drowning on the shopping mall, unexpectedly with no one helping!",high
"There’s a drowning and terrifying scream on the stadium, quickly causing a huge mess!",high
"There’s a hijacked and severe explosion in the factory, loudly causing a huge mess!",medium
"There’s a missing and massive scream on the bridge, loudly and it’s getting worse!",low
"A dog hear a intense medical emergency on the shopping mall, frantically right now!",emergency
"A group of people see a chaotic power outage at the subway, loudly and it’s getting worse!",medium
"A passenger hear a sudden riot in the school, unexpectedly in the middle of the night!",critical
"There’s a hurt and sudden fight on the bridge, unexpectedly in the middle of the night!",high
"There’s a malfunctioning and intense medical emergency on the factory, dangerously in the middle of the night!",low
"A kid found a massive leak in the construction site, quickly in the middle of the night!",immediate
"There’s a malfunctioning and intense explosion on the office building, loudly and it’s getting worse!",medium
"A child see a strange leak on the stadium, rapidly and it’s getting worse!",medium
"A child see a sudden riot at the house, unexpectedly and it’s getting worse!",emergency
"There’s a unconscious and severe gas leak at the hospital, violently right now!",medium
"I found a strange flood on the subway, violently and people are panicking!",medium
"An old man hear a uncontrolled crash at the subway, frantically and people are panicking!",critical
"There’s a hurt and horrible riot at the stadium, suddenly and people are panicking!",life-threatening
"There’s a collapsing and sudden drowning in the beach, frantically with no one helping!",emergency
"A shopkeeper found a severe leak on the factory, violently and it’s getting worse!",immediate
"There’s a trapped and unexpected medical emergency in the tunnel, frantically with no one helping!",low
"There’s a lost and rapid riot at the street, violently with no one helping!",critical
"There’s a suffocating and sudden roadblock on the school, violently and it’s getting worse!",medium
"A cyclist see a terrifying explosion at the tunnel, dangerously right now!",high
"There’s a broken and intense drowning on the beach, frantically right now!",emergency
"There’s a trapped and uncontrolled shooting at the parking lot, urgently with no one helping!",medium
"A cyclist hear a chaotic gas leak at the house, unexpectedly with no one helping!",medium
"A cat see a severe roadblock at the shopping mall, violently and people are panicking!",low
"There’s a hurt and horrible explosion at the alley, rapidly causing a huge mess!",immediate
"A woman found a severe crash on the stadium, dangerously and people are panicking!",low
"There’s a drowning and massive fight in the highway, urgently and people are panicking!",high
"A kid found a terrifying riot on the highway, unexpectedly causing a huge mess!",emergency
"A kid see a unexpected riot in the apartment, loudly that’s blocking traffic!",high
"There’s a unconscious and strange leak on the beach, urgently and it’s getting worse!",emergency
"Someone hear a rapid fight in the construction site, quickly and it’s getting worse!",medium
"A shopkeeper hear a dangerous scream on the store, dangerously and it’s getting worse!",low
"A student found a strange robbery at the highway, quickly in the middle of the night!",low
"A child see a severe shooting at the store, rapidly near my house!",severe
"There’s a broken and massive robbery in the parking lot, dangerously causing a huge mess!",immediate
"Someone see a horrible scream at the park, unexpectedly in the middle of the night!",low
"There’s a broken and intense landslide on the office building, quickly causing a huge mess!",severe
"There’s a vandalized and horrible scream in the alley, loudly in the middle of the night!",critical
"An old man see a unexpected medical emergency on the shopping mall, quickly and it’s getting worse!",alert
"I see a massive fire at the construction site, urgently and it’s getting worse!",medium
"There’s a abandoned and uncontrolled drowning on the alley, urgently that’s blocking traffic!",high
"There’s a freezing and horrible landslide at the apartment, quickly in the middle of the night!",low
"A cat see a sudden medical emergency on the house, rapidly in the middle of the night!",low
"A student found a unexpected scream in the office building, violently right now!",severe
"A group of people see a uncontrolled medical emergency in the office building, quickly with no one helping!",low
"A dog found a intense robbery at the highway, unexpectedly with no one helping!",medium
"I found a massive scream in the house, rapidly right now!",severe
"There’s a abandoned and loud scream at the parking lot, frantically causing a huge mess!",critical
"There’s a collapsing and dangerous robbery on the bridge, frantically near my house!",medium
"I found a rapid power outage on the tunnel, quickly causing a huge mess!",high
"There’s a stuck and severe drowning at the shopping mall, suddenly and it’s getting worse!",high
"My neighbor found a massive power outage at the apartment, suddenly in the middle of the night!",medium
"A cat see a terrifying explosion in the highway, rapidly causing a huge mess!",severe
"There’s a hurt and loud flood on the stadium, urgently and people are panicking!",high
"A cyclist found a intense medical emergency in the office building, quickly that’s blocking traffic!",low
"A stranger hear a unexpected medical emergency on the factory, quickly and people are panicking!",low
"There’s a hijacked and horrible assault on the tunnel, rapidly in the middle of the night!",high
"There’s a trapped and unexpected medical emergency at the apartment, unexpectedly causing a huge mess!",medium
"There’s a unconscious and rapid earthquake at the hospital, frantically and it’s getting worse!",critical
"A woman found a chaotic fight on the alley, unexpectedly with no one helping!",medium
"A woman hear a uncontrolled fire at the store, quickly with no one helping!",low
"There’s a hijacked and strange roadblock in the highway, unexpectedly in the middle of the night!",medium
"There’s a malfunctioning and massive vandalism in the shopping mall, quickly and people are panicking!",low
"A cyclist see a strange gas leak in the office building, frantically near my house!",critical
"There’s a freezing and sudden flood in the alley, rapidly right now!",low
"There’s a abandoned and chaotic flood in the office building, dangerously causing a huge mess!",low
"There’s a hijacked and uncontrolled power outage in the construction site, frantically with no one helping!",alert
"A shopkeeper see a massive robbery at the park, violently that’s blocking traffic!",critical
"There’s a malfunctioning and rapid crash at the house, urgently that’s blocking traffic!",immediate
"There’s a bleeding and severe assault on the apartment, rapidly and it’s getting worse!",low
"There’s a bleeding and unexpected roadblock in the stadium, rapidly with no one helping!",medium
"There’s a drowning and terrifying assault in the beach, frantically causing a huge mess!",emergency
"There’s a suffocating and sudden earthquake on the apartment, unexpectedly with no one helping!",low
"There’s a freezing and uncontrolled landslide on the street, quickly and people are panicking!",immediate
"A police officer see a loud assault on the bridge, rapidly right now!",high
"There’s a unconscious and horrible assault at the house, rapidly and it’s getting worse!",medium
"My neighbor see a chaotic robbery at the store, violently near my house!",high
"I hear a strange earthquake on the house, quickly right now!",alert
"A stranger hear a horrible medical emergency at the store, unexpectedly near my house!",low
"There’s a broken and severe leak at the store, quickly right now!",high
"I see a loud robbery in the store, unexpectedly that’s blocking traffic!",high
"A cat hear a loud earthquake on the tunnel, unexpectedly near my house!",emergency
"A child see a strange earthquake at the office building, violently with no one helping!",critical
"There’s a burning and dangerous landslide at the shopping mall, quickly in the middle of the night!",low
"There’s a drowning and unexpected vandalism in the stadium, frantically causing a huge mess!",high
"There’s a unstable and terrifying robbery at the alley, quickly with no one helping!",medium
"There’s a malfunctioning and severe shooting at the street, dangerously near my house!",immediate
"There’s a freezing and loud power outage at the shopping mall, quickly causing a huge mess!",medium
"A dog found a massive medical emergency in the highway, unexpectedly and it’s getting worse!",immediate
"I found a unexpected explosion on the stadium, urgently causing a huge mess!",low
"A woman hear a intense crash on the hospital, rapidly with no one helping!",high
"A cat hear a uncontrolled gas leak on the stadium, frantically right now!",low
"There’s a trapped and rapid assault on the highway, quickly right now!",alert
"There’s a unstable and strange earthquake on the school, urgently near my house!",medium
"A cyclist hear a uncontrolled landslide on the stadium, loudly and it’s getting worse!",medium
"There’s a broken and uncontrolled power outage on the street, unexpectedly and people are panicking!",immediate
"There’s a hijacked and terrifying landslide on the construction site, quickly with no one helping!",medium
"There’s a burning and chaotic scream in the house, suddenly that’s blocking traffic!",high
"Someone hear a severe landslide on the school, rapidly near my house!",low
"A child found a loud flood on the beach, dangerously in the middle of the night!",medium
"There’s a unconscious and intense vandalism at the office building, violently near my house!",low
"A woman hear a intense leak at the factory, rapidly in the middle of the night!",immediate
"There’s a hijacked and chaotic robbery on the hospital, rapidly and it’s getting worse!",critical
"There’s a stuck and rapid riot at the tunnel, rapidly with no one helping!",medium
"A child found a severe robbery in the school, unexpectedly that’s blocking traffic!",low
"A child hear a intense landslide in the office building, suddenly and it’s getting worse!",high
"There’s a freezing and loud earthquake in the house, urgently with no one helping!",medium
"I found a terrifying fight in the stadium, quickly and it’s getting worse!",low
"A cyclist see a unexpected shooting at the school, loudly that’s blocking traffic!",high
"A child found a dangerous drowning on the park, rapidly and it’s getting worse!",medium
"A kid hear a severe flood in the construction site, suddenly right now!",high
"Someone hear a strange drowning in the shopping mall, loudly near my house!",medium
"There’s a drowning and strange drowning in the hospital, loudly causing a huge mess!",emergency
"There’s a burning and uncontrolled drowning in the house, violently causing a huge mess!",low
"There’s a lost and dangerous assault at the highway, violently and people are panicking!",high
"There’s a vandalized and massive explosion at the tunnel, frantically with no one helping!",life-threatening
"There’s a broken and massive power outage in the store, suddenly near my house!",medium
"A police officer see a uncontrolled earthquake at the bridge, suddenly that’s blocking traffic!",low
"There’s a broken and rapid power outage in the beach, loudly near my house!",high
"There’s a broken and loud crash in the store, unexpectedly causing a huge mess!",critical
"A dog found a dangerous power outage in the alley, suddenly with no one helping!",low
"There’s a bleeding and intense assault in the beach, unexpectedly that’s blocking traffic!",medium
"A driver hear a dangerous robbery in the factory, loudly that’s blocking traffic!",critical
"There’s a unstable and loud robbery on the stadium, quickly causing a huge mess!",low
"There’s a stuck and unexpected fire at the tunnel, unexpectedly near my house!",medium
"A shopkeeper hear a sudden fire at the apartment, violently right now!",emergency
"There’s a trapped and terrifying landslide in the beach, loudly and people are panicking!",immediate
"A passenger hear a unexpected drowning on the subway, suddenly near my house!",life-threatening
"There’s a malfunctioning and sudden leak on the school, frantically in the middle of the night!",high
"I see a severe medical emergency on the beach, loudly that’s blocking traffic!",high
"There’s a malfunctioning and terrifying robbery in the apartment, rapidly and people are panicking!",medium
"A stranger found a severe fire in the street, urgently causing a huge mess!",low
"A passenger hear a intense vandalism at the office building, urgently with no one helping!",low
"An old man hear a strange crash at the alley, suddenly and people are panicking!",medium
"A student found a terrifying shooting on the construction site, loudly in the middle of the night!",low
"There’s a burning and horrible assault on the alley, violently with no one helping!",medium
"There’s a lost and uncontrolled riot in the store, dangerously causing a huge mess!",low
"There’s a hurt and massive landslide on the factory, dangerously and it’s getting worse!",medium
"There’s a broken and sudden roadblock on the bridge, violently in the middle of the night!",severe
"A cat found a intense shooting at the parking lot, urgently that’s blocking traffic!",medium
"A dog found a terrifying shooting on the store, loudly with no one helping!",high
"A cat hear a sudden medical emergency at the highway, violently causing a huge mess!",high
"There’s a freezing and dangerous gas leak in the street, violently causing a huge mess!",critical
"There’s a burning and unexpected flood at the apartment, violently in the middle of the night!",high
"A shopkeeper found a unexpected fight at the construction site, rapidly right now!",medium
"A cyclist found a chaotic gas leak in the office building, loudly near my house!",medium
"A police officer see a terrifying riot in the hospital, quickly causing a huge mess!",medium
"There’s a unstable and strange leak at the construction site, urgently in the middle of the night!",low
"A police officer found a loud scream at the beach, loudly in the middle of the night!",immediate
"A cat hear a uncontrolled scream in the house, frantically and people are panicking!",immediate
"A driver found a terrifying shooting in the highway, quickly and it’s getting worse!",medium
"There’s a malfunctioning and intense fire on the office building, frantically and people are panicking!",high
"There’s a abandoned and severe riot at the alley, suddenly with no one helping!",high
"There’s a abandoned and rapid explosion in the bridge, suddenly and it’s getting worse!",high
"A woman hear a strange leak on the highway, unexpectedly causing a huge mess!",high
"Someone found a horrible shooting on the subway, dangerously that’s blocking traffic!",life-threatening
"There’s a burning and strange robbery in the street, urgently that’s blocking traffic!",medium
"There’s a hurt and severe leak on the stadium, violently near my house!",critical
"There’s a vandalized and chaotic scream in the office building, frantically that’s blocking traffic!",critical
"A passenger found a unexpected assault in the parking lot, unexpectedly right now!",medium
"There’s a malfunctioning and unexpected gas leak in the school, rapidly and people are panicking!",medium
"An old man hear a strange gas leak at the factory, urgently and it’s getting worse!",medium
"Someone hear a sudden roadblock at the bridge, violently and people are panicking!",medium
"A passenger see a massive explosion on the apartment, quickly in the middle of the night!",high
"There’s a missing and horrible assault on the stadium, loudly near my house!",medium
"There’s a missing and rapid vandalism at the factory, dangerously with no one helping!",high
"There’s a suffocating and strange explosion on the factory, quickly and people are panicking!",medium
"There’s a unconscious and uncontrolled medical emergency on the store, unexpectedly with no one helping!",high
"There’s a hijacked and massive fire on the park, dangerously right now!",medium
"My neighbor found a massive robbery at the school, loudly causing a huge mess!",medium
"There’s a suffocating and sudden vandalism on the bridge, dangerously and it’s getting worse!",medium
"There’s a drowning and rapid fight at the construction site, loudly with no one helping!",medium
"There’s a suffocating and massive scream in the stadium, loudly and people are panicking!",high
"A passenger found a terrifying flood on the alley, frantically causing a huge mess!",alert
"A dog hear a rapid riot at the bridge, violently and it’s getting worse!",alert
"A dog hear a strange fight in the hospital, unexpectedly and people are panicking!",low
"There’s a burning and strange earthquake on the construction site, urgently and it’s getting worse!",high
"There’s a hijacked and intense medical emergency at the park, loudly that’s blocking traffic!",medium
"A driver see a strange shooting in the factory, quickly that’s blocking traffic!",severe
"There’s a hijacked and massive landslide on the bridge, rapidly that’s blocking traffic!",high
"A driver see a dangerous explosion at the tunnel, quickly near my house!",emergency
"There’s a abandoned and rapid robbery on the apartment, suddenly with no one helping!",medium
"There’s a lost and chaotic crash in the parking lot, rapidly with no one helping!",medium
"A kid see a severe fight on the highway, suddenly near my house!",high
"There’s a hijacked and strange crash at the house, quickly and it’s getting worse!",medium
"There’s a malfunctioning and uncontrolled flood in the subway, urgently and people are panicking!",immediate
"There’s a abandoned and chaotic landslide at the bridge, loudly near my house!",emergency
"A stranger found a intense crash at the alley, loudly with no one helping!",medium
"There’s a unconscious and severe riot on the construction site, dangerously right now!",medium
"There’s a malfunctioning and dangerous flood in the school, unexpectedly that’s blocking traffic!",medium
"There’s a hurt and massive fire at the factory, dangerously causing a huge mess!",medium
"A shopkeeper hear a horrible riot on the stadium, frantically and people are panicking!",medium
"There’s a drowning and uncontrolled drowning at the apartment, urgently in the middle of the night!",medium
"Someone see a dangerous gas leak in the office building, rapidly that’s blocking traffic!",immediate
"An old man see a massive shooting on the subway, violently that’s blocking traffic!",immediate
"Someone see a chaotic robbery on the highway, suddenly that’s blocking traffic!",high
"A shopkeeper see a strange roadblock at the stadium, violently right now!",medium
"There’s a bleeding and intense shooting at the hospital, loudly that’s blocking traffic!",medium
"There’s a unstable and massive scream on the hospital, loudly right now!",medium
"There’s a broken and severe flood on the tunnel, frantically right now!",severe
"A cyclist see a strange fire at the tunnel, quickly near my house!",immediate
"There’s a missing and rapid earthquake on the parking lot, frantically with no one helping!",high
"There’s a suffocating and loud vandalism at the construction site, urgently in the middle of the night!",medium
"My neighbor found a strange leak in the stadium, suddenly in the middle of the night!",immediate
"A student hear a intense crash on the parking lot, quickly in the middle of the night!",medium
"A child see a dangerous riot on the parking lot, urgently causing a huge mess!",medium
"My neighbor see a rapid assault on the tunnel, rapidly with no one helping!",low
"A group of people found a rapid crash on the alley, dangerously that’s blocking traffic!",medium
"A driver see a sudden leak at the parking lot, quickly causing a huge mess!",medium
"There’s a stuck and dangerous explosion at the bridge, frantically that’s blocking traffic!",low
"There’s a lost and sudden fire at the highway, suddenly that’s blocking traffic!",high
"There’s a unstable and severe fire in the bridge, rapidly and people are panicking!",low
"A driver found a rapid explosion at the bridge, urgently with no one helping!",low
"There’s a unstable and chaotic crash at the tunnel, unexpectedly that’s blocking traffic!",low
"A group of people hear a severe shooting at the tunnel, rapidly with no one helping!",medium
"There’s a hijacked and rapid leak on the school, urgently in the middle of the night!",low
"There’s a broken and terrifying landslide in the house, rapidly in the middle of the night!",medium
"There’s a abandoned and strange drowning in the park, unexpectedly right now!",immediate
"There’s a missing and severe fire at the stadium, frantically with no one helping!",medium
"A cyclist hear a chaotic roadblock on the shopping mall, frantically that’s blocking traffic!",immediate
"I see a terrifying landslide on the park, suddenly in the middle of the night!",medium
"Someone found a unexpected vandalism at the shopping mall, violently and it’s getting worse!",emergency
"There’s a collapsing and horrible medical emergency at the bridge, frantically right now!",medium
"A cat hear a loud riot on the construction site, loudly right now!",life-threatening
"A stranger hear a chaotic medical emergency in the park, frantically causing a huge mess!",medium
"A driver found a dangerous roadblock in the factory, rapidly near my house!",immediate
"There’s a lost and strange flood on the park, dangerously in the middle of the night!",alert
"A passenger hear a uncontrolled gas leak in the bridge, quickly and it’s getting worse!",immediate
"There’s a missing and chaotic earthquake at the apartment, suddenly in the middle of the night!",medium
"I see a unexpected crash in the parking lot, frantically causing a huge mess!",medium
"A firefighter found a rapid explosion on the hospital, unexpectedly and it’s getting worse!",medium
"A shopkeeper hear a intense riot on the factory, loudly causing a huge mess!",medium
"There’s a burning and strange gas leak at the shopping mall, loudly with no one helping!",high
"There’s a bleeding and severe shooting at the alley, quickly and it’s getting worse!",immediate
"A woman found a chaotic assault at the subway, dangerously in the middle of the night!",high
"There’s a broken and loud assault at the school, unexpectedly right now!",emergency
"There’s a unconscious and uncontrolled assault on the street, suddenly and it’s getting worse!",high
"There’s a freezing and sudden leak in the school, unexpectedly that’s blocking traffic!",medium
"There’s a missing and sudden explosion at the office building, dangerously and people are panicking!",medium
"My neighbor found a uncontrolled robbery in the store, rapidly with no one helping!",medium
"There’s a suffocating and horrible shooting on the bridge, violently with no one helping!",high
"There’s a freezing and rapid fight on the bridge, loudly in the middle of the night!",high
"A group of people see a severe earthquake in the house, unexpectedly causing a huge mess!",high
"There’s a stuck and unexpected riot at the hospital, rapidly with no one helping!",immediate
"There’s a broken and terrifying vandalism on the construction site, unexpectedly with no one helping!",emergency
"There’s a abandoned and loud flood at the school, rapidly causing a huge mess!",high
"A shopkeeper hear a massive leak in the beach, dangerously in the middle of the night!",low
"There’s a unconscious and terrifying vandalism on the subway, loudly that’s blocking traffic!",critical
"A cat hear a strange gas leak at the park, frantically and people are panicking!",low
"A stranger found a unexpected vandalism on the apartment, loudly with no one helping!",low
"There’s a bleeding and loud power outage on the alley, dangerously in the middle of the night!",low
"A dog hear a rapid fight on the shopping mall, rapidly near my house!",medium
"There’s a burning and chaotic medical emergency at the park, quickly causing a huge mess!",medium
"There’s a malfunctioning and uncontrolled flood on the stadium, violently that’s blocking traffic!",low
"There’s a stuck and loud robbery at the construction site, unexpectedly in the middle of the night!",high
"A passenger see a strange earthquake at the alley, suddenly and people are panicking!",high
"There’s a drowning and massive landslide on the tunnel, quickly and people are panicking!",immediate
"There’s a bleeding and rapid robbery in the park, dangerously causing a huge mess!",immediate
"There’s a broken and uncontrolled power outage in the office building, frantically with no one helping!",medium
"There’s a suffocating and sudden fire at the store, rapidly in the middle of the night!",medium
"A kid hear a chaotic roadblock in the stadium, quickly and it’s getting worse!",medium
"There’s a unconscious and uncontrolled flood on the park, suddenly causing a huge mess!",critical
"There’s a hijacked and chaotic medical emergency at the apartment, dangerously near my house!",immediate
"A dog found a dangerous flood at the tunnel, quickly and people are panicking!",medium
"A dog hear a uncontrolled earthquake in the shopping mall, unexpectedly that’s blocking traffic!",medium
"A group of people see a horrible scream at the house, quickly in the middle of the night!",low
"An old man hear a strange fire at the street, urgently and it’s getting worse!",low
"There’s a bleeding and sudden scream in the construction site, violently near my house!",medium
"A driver hear a massive crash at the house, urgently right now!",high
"A cyclist see a uncontrolled roadblock on the street, frantically causing a huge mess!",medium
"A shopkeeper see a loud gas leak on the park, urgently that’s blocking traffic!",high
"A dog found a chaotic landslide on the store, quickly and people are panicking!",high
"There’s a drowning and dangerous roadblock on the park, rapidly in the middle of the night!",medium
"An old man see a massive flood in the school, dangerously right now!",emergency
"There’s a trapped and unexpected drowning at the beach, frantically near my house!",low
"A stranger hear a dangerous earthquake at the construction site, urgently right now!",low
"I see a rapid power outage in the stadium, urgently causing a huge mess!",high
"A shopkeeper found a intense crash in the house, suddenly with no one helping!",medium
"Someone hear a severe explosion on the house, violently that’s blocking traffic!",high
"A woman see a chaotic gas leak in the apartment, violently with no one helping!",low
"There’s a lost and sudden power outage in the tunnel, violently with no one helping!",low
"A stranger hear a rapid assault in the alley, violently that’s blocking traffic!",alert
"A dog see a loud power outage at the bridge, violently in the middle of the night!",high
"A firefighter hear a horrible roadblock on the park, quickly and people are panicking!",medium
"There’s a trapped and chaotic crash on the subway, urgently causing a huge mess!",medium
"A cyclist hear a sudden robbery in the stadium, rapidly with no one helping!",medium
"There’s a vandalized and loud leak at the school, loudly that’s blocking traffic!",medium
"A student see a dangerous robbery at the store, urgently with no one helping!",immediate
"There’s a bleeding and loud fire at the park, urgently in the middle of the night!",high
"There’s a lost and unexpected roadblock in the office building, suddenly and people are panicking!",severe
"A student hear a loud crash at the construction site, urgently causing a huge mess!",severe
"A student see a rapid scream at the office building, loudly causing a huge mess!",emergency
"A cyclist found a dangerous assault at the construction site, loudly in the middle of the night!",high
"A passenger see a massive robbery on the house, quickly with no one helping!",high
"A cat hear a horrible power outage at the parking lot, quickly and it’s getting worse!",low
"There’s a stuck and dangerous riot in the hospital, violently and it’s getting worse!",medium
"There’s a broken and dangerous fire on the street, suddenly in the middle of the night!",emergency
"An old man found a dangerous fire at the highway, loudly in the middle of the night!",medium
"There’s a suffocating and dangerous scream on the office building, dangerously and it’s getting worse!",low
"There’s a stuck and loud leak on the store, suddenly that’s blocking traffic!",medium
"There’s a malfunctioning and rapid fire at the beach, urgently with no one helping!",critical
"A student hear a severe roadblock on the street, unexpectedly with no one helping!",medium
"A shopkeeper hear a rapid medical emergency on the stadium, dangerously with no one helping!",immediate
"There’s a hijacked and chaotic explosion at the highway, frantically near my house!",low
"A group of people see a unexpected medical emergency on the apartment, urgently and it’s getting worse!",high
"A police officer found a terrifying shooting in the school, quickly right now!",high
"A woman hear a strange gas leak on the hospital, frantically with no one helping!",high
"A firefighter see a unexpected flood on the school, quickly with no one helping!",low
"There’s a freezing and sudden roadblock on the parking lot, unexpectedly and people are panicking!",high
"There’s a missing and horrible riot on the store, quickly causing a huge mess!",high
"A shopkeeper found a strange leak at the school, frantically right now!",low
"A woman found a severe scream on the hospital, quickly in the middle of the night!",medium
"A group of people see a chaotic riot on the shopping mall, unexpectedly causing a huge mess!",life-threatening
"A stranger see a unexpected medical emergency on the bridge, quickly that’s blocking traffic!",high
"A student see a strange leak at the tunnel, rapidly right now!",medium
"I found a massive scream on the subway, frantically causing a huge mess!",immediate
"A cat see a intense medical emergency at the factory, loudly and people are panicking!",high
"I see a strange vandalism in the bridge, unexpectedly near my house!",immediate
"A kid see a strange fight at the hospital, frantically in the middle of the night!",life-threatening
"There’s a vandalized and horrible explosion at the school, frantically in the middle of the night!",low
"There’s a collapsing and horrible medical emergency in the subway, suddenly and people are panicking!",high
"A group of people found a strange fight on the store, dangerously near my house!",low
"There’s a malfunctioning and sudden earthquake in the shopping mall, dangerously causing a huge mess!",high
"There’s a trapped and dangerous riot in the hospital, dangerously in the middle of the night!",medium
"There’s a trapped and sudden power outage at the tunnel, violently in the middle of the night!",high
"A dog found a unexpected crash in the apartment, rapidly and people are panicking!",medium
"There’s a broken and sudden crash at the highway, unexpectedly with no one helping!",high
"There’s a broken and strange fight in the house, unexpectedly and it’s getting worse!",immediate
"I found a horrible fight on the park, violently in the middle of the night!",low
"There’s a malfunctioning and uncontrolled crash in the tunnel, frantically that’s blocking traffic!",low
"There’s a suffocating and strange earthquake in the street, violently right now!",high
"There’s a trapped and massive fight on the alley, loudly and it’s getting worse!",immediate
"A police officer hear a loud assault at the house, violently in the middle of the night!",immediate
"There’s a freezing and severe earthquake on the school, loudly that’s blocking traffic!",high
"There’s a malfunctioning and dangerous vandalism on the park, rapidly near my house!",low
"There’s a hijacked and intense drowning in the factory, violently and people are panicking!",life-threatening
"A dog hear a uncontrolled power outage at the house, rapidly right now!",low
"A group of people hear a intense riot on the stadium, loudly and it’s getting worse!",low
"A driver hear a severe scream at the factory, frantically right now!",high
"There’s a freezing and horrible drowning in the factory, rapidly causing a huge mess!",low
"An old man see a strange gas leak on the bridge, suddenly that’s blocking traffic!",high
"There’s a malfunctioning and strange earthquake in the alley, rapidly near my house!",high
"A shopkeeper see a massive drowning in the alley, loudly and people are panicking!",medium
"Someone found a chaotic scream in the tunnel, violently causing a huge mess!",medium
"A firefighter found a intense gas leak in the subway, unexpectedly causing a huge mess!",low
"A police officer found a unexpected leak in the house, urgently near my house!",low
"A dog see a severe riot on the shopping mall, dangerously right now!",life-threatening
"An old man hear a sudden power outage in the stadium, violently with no one helping!",high
"There’s a unstable and intense roadblock on the school, urgently and it’s getting worse!",life-threatening
"There’s a burning and dangerous roadblock at the factory, quickly that’s blocking traffic!",low
"There’s a malfunctioning and terrifying fire on the highway, dangerously in the middle of the night!",low
"There’s a burning and horrible power outage at the hospital, frantically and people are panicking!",immediate
"There’s a unstable and horrible scream on the apartment, loudly causing a huge mess!",life-threatening
"I hear a unexpected assault at the park, unexpectedly near my house!",immediate
"There’s a vandalized and strange landslide on the shopping mall, dangerously that’s blocking traffic!",medium
"A stranger found a massive riot on the alley, unexpectedly near my house!",high
"A cyclist see a uncontrolled medical emergency on the alley, loudly and it’s getting worse!",emergency
"My neighbor found a uncontrolled crash on the parking lot, dangerously right now!",high
"There’s a trapped and terrifying roadblock at the stadium, violently with no one helping!",medium
"A firefighter hear a sudden riot in the tunnel, dangerously with no one helping!",emergency
"I see a uncontrolled fire in the street, frantically right now!",life-threatening
"There’s a bleeding and intense fire in the beach, loudly causing a huge mess!",high
"There’s a suffocating and dangerous roadblock at the parking lot, quickly near my house!",high
"A child found a rapid explosion at the parking lot, urgently that’s blocking traffic!",emergency
"A woman see a intense robbery at the hospital, loudly in the middle of the night!",medium
"There’s a unconscious and uncontrolled shooting at the park, loudly causing a huge mess!",medium
"A child found a terrifying fire at the subway, unexpectedly in the middle of the night!",low
"There’s a hijacked and strange robbery on the store, rapidly right now!",high
"An old man see a intense crash on the alley, violently with no one helping!",medium
"A woman see a rapid medical emergency in the parking lot, suddenly causing a huge mess!",medium
"There’s a unstable and unexpected leak at the beach, rapidly right now!",low
"A woman see a dangerous power outage at the park, urgently and it’s getting worse!",medium
"A firefighter see a dangerous flood at the stadium, quickly right now!",medium
"There’s a drowning and unexpected crash on the house, violently right now!",emergency
"A group of people see a uncontrolled roadblock at the park, rapidly and people are panicking!",medium
"My neighbor see a rapid gas leak at the park, urgently with no one helping!",low
"A group of people found a strange shooting at the street, suddenly and people are panicking!",medium
"There’s a malfunctioning and intense explosion in the street, loudly in the middle of the night!",medium
"A woman found a strange medical emergency on the alley, quickly that’s blocking traffic!",medium
"There’s a hijacked and sudden landslide at the tunnel, urgently near my house!",life-threatening
"I see a severe drowning at the stadium, rapidly with no one helping!",medium
"A student hear a severe scream at the construction site, unexpectedly causing a huge mess!",high
"A kid found a intense drowning in the school, loudly with no one helping!",medium
"There’s a drowning and unexpected landslide in the store, violently in the middle of the night!",low
"There’s a suffocating and dangerous medical emergency at the alley, dangerously that’s blocking traffic!",emergency
"A firefighter see a dangerous leak on the subway, violently right now!",high
"There’s a unconscious and unexpected roadblock at the alley, urgently right now!",high
"A child found a terrifying assault in the shopping mall, rapidly in the middle of the night!",high
"There’s a collapsing and rapid earthquake on the park, dangerously and people are panicking!",alert
"There’s a trapped and sudden robbery on the factory, rapidly causing a huge mess!",low
"There’s a broken and unexpected landslide in the school, urgently in the middle of the night!",emergency
"There’s a unconscious and rapid shooting on the factory, suddenly in the middle of the night!",medium
"A shopkeeper hear a sudden scream at the shopping mall, violently with no one helping!",medium
"An old man found a intense power outage at the factory, urgently with no one helping!",immediate
"There’s a unstable and horrible assault in the shopping mall, urgently near my house!",low
"A student hear a horrible drowning in the subway, rapidly near my house!",critical
"A cat see a loud flood in the alley, urgently right now!",high
"Someone found a sudden fight at the subway, dangerously that’s blocking traffic!",high
"A driver see a sudden medical emergency in the bridge, urgently near my house!",high
"There’s a unconscious and sudden robbery on the highway, quickly that’s blocking traffic!",critical
"A stranger found a dangerous vandalism on the street, urgently and people are panicking!",low
"There’s a vandalized and horrible shooting in the park, suddenly with no one helping!",high
"There’s a trapped and loud medical emergency in the street, violently right now!",medium
"A stranger found a strange shooting at the shopping mall, unexpectedly with no one helping!",low
"There’s a burning and massive roadblock on the tunnel, dangerously with no one helping!",high
"There’s a burning and terrifying roadblock at the office building, quickly that’s blocking traffic!",life-threatening
"There’s a stuck and chaotic scream at the construction site, suddenly causing a huge mess!",immediate
"I see a loud shooting in the stadium, dangerously and people are panicking!",severe
"There’s a lost and unexpected robbery on the highway, loudly in the middle of the night!",immediate
"A student see a uncontrolled vandalism at the beach, suddenly and people are panicking!",high
"A woman found a uncontrolled leak on the beach, quickly and people are panicking!",medium
"There’s a malfunctioning and strange fire in the shopping mall, quickly that’s blocking traffic!",medium
"A child found a dangerous earthquake at the construction site, urgently and it’s getting worse!",high
"There’s a bleeding and rapid medical emergency on the bridge, unexpectedly that’s blocking traffic!",immediate
"A cyclist hear a unexpected explosion on the factory, unexpectedly with no one helping!",high
"Someone hear a severe roadblock at the house, violently near my house!",severe
"There’s a burning and loud roadblock in the subway, frantically right now!",emergency
"An old man found a unexpected fight in the bridge, dangerously causing a huge mess!",low
"There’s a bleeding and loud gas leak at the street, unexpectedly causing a huge mess!",critical
"There’s a unconscious and dangerous vandalism on the park, violently with no one helping!",low
"An old man found a loud riot on the subway, dangerously in the middle of the night!",low
"There’s a hijacked and chaotic fire in the bridge, dangerously right now!",low
"There’s a drowning and massive explosion in the park, unexpectedly and it’s getting worse!",medium
"There’s a hurt and sudden leak on the parking lot, loudly with no one helping!",high
"There’s a hurt and uncontrolled shooting at the stadium, frantically that’s blocking traffic!",high
"There’s a stuck and loud earthquake on the parking lot, unexpectedly and people are panicking!",life-threatening
"There’s a unstable and chaotic vandalism on the factory, violently that’s blocking traffic!",medium
"There’s a trapped and massive explosion in the factory, quickly near my house!",immediate
"There’s a trapped and sudden scream on the shopping mall, violently near my house!",life-threatening
"A shopkeeper found a rapid scream on the bridge, quickly right now!",medium
"A group of people see a sudden shooting on the factory, rapidly causing a huge mess!",medium
"A stranger found a loud fight at the bridge, violently right now!",medium
"A woman see a severe medical emergency in the tunnel, dangerously and it’s getting worse!",emergency
"There’s a lost and strange flood on the house, violently near my house!",immediate
"There’s a burning and dangerous riot at the stadium, dangerously and it’s getting worse!",critical
"There’s a hijacked and massive scream at the tunnel, suddenly with no one helping!",low
"There’s a broken and unexpected earthquake in the hospital, frantically right now!",medium
"There’s a vandalized and terrifying crash at the street, loudly and people are panicking!",emergency
"A police officer hear a severe vandalism on the beach, frantically and it’s getting worse!",low
"There’s a vandalized and chaotic flood at the hospital, frantically that’s blocking traffic!",critical
"There’s a trapped and severe landslide on the parking lot, unexpectedly causing a huge mess!",medium
"There’s a vandalized and intense fire in the school, loudly causing a huge mess!",high
"There’s a stuck and dangerous crash at the apartment, unexpectedly near my house!",medium
"There’s a burning and sudden medical emergency in the park, violently right now!",critical
"There’s a lost and intense landslide on the subway, suddenly right now!",critical
"There’s a freezing and terrifying fight in the factory, rapidly in the middle of the night!",medium
"A passenger hear a sudden scream at the street, dangerously near my house!",medium
"There’s a lost and unexpected crash at the park, violently that’s blocking traffic!",low
"A shopkeeper found a unexpected vandalism on the construction site, frantically right now!",high
"A woman found a sudden assault at the shopping mall, rapidly that’s blocking traffic!",critical
"A passenger see a terrifying power outage on the house, rapidly and people are panicking!",medium
"A stranger see a severe fire on the factory, violently with no one helping!",critical
"A student see a chaotic crash in the bridge, quickly and people are panicking!",high
"There’s a hurt and chaotic fight on the apartment, loudly that’s blocking traffic!",medium
"My neighbor see a strange fight at the factory, frantically and it’s getting worse!",immediate
"There’s a bleeding and rapid shooting on the apartment, suddenly near my house!",immediate
"There’s a unstable and intense vandalism on the hospital, quickly near my house!",medium
"A shopkeeper hear a sudden roadblock at the highway, suddenly with no one helping!",critical
"There’s a trapped and massive fight at the factory, frantically right now!",medium
"A dog see a severe drowning at the school, violently and people are panicking!",medium
"A firefighter hear a strange gas leak in the shopping mall, frantically that’s blocking traffic!",emergency
"A passenger found a horrible fight in the factory, suddenly in the middle of the night!",immediate
"A passenger hear a loud crash at the house, urgently near my house!",emergency
"There’s a hurt and chaotic crash in the house, dangerously in the middle of the night!",severe
"A student found a massive medical emergency in the alley, suddenly near my house!",medium
"A student see a chaotic robbery at the house, loudly causing a huge mess!",medium
"I found a rapid robbery at the store, violently causing a huge mess!",critical
"There’s a malfunctioning and loud leak at the office building, rapidly in the middle of the night!",high
"There’s a hijacked and sudden vandalism on the alley, violently and people are panicking!",high
"There’s a vandalized and chaotic medical emergency in the bridge, suddenly that’s blocking traffic!",immediate
"A kid hear a terrifying earthquake on the bridge, quickly causing a huge mess!",low
"A cat hear a strange scream in the bridge, quickly right now!",medium
"My neighbor hear a dangerous leak at the office building, frantically that’s blocking traffic!",severe
"There’s a trapped and loud fire on the beach, loudly with no one helping!",life-threatening
"A woman hear a sudden explosion at the street, dangerously that’s blocking traffic!",high
"There’s a drowning and severe robbery on the construction site, rapidly right now!",low
"A firefighter found a massive vandalism in the tunnel, quickly and people are panicking!",low
"There’s a freezing and loud power outage in the alley, quickly and it’s getting worse!",high
"There’s a missing and dangerous leak on the hospital, urgently and it’s getting worse!",immediate
"There’s a freezing and terrifying medical emergency on the shopping mall, frantically that’s blocking traffic!",medium
"A dog see a severe leak on the street, quickly causing a huge mess!",critical
"There’s a freezing and loud shooting on the bridge, dangerously with no one helping!",low
"A woman found a loud landslide on the bridge, rapidly with no one helping!",high
"There’s a missing and chaotic vandalism on the highway, unexpectedly with no one helping!",high
"There’s a lost and sudden crash on the school, frantically and people are panicking!",medium
"A cat found a intense landslide in the hospital, violently and people are panicking!",immediate
"A police officer found a sudden fight on the tunnel, violently that’s blocking traffic!",low
"A firefighter hear a unexpected assault on the street, violently right now!",high
"There’s a suffocating and loud flood in the office building, quickly right now!",low
"There’s a stuck and severe crash at the park, quickly right now!",high
"A firefighter hear a intense fight in the tunnel, dangerously and people are panicking!",medium
"A dog found a loud assault in the tunnel, loudly that’s blocking traffic!",emergency
"There’s a hurt and uncontrolled crash in the alley, rapidly with no one helping!",medium
"A driver hear a dangerous assault at the office building, loudly right now!",critical
"A firefighter see a chaotic gas leak in the hospital, suddenly and people are panicking!",immediate
"A police officer found a sudden scream at the house, frantically and people are panicking!",emergency
"There’s a unconscious and chaotic flood in the tunnel, violently near my house!",immediate
"A passenger see a severe leak on the apartment, suddenly in the middle of the night!",severe
"A firefighter hear a chaotic landslide on the factory, dangerously with no one helping!",high
"An old man hear a horrible riot in the office building, unexpectedly and people are panicking!",high
"There’s a trapped and loud earthquake in the highway, rapidly with no one helping!",alert
"There’s a unconscious and terrifying flood at the bridge, unexpectedly and people are panicking!",life-threatening
"A cat found a rapid assault on the office building, unexpectedly and people are panicking!",critical
"There’s a burning and terrifying roadblock on the apartment, urgently with no one helping!",low
"There’s a stuck and dangerous medical emergency at the alley, loudly that’s blocking traffic!",medium
"There’s a collapsing and severe flood on the park, unexpectedly causing a huge mess!",medium
"There’s a hurt and intense riot on the stadium, unexpectedly in the middle of the night!",medium
"I hear a chaotic landslide in the office building, rapidly near my house!",low
"My neighbor see a dangerous crash in the parking lot, suddenly that’s blocking traffic!",emergency
"A firefighter see a intense shooting at the store, violently near my house!",low
"Someone found a horrible roadblock at the alley, dangerously and people are panicking!",high
"A passenger found a strange earthquake at the tunnel, unexpectedly right now!",medium
"A cyclist see a rapid fight at the factory, unexpectedly with no one helping!",immediate
"There’s a vandalized and severe fire on the apartment, loudly in the middle of the night!",medium
"Someone see a strange landslide at the office building, unexpectedly near my house!",high
"A dog see a loud assault in the tunnel, suddenly with no one helping!",medium
"A driver see a dangerous crash in the factory, violently and it’s getting worse!",high
"There’s a hurt and massive riot in the bridge, dangerously and it’s getting worse!",medium
"There’s a malfunctioning and rapid fight on the apartment, frantically and it’s getting worse!",critical
"There’s a broken and strange roadblock at the subway, urgently causing a huge mess!",medium
"An old man found a intense power outage on the hospital, loudly and it’s getting worse!",life-threatening
"There’s a burning and terrifying explosion in the tunnel, frantically with no one helping!",high
"A kid found a rapid medical emergency at the store, quickly with no one helping!",medium
"A driver see a loud earthquake on the house, unexpectedly near my house!",severe
"There’s a hurt and intense vandalism in the construction site, suddenly with no one helping!",high
"There’s a drowning and terrifying explosion in the street, loudly causing a huge mess!",immediate
"There’s a unstable and massive crash on the tunnel, quickly that’s blocking traffic!",low
"There’s a hurt and strange scream on the park, rapidly and it’s getting worse!",low
"A stranger hear a massive landslide on the beach, quickly with no one helping!",low
"A woman hear a dangerous earthquake at the beach, quickly near my house!",immediate
"I see a intense shooting on the apartment, rapidly with no one helping!",low
"There’s a stuck and strange medical emergency on the apartment, suddenly near my house!",critical
"There’s a drowning and sudden medical emergency in the house, unexpectedly in the middle of the night!",low
"There’s a vandalized and massive drowning in the store, frantically causing a huge mess!",high
"I see a horrible scream on the construction site, rapidly and people are panicking!",emergency
"There’s a drowning and massive explosion at the tunnel, frantically and people are panicking!",low
"There’s a stuck and strange robbery in the house, unexpectedly with no one helping!",medium
"A child hear a dangerous power outage in the apartment, suddenly near my house!",high
"There’s a bleeding and uncontrolled explosion at the tunnel, violently causing a huge mess!",life-threatening
"A shopkeeper found a horrible roadblock on the alley, suddenly with no one helping!",high
"There’s a collapsing and intense scream at the factory, quickly right now!",high
"There’s a vandalized and sudden earthquake in the highway, frantically right now!",high
"A driver see a unexpected earthquake on the construction site, quickly near my house!",low
"There’s a hijacked and severe medical emergency in the house, frantically right now!",low
"There’s a abandoned and unexpected shooting on the stadium, suddenly in the middle of the night!",low
"A stranger see a horrible landslide in the store, quickly in the middle of the night!",low
"There’s a trapped and sudden riot in the hospital, unexpectedly with no one helping!",high
"A cat found a unexpected leak on the park, urgently and people are panicking!",medium
"There’s a stuck and terrifying power outage in the subway, loudly that’s blocking traffic!",high
"There’s a vandalized and massive vandalism on the subway, violently near my house!",high
"A kid see a loud medical emergency in the stadium, dangerously that’s blocking traffic!",high
"There’s a suffocating and massive crash in the house, violently and people are panicking!",medium
"A dog found a chaotic assault in the office building, violently right now!",medium
"There’s a unstable and chaotic scream at the park, dangerously right now!",life-threatening
"There’s a stuck and sudden fire at the bridge, frantically in the middle of the night!",medium
"There’s a missing and dangerous earthquake on the beach, loudly and people are panicking!",severe
"A passenger see a strange earthquake in the office building, unexpectedly with no one helping!",low
"Someone found a uncontrolled gas leak on the subway, suddenly and people are panicking!",high
"There’s a hurt and dangerous landslide on the store, urgently right now!",immediate
"There’s a hijacked and intense assault in the stadium, loudly causing a huge mess!",low
"There’s a suffocating and strange fire in the park, frantically that’s blocking traffic!",medium
"There’s a freezing and dangerous crash in the beach, quickly causing a huge mess!",severe
"There’s a collapsing and chaotic leak in the hospital, quickly and people are panicking!",critical
"An old man see a terrifying robbery in the factory, suddenly and people are panicking!",low
"My neighbor hear a loud earthquake in the alley, dangerously and people are panicking!",low
"A driver see a rapid assault at the tunnel, loudly near my house!",medium
"There’s a missing and uncontrolled riot on the house, unexpectedly and people are panicking!",medium
"There’s a missing and terrifying roadblock in the park, unexpectedly near my house!",medium
"A woman hear a loud medical emergency at the office building, frantically near my house!",low
"A cyclist hear a strange scream on the park, unexpectedly and people are panicking!",immediate
"There’s a vandalized and terrifying gas leak in the stadium, rapidly and people are panicking!",immediate
"My neighbor hear a unexpected explosion on the apartment, urgently and people are panicking!",medium
"There’s a collapsing and horrible landslide at the hospital, rapidly and it’s getting worse!",immediate
"A student found a loud earthquake in the beach, rapidly with no one helping!",high
"A passenger see a massive medical emergency on the bridge, loudly with no one helping!",high
"There’s a vandalized and chaotic fire on the store, loudly causing a huge mess!",low
"There’s a malfunctioning and intense assault in the parking lot, violently with no one helping!",critical
"There’s a vandalized and uncontrolled gas leak at the highway, suddenly near my house!",immediate
"A firefighter see a severe crash in the park, dangerously causing a huge mess!",low
"A group of people see a loud landslide on the hospital, dangerously and it’s getting worse!",immediate
"A driver hear a loud explosion in the construction site, violently and people are panicking!",low
"A firefighter see a sudden earthquake on the park, suddenly causing a huge mess!",medium
"There’s a collapsing and unexpected robbery in the apartment, urgently causing a huge mess!",medium
"Someone see a horrible fire on the street, dangerously in the middle of the night!",emergency
"There’s a suffocating and sudden riot on the house, suddenly in the middle of the night!",medium
"There’s a hijacked and chaotic gas leak in the construction site, urgently in the middle of the night!",medium
"There’s a burning and terrifying fire in the school, urgently and it’s getting worse!",medium
"There’s a burning and severe fight at the street, unexpectedly and it’s getting worse!",medium
"There’s a hijacked and strange vandalism on the stadium, violently with no one helping!",low
"A student hear a dangerous medical emergency on the stadium, dangerously with no one helping!",high
"A dog see a horrible roadblock at the stadium, urgently near my house!",medium
"A police officer found a intense shooting in the construction site, violently in the middle of the night!",medium
"A dog found a chaotic leak at the alley, dangerously causing a huge mess!",medium
"A police officer hear a intense leak on the subway, violently and people are panicking!",emergency
"There’s a unconscious and loud gas leak on the office building, violently with no one helping!",low
"There’s a vandalized and massive drowning on the shopping mall, urgently and people are panicking!",medium
"There’s a malfunctioning and intense power outage in the office building, unexpectedly that’s blocking traffic!",high
"A student found a uncontrolled drowning at the parking lot, loudly with no one helping!",critical
"I found a unexpected scream on the office building, rapidly right now!",high
"A firefighter hear a chaotic roadblock at the office building, quickly with no one helping!",medium
"A driver see a severe roadblock in the shopping mall, dangerously causing a huge mess!",severe
"There’s a suffocating and chaotic scream at the office building, urgently with no one helping!",low
"There’s a suffocating and terrifying earthquake at the factory, unexpectedly in the middle of the night!",medium
"There’s a bleeding and strange earthquake on the park, quickly right now!",emergency
"A stranger hear a dangerous gas leak at the park, frantically in the middle of the night!",medium
"I see a sudden medical emergency at the shopping mall, violently and people are panicking!",high
"A stranger see a massive roadblock on the alley, suddenly near my house!",low
"A cat hear a uncontrolled roadblock in the parking lot, loudly in the middle of the night!",high
"There’s a suffocating and uncontrolled fire on the shopping mall, violently and people are panicking!",severe
"A passenger hear a intense assault at the office building, violently and people are panicking!",medium
"There’s a collapsing and strange medical emergency at the beach, frantically right now!",medium
"There’s a hijacked and severe medical emergency at the factory, rapidly with no one helping!",medium
"A cyclist hear a intense fire at the subway, urgently and it’s getting worse!",low
"A shopkeeper see a terrifying assault on the subway, dangerously right now!",high
"A student see a horrible flood on the shopping mall, rapidly and people are panicking!",low
"My neighbor see a severe landslide in the stadium, frantically in the middle of the night!",low
"There’s a lost and sudden riot at the store, frantically right now!",high
"There’s a freezing and intense leak at the highway, suddenly near my house!",high
"There’s a unstable and terrifying gas leak in the alley, suddenly in the middle of the night!",medium
"A cat found a horrible fire in the street, unexpectedly and it’s getting worse!",high
"There’s a hijacked and unexpected flood on the subway, suddenly near my house!",medium
"There’s a drowning and strange fight at the shopping mall, rapidly that’s blocking traffic!",emergency
"There’s a lost and severe assault in the bridge, suddenly with no one helping!",alert
"A firefighter see a uncontrolled crash on the apartment, violently and people are panicking!",medium
"There’s a missing and uncontrolled vandalism in the stadium, unexpectedly that’s blocking traffic!",medium
"There’s a unstable and dangerous earthquake at the school, frantically with no one helping!",low
"There’s a hijacked and horrible gas leak at the factory, unexpectedly that’s blocking traffic!",high
"A firefighter see a chaotic drowning on the office building, violently causing a huge mess!",medium
"A student hear a intense flood on the beach, suddenly that’s blocking traffic!",high
"A shopkeeper hear a sudden fire at the house, unexpectedly with no one helping!",medium
"There’s a broken and intense riot in the house, dangerously with no one helping!",high
"There’s a missing and uncontrolled fight on the office building, rapidly right now!",high
"I see a rapid explosion at the highway, rapidly right now!",high
"A stranger hear a horrible assault in the highway, urgently that’s blocking traffic!",medium
"There’s a hurt and massive medical emergency at the alley, quickly in the middle of the night!",critical
"There’s a suffocating and rapid fire on the tunnel, loudly with no one helping!",low
"A woman see a massive explosion on the parking lot, rapidly causing a huge mess!",low
"There’s a unstable and strange drowning at the bridge, quickly right now!",medium
"A police officer found a severe leak at the construction site, quickly and people are panicking!",low
"There’s a unstable and intense landslide in the parking lot, quickly in the middle of the night!",low
"There’s a hurt and unexpected robbery in the subway, quickly and it’s getting worse!",medium
"A driver see a unexpected scream in the beach, dangerously and people are panicking!",medium
"There’s a missing and severe explosion at the bridge, loudly right now!",high
"There’s a abandoned and dangerous riot at the shopping mall, urgently and people are panicking!",medium
"There’s a vandalized and severe shooting at the tunnel, dangerously near my house!",medium
"A firefighter see a horrible shooting at the tunnel, unexpectedly and people are panicking!",critical
"A student hear a sudden drowning at the park, unexpectedly in the middle of the night!",medium
"There’s a collapsing and strange leak in the street, loudly and it’s getting worse!",life-threatening
"There’s a burning and uncontrolled roadblock on the stadium, dangerously and people are panicking!",medium
"A driver found a terrifying vandalism on the shopping mall, loudly with no one helping!",high
"My neighbor found a sudden riot on the hospital, violently in the middle of the night!",medium
"A firefighter hear a loud earthquake in the alley, urgently with no one helping!",medium
"There’s a vandalized and chaotic fire in the hospital, dangerously with no one helping!",low
"There’s a hijacked and chaotic scream on the stadium, frantically causing a huge mess!",severe
"There’s a missing and terrifying drowning at the construction site, loudly near my house!",emergency
"A cyclist found a massive gas leak on the construction site, rapidly and people are panicking!",low
"There’s a drowning and horrible landslide on the tunnel, rapidly that’s blocking traffic!",alert
"A kid see a sudden riot in the tunnel, unexpectedly in the middle of the night!",low
"There’s a suffocating and terrifying crash at the beach, quickly that’s blocking traffic!",medium
"I found a unexpected flood on the construction site, rapidly that’s blocking traffic!",medium
"There’s a abandoned and severe leak at the tunnel, violently near my house!",low
"A woman hear a loud crash at the house, unexpectedly and people are panicking!",low
"A student found a chaotic drowning at the alley, frantically right now!",low
"There’s a abandoned and rapid fire at the shopping mall, violently and it’s getting worse!",medium
"A passenger found a strange flood on the highway, violently near my house!",alert
"There’s a freezing and massive leak on the construction site, urgently causing a huge mess!",critical
"There’s a hurt and sudden fire in the parking lot, suddenly in the middle of the night!",alert
"A student see a unexpected flood in the shopping mall, suddenly and it’s getting worse!",emergency
"A driver see a strange roadblock at the alley, loudly causing a huge mess!",medium
"A dog found a massive fire at the school, quickly with no one helping!",life-threatening
"There’s a burning and horrible vandalism at the stadium, dangerously and it’s getting worse!",severe
"A driver hear a rapid scream at the office building, urgently that’s blocking traffic!",medium
"A cat found a intense explosion at the parking lot, suddenly and it’s getting worse!",low
"There’s a missing and unexpected explosion at the beach, suddenly and it’s getting worse!",high
"There’s a suffocating and massive robbery in the street, loudly and people are panicking!",medium
"There’s a bleeding and chaotic landslide on the bridge, frantically that’s blocking traffic!",high
"A shopkeeper found a chaotic robbery in the stadium, dangerously and people are panicking!",medium
"A cyclist see a terrifying fire on the apartment, violently right now!",medium
"A shopkeeper found a horrible fire on the park, urgently right now!",low
"A driver see a loud crash in the tunnel, dangerously causing a huge mess!",low
"There’s a lost and unexpected flood on the factory, suddenly causing a huge mess!",low
"There’s a bleeding and sudden flood in the park, rapidly that’s blocking traffic!",low
"A cat see a rapid assault at the street, unexpectedly right now!",medium
"There’s a abandoned and massive riot in the stadium, urgently right now!",immediate
"I hear a uncontrolled robbery in the construction site, loudly near my house!",low
"There’s a suffocating and horrible gas leak in the hospital, loudly near my house!",high
"There’s a trapped and rapid medical emergency at the street, dangerously that’s blocking traffic!",high
"There’s a abandoned and horrible shooting on the house, frantically that’s blocking traffic!",immediate
"There’s a vandalized and massive earthquake on the store, dangerously in the middle of the night!",high
"There’s a hijacked and rapid assault at the tunnel, loudly near my house!",emergency
"I see a loud earthquake at the parking lot, loudly and people are panicking!",alert
"There’s a lost and unexpected fire on the hospital, quickly in the middle of the night!",immediate
"My neighbor see a severe crash in the tunnel, frantically that’s blocking traffic!",severe
"There’s a unconscious and horrible leak at the apartment, loudly near my house!",low
"A student see a terrifying fire in the subway, urgently right now!",medium
"There’s a collapsing and sudden landslide at the bridge, loudly and people are panicking!",severe
"There’s a malfunctioning and chaotic crash in the factory, violently near my house!",high
"There’s a vandalized and sudden medical emergency in the tunnel, loudly and people are panicking!",high
"Someone found a uncontrolled shooting on the office building, unexpectedly near my house!",low
"There’s a freezing and chaotic crash in the apartment, dangerously and people are panicking!",high
"Someone hear a loud gas leak on the shopping mall, suddenly with no one helping!",high
"A firefighter see a horrible drowning in the park, rapidly and it’s getting worse!",medium
"A cyclist found a uncontrolled vandalism on the parking lot, dangerously right now!",immediate
"A woman found a massive leak in the factory, suddenly near my house!",medium
"A passenger hear a severe roadblock on the office building, rapidly with no one helping!",severe
"There’s a malfunctioning and rapid crash at the beach, rapidly and it’s getting worse!",severe
"Someone see a dangerous fire at the park, urgently causing a huge mess!",medium
"A police officer hear a sudden drowning on the street, loudly that’s blocking traffic!",medium
"There’s a unconscious and terrifying scream in the street, quickly in the middle of the night!",critical
"A firefighter hear a chaotic medical emergency at the park, frantically that’s blocking traffic!",high
"There’s a malfunctioning and dangerous riot in the subway, unexpectedly in the middle of the night!",high
"A woman found a dangerous vandalism in the beach, rapidly that’s blocking traffic!",medium
"A group of people hear a strange shooting at the factory, unexpectedly that’s blocking traffic!",high
"There’s a lost and chaotic fire in the park, urgently in the middle of the night!",medium
"There’s a vandalized and intense scream on the factory, urgently and people are panicking!",low
"I hear a horrible crash on the construction site, dangerously causing a huge mess!",immediate
"There’s a malfunctioning and rapid gas leak on the highway, loudly with no one helping!",life-threatening
"Someone found a massive gas leak on the construction site, quickly in the middle of the night!",high
"My neighbor see a terrifying fire in the store, unexpectedly causing a huge mess!",medium
"A kid see a loud drowning in the factory, unexpectedly that’s blocking traffic!",critical
"Someone hear a uncontrolled fire at the bridge, dangerously in the middle of the night!",high
"There’s a broken and unexpected crash at the stadium, rapidly with no one helping!",high
"There’s a hijacked and dangerous earthquake in the bridge, violently and it’s getting worse!",immediate
"There’s a stuck and intense explosion at the highway, unexpectedly in the middle of the night!",low
"There’s a collapsing and chaotic crash on the highway, violently with no one helping!",medium
"A firefighter found a dangerous fire at the stadium, dangerously causing a huge mess!",medium
"A stranger found a loud explosion at the beach, frantically right now!",low
"There’s a unconscious and chaotic robbery at the tunnel, rapidly and it’s getting worse!",emergency
"There’s a unstable and strange assault on the factory, violently and people are panicking!",critical
"A cat found a massive landslide at the tunnel, suddenly that’s blocking traffic!",high
"There’s a drowning and sudden scream in the highway, suddenly that’s blocking traffic!",high
"A woman see a chaotic fire at the bridge, frantically that’s blocking traffic!",low
"Someone see a intense medical emergency at the tunnel, suddenly in the middle of the night!",high
"There’s a hurt and intense drowning at the street, rapidly and it’s getting worse!",critical
"Someone see a uncontrolled fight at the alley, violently and it’s getting worse!",immediate
"There’s a hurt and uncontrolled fight at the office building, quickly near my house!",medium
"There’s a broken and terrifying riot in the shopping mall, suddenly that’s blocking traffic!",immediate
"A cat found a terrifying riot at the stadium, violently and people are panicking!",low
"There’s a malfunctioning and severe roadblock on the shopping mall, rapidly causing a huge mess!",immediate
"Someone found a severe landslide at the hospital, quickly in the middle of the night!",medium
"There’s a collapsing and dangerous earthquake on the office building, quickly causing a huge mess!",medium
"A student see a dangerous roadblock in the beach, quickly near my house!",high
"There’s a burning and unexpected crash at the subway, quickly causing a huge mess!",medium
"A cyclist see a chaotic fight in the parking lot, quickly and it’s getting worse!",low
"There’s a vandalized and rapid vandalism on the stadium, urgently and it’s getting worse!",alert
"There’s a bleeding and intense fire at the store, unexpectedly in the middle of the night!",medium
"A child see a dangerous fire on the subway, unexpectedly and people are panicking!",high
"My neighbor found a strange flood in the tunnel, rapidly near my house!",immediate
"A police officer hear a strange power outage in the construction site, loudly causing a huge mess!",emergency
"There’s a unstable and intense medical emergency on the highway, suddenly and people are panicking!",low
"There’s a hijacked and intense robbery on the hospital, loudly right now!",critical
"There’s a collapsing and strange roadblock on the stadium, rapidly in the middle of the night!",medium
"A group of people found a chaotic shooting at the house, unexpectedly in the middle of the night!",alert
"There’s a unstable and dangerous flood on the shopping mall, quickly near my house!",severe
"A shopkeeper found a dangerous power outage on the subway, urgently in the middle of the night!",immediate
"A student see a unexpected vandalism at the street, urgently in the middle of the night!",alert
"A kid see a loud earthquake at the alley, urgently with no one helping!",high
"There’s a unstable and rapid fight on the highway, quickly in the middle of the night!",critical
"There’s a drowning and loud power outage in the stadium, rapidly that’s blocking traffic!",medium
"An old man see a terrifying fight in the shopping mall, rapidly and it’s getting worse!",medium
"There’s a vandalized and unexpected crash at the school, quickly and people are panicking!",high
"There’s a trapped and unexpected power outage on the stadium, rapidly that’s blocking traffic!",high
"There’s a lost and chaotic gas leak at the factory, urgently and it’s getting worse!",critical
"A cyclist see a loud assault on the factory, quickly with no one helping!",high
"There’s a trapped and loud scream in the beach, urgently near my house!",low
"A stranger see a uncontrolled shooting at the highway, rapidly with no one helping!",critical
"There’s a trapped and chaotic riot on the street, unexpectedly in the middle of the night!",emergency
"There’s a collapsing and sudden fight at the stadium, violently near my house!",low
"There’s a burning and strange medical emergency at the alley, unexpectedly and it’s getting worse!",low
"There’s a hurt and severe leak in the store, violently in the middle of the night!",low
"A driver hear a dangerous landslide at the house, rapidly near my house!",high
"There’s a broken and dangerous landslide in the bridge, dangerously and it’s getting worse!",high
"There’s a abandoned and sudden power outage in the street, rapidly and it’s getting worse!",medium
"There’s a drowning and terrifying riot in the hospital, unexpectedly that’s blocking traffic!",low
"A dog see a loud medical emergency in the bridge, suddenly and people are panicking!",emergency
"A group of people found a dangerous riot in the highway, quickly and it’s getting worse!",high
"A kid hear a severe medical emergency at the school, rapidly and people are panicking!",medium
"A passenger see a chaotic fight on the stadium, frantically near my house!",emergency
"There’s a drowning and chaotic robbery on the factory, dangerously and people are panicking!",medium
"My neighbor found a dangerous roadblock on the office building, frantically causing a huge mess!",low
"A driver see a intense robbery at the subway, rapidly and people are panicking!",high
"Someone see a horrible robbery in the office building, quickly right now!",severe
"An old man hear a chaotic fight on the beach, suddenly that’s blocking traffic!",immediate
"There’s a freezing and horrible fight at the office building, quickly that’s blocking traffic!",low
"There’s a lost and massive leak on the alley, dangerously in the middle of the night!",immediate
"There’s a trapped and massive landslide on the tunnel, violently near my house!",alert
"Someone found a horrible earthquake on the store, frantically and it’s getting worse!",critical
"A shopkeeper see a loud crash in the park, quickly with no one helping!",low
"There’s a unstable and horrible power outage at the highway, suddenly in the middle of the night!",critical
"A cat see a intense medical emergency on the beach, suddenly in the middle of the night!",medium
"Someone hear a loud flood on the street, frantically in the middle of the night!",medium
"There’s a stuck and massive riot in the park, urgently and people are panicking!",medium
"An old man see a intense drowning on the street, suddenly and it’s getting worse!",medium
"There’s a lost and sudden explosion at the beach, violently causing a huge mess!",alert
"A dog hear a loud robbery at the beach, urgently with no one helping!",severe
"A kid hear a rapid robbery on the beach, urgently near my house!",medium
"There’s a unstable and massive gas leak at the park, urgently near my house!",high
"There’s a broken and horrible scream in the construction site, frantically with no one helping!",high
"There’s a unconscious and terrifying vandalism in the stadium, unexpectedly with no one helping!",severe
"A passenger found a loud riot at the factory, suddenly and people are panicking!",medium
"A child found a sudden landslide in the stadium, loudly near my house!",severe
"A police officer see a rapid fight at the street, rapidly right now!",medium
"There’s a hurt and strange earthquake at the store, loudly and people are panicking!",high
"A driver hear a massive flood at the apartment, dangerously near my house!",medium
"A group of people found a terrifying landslide at the store, frantically causing a huge mess!",medium
"An old man found a severe earthquake at the beach, urgently right now!",low
"A cyclist see a strange explosion in the highway, frantically near my house!",immediate
"A child see a massive leak on the beach, frantically and people are panicking!",critical
"There’s a hijacked and severe vandalism on the tunnel, dangerously in the middle of the night!",low
"There’s a hijacked and rapid leak on the school, urgently with no one helping!",low
"There’s a unstable and massive fight at the apartment, quickly right now!",low
"A woman see a chaotic roadblock on the school, dangerously causing a huge mess!",medium
"A dog found a dangerous vandalism on the parking lot, suddenly and people are panicking!",low
"There’s a stuck and terrifying flood on the highway, unexpectedly and it’s getting worse!",medium
"A stranger hear a terrifying roadblock on the street, unexpectedly and people are panicking!",high
"A kid hear a chaotic flood in the factory, violently in the middle of the night!",low
"There’s a hijacked and horrible robbery on the alley, violently right now!",high
"A stranger found a unexpected vandalism on the shopping mall, dangerously and it’s getting worse!",medium
"There’s a unstable and severe roadblock in the construction site, quickly with no one helping!",low
"There’s a freezing and intense robbery in the hospital, unexpectedly near my house!",severe
"A woman found a chaotic flood in the street, loudly right now!",immediate
"There’s a freezing and horrible assault in the subway, dangerously with no one helping!",medium
"A cyclist hear a dangerous crash on the apartment, rapidly right now!",low
"There’s a lost and uncontrolled riot in the apartment, quickly right now!",medium
"There’s a unconscious and rapid robbery in the hospital, unexpectedly with no one helping!",low
"There’s a stuck and severe medical emergency in the stadium, loudly right now!",alert
"There’s a unconscious and loud roadblock at the subway, dangerously near my house!",low
"There’s a trapped and unexpected fight in the apartment, quickly that’s blocking traffic!",medium
"There’s a suffocating and severe shooting on the stadium, violently and people are panicking!",high
"A shopkeeper see a chaotic drowning on the park, rapidly causing a huge mess!",low
"A passenger see a chaotic assault at the stadium, dangerously near my house!",low
"There’s a suffocating and uncontrolled explosion in the highway, frantically and it’s getting worse!",alert
"There’s a unconscious and intense crash on the house, unexpectedly near my house!",low
"There’s a hurt and unexpected power outage in the alley, loudly and people are panicking!",medium
"There’s a unstable and horrible roadblock in the bridge, quickly causing a huge mess!",medium
"There’s a stuck and chaotic fight in the apartment, rapidly and it’s getting worse!",critical
"A cat hear a intense medical emergency at the hospital, rapidly and it’s getting worse!",low
"A cyclist found a severe assault in the hospital, unexpectedly causing a huge mess!",high
"A child hear a dangerous assault in the apartment, violently and people are panicking!",high
"A firefighter hear a uncontrolled assault in the stadium, violently with no one helping!",high
"My neighbor see a rapid fire at the hospital, loudly and it’s getting worse!",low
"There’s a malfunctioning and terrifying riot in the alley, unexpectedly and it’s getting worse!",medium
"There’s a missing and uncontrolled shooting at the bridge, frantically that’s blocking traffic!",immediate
"Someone found a sudden crash in the tunnel, loudly with no one helping!",high
"An old man see a unexpected leak on the store, dangerously in the middle of the night!",life-threatening
"A cyclist found a intense fire in the house, frantically near my house!",medium
"An old man see a severe riot at the street, dangerously that’s blocking traffic!",medium
"A shopkeeper found a massive explosion on the subway, quickly with no one helping!",medium
"There’s a bleeding and rapid leak in the apartment, violently right now!",critical
"There’s a malfunctioning and uncontrolled explosion on the alley, loudly that’s blocking traffic!",immediate
"There’s a broken and unexpected leak on the highway, rapidly with no one helping!",immediate
"There’s a vandalized and unexpected drowning in the construction site, dangerously in the middle of the night!",high
"There’s a hurt and loud assault in the office building, unexpectedly near my house!",low
"There’s a broken and chaotic shooting at the beach, unexpectedly and people are panicking!",emergency
"A cyclist see a dangerous assault on the factory, suddenly with no one helping!",life-threatening
"A group of people see a unexpected earthquake at the street, dangerously with no one helping!",medium
"There’s a unconscious and sudden robbery at the hospital, loudly in the middle of the night!",medium
"A cat hear a horrible earthquake at the stadium, violently and people are panicking!",medium
"A police officer found a intense flood on the office building, quickly and it’s getting worse!",alert
"There’s a abandoned and dangerous roadblock at the alley, loudly near my house!",high
"There’s a abandoned and intense medical emergency on the store, suddenly right now!",high
"There’s a malfunctioning and loud scream at the tunnel, violently that’s blocking traffic!",emergency
"There’s a hijacked and massive leak in the stadium, unexpectedly causing a huge mess!",emergency
"A police officer see a severe scream on the park, suddenly right now!",life-threatening
"There’s a collapsing and uncontrolled vandalism in the park, quickly and it’s getting worse!",low
"An old man hear a massive riot in the highway, violently causing a huge mess!",emergency
"There’s a trapped and uncontrolled fire on the factory, frantically causing a huge mess!",medium
"There’s a vandalized and horrible roadblock at the office building, quickly and people are panicking!",critical
"There’s a abandoned and uncontrolled vandalism on the office building, unexpectedly and people are panicking!",medium
"There’s a vandalized and massive robbery on the house, violently near my house!",medium
"A cyclist hear a dangerous flood at the factory, quickly causing a huge mess!",high
"A group of people hear a strange fire at the tunnel, violently near my house!",medium
"There’s a abandoned and terrifying medical emergency in the parking lot, quickly with no one helping!",medium
"There’s a collapsing and dangerous leak on the bridge, urgently and people are panicking!",emergency
"An old man found a dangerous leak in the office building, urgently that’s blocking traffic!",low
"There’s a unstable and intense earthquake in the subway, frantically and it’s getting worse!",critical
"My neighbor see a loud leak at the store, loudly and it’s getting worse!",critical
"There’s a missing and dangerous robbery in the tunnel, suddenly in the middle of the night!",high
"My neighbor found a massive assault on the construction site, suddenly causing a huge mess!",emergency
"A student hear a rapid fire on the alley, frantically and it’s getting worse!",high
"There’s a abandoned and terrifying earthquake at the tunnel, frantically and it’s getting worse!",low
"There’s a unstable and terrifying vandalism in the stadium, loudly in the middle of the night!",alert
"I found a dangerous crash on the highway, quickly and it’s getting worse!",high
"An old man found a chaotic fight in the stadium, unexpectedly and people are panicking!",high
"A stranger see a uncontrolled explosion at the shopping mall, urgently right now!",life-threatening
"There’s a burning and massive earthquake on the subway, violently in the middle of the night!",high
"There’s a hurt and chaotic medical emergency at the shopping mall, unexpectedly right now!",alert
"An old man hear a chaotic scream on the stadium, unexpectedly right now!",low
"There’s a collapsing and uncontrolled gas leak at the parking lot, suddenly causing a huge mess!",low
"A kid found a rapid medical emergency at the school, urgently and it’s getting worse!",high
"There’s a collapsing and horrible riot at the shopping mall, violently with no one helping!",alert
"A child found a massive power outage on the house, rapidly that’s blocking traffic!",low
"A child see a unexpected explosion in the hospital, loudly causing a huge mess!",severe
"An old man hear a uncontrolled riot at the apartment, quickly that’s blocking traffic!",medium
"A kid found a massive power outage in the street, dangerously with no one helping!",medium
"A shopkeeper found a rapid earthquake on the parking lot, rapidly and people are panicking!",high
"My neighbor hear a chaotic fire on the apartment, unexpectedly in the middle of the night!",medium
"A group of people hear a terrifying robbery at the school, urgently with no one helping!",medium
"A cat see a rapid assault on the parking lot, suddenly that’s blocking traffic!",medium
"There’s a lost and strange drowning in the highway, dangerously with no one helping!",high
"There’s a lost and sudden medical emergency on the house, frantically and people are panicking!",critical
"There’s a unstable and uncontrolled fire in the bridge, quickly right now!",medium
"There’s a lost and rapid explosion on the factory, unexpectedly with no one helping!",medium
"There’s a unconscious and dangerous roadblock on the school, rapidly right now!",high
"A woman found a sudden shooting in the highway, rapidly in the middle of the night!",severe
"A shopkeeper see a unexpected fight on the factory, frantically in the middle of the night!",high
"There’s a bleeding and loud fire on the parking lot, rapidly and people are panicking!",critical
"I found a strange earthquake at the store, violently in the middle of the night!",emergency
"There’s a hurt and sudden earthquake at the alley, violently and it’s getting worse!",low
"A child see a horrible drowning in the factory, dangerously and it’s getting worse!",low
"A shopkeeper hear a uncontrolled riot at the beach, frantically near my house!",severe
"There’s a hijacked and dangerous vandalism at the alley, violently and it’s getting worse!",emergency
"There’s a malfunctioning and horrible shooting in the parking lot, loudly near my house!",immediate
"A stranger found a uncontrolled shooting at the beach, dangerously near my house!",medium
"There’s a trapped and rapid flood on the shopping mall, urgently with no one helping!",medium
"There’s a broken and severe gas leak on the park, rapidly in the middle of the night!",medium
"There’s a burning and severe earthquake in the subway, dangerously and people are panicking!",alert
"A kid found a sudden explosion in the park, urgently right now!",alert
"There’s a lost and horrible drowning at the office building, suddenly and it’s getting worse!",medium
"There’s a drowning and dangerous assault in the alley, dangerously in the middle of the night!",emergency
"There’s a missing and loud fight on the beach, suddenly right now!",medium
"A group of people see a sudden landslide in the bridge, violently with no one helping!",life-threatening
"There’s a stuck and strange vandalism in the construction site, rapidly right now!",medium
"There’s a malfunctioning and terrifying vandalism at the apartment, violently and it’s getting worse!",critical
"A dog hear a unexpected scream at the school, quickly right now!",immediate
"A firefighter see a uncontrolled vandalism on the store, suddenly right now!",medium
"An old man see a uncontrolled scream at the factory, violently and people are panicking!",low
"There’s a freezing and horrible crash at the beach, quickly with no one helping!",medium
"There’s a suffocating and severe roadblock in the office building, violently right now!",medium
"There’s a freezing and loud shooting in the stadium, frantically and people are panicking!",high
"A woman found a loud drowning in the beach, unexpectedly and people are panicking!",immediate
"There’s a burning and severe drowning in the office building, frantically that’s blocking traffic!",low
"A police officer see a terrifying landslide in the shopping mall, unexpectedly right now!",low
"A firefighter found a severe crash in the highway, quickly causing a huge mess!",low
"There’s a broken and dangerous leak in the store, violently in the middle of the night!",low
"There’s a suffocating and unexpected crash at the school, loudly that’s blocking traffic!",alert
"There’s a vandalized and unexpected leak at the construction site, dangerously with no one helping!",medium
"There’s a freezing and unexpected vandalism on the highway, unexpectedly with no one helping!",medium
"There’s a hijacked and severe landslide at the hospital, urgently with no one helping!",immediate
"There’s a collapsing and chaotic leak on the office building, unexpectedly and it’s getting worse!",severe
"There’s a bleeding and chaotic landslide at the street, dangerously and people are panicking!",medium
"A student see a intense gas leak at the beach, suddenly right now!",low
"There’s a stuck and strange flood in the shopping mall, dangerously right now!",medium
"A group of people hear a chaotic robbery at the stadium, rapidly right now!",medium
"A stranger found a severe scream at the construction site, urgently with no one helping!",immediate
"A cat see a sudden robbery on the street, loudly and people are panicking!",medium
"A child hear a massive power outage in the house, frantically right now!",medium
"A cat see a terrifying power outage at the parking lot, violently with no one helping!",medium
"There’s a vandalized and unexpected fight at the factory, unexpectedly near my house!",low
"There’s a broken and sudden scream at the bridge, rapidly in the middle of the night!",low
"A cyclist hear a unexpected roadblock at the apartment, rapidly that’s blocking traffic!",immediate
"A dog found a massive vandalism in the park, frantically in the middle of the night!",immediate
"An old man found a intense vandalism in the parking lot, frantically that’s blocking traffic!",low
"There’s a lost and rapid gas leak in the shopping mall, loudly that’s blocking traffic!",emergency
"A driver found a massive drowning at the apartment, quickly near my house!",life-threatening
"There’s a freezing and uncontrolled medical emergency in the house, urgently in the middle of the night!",high
"There’s a hijacked and severe robbery in the highway, rapidly causing a huge mess!",medium
"There’s a lost and dangerous riot at the tunnel, frantically and it’s getting worse!",life-threatening
"I hear a strange robbery in the park, violently in the middle of the night!",medium
"There’s a bleeding and unexpected vandalism on the apartment, violently causing a huge mess!",medium
"An old man found a intense earthquake in the stadium, frantically that’s blocking traffic!",high
"A cyclist hear a severe assault on the stadium, urgently with no one helping!",medium
"A shopkeeper hear a rapid scream in the construction site, urgently and people are panicking!",immediate
"A woman hear a intense crash in the house, quickly in the middle of the night!",life-threatening
"There’s a malfunctioning and intense shooting in the highway, quickly right now!",high
"I hear a terrifying explosion at the apartment, rapidly right now!",alert
"There’s a unstable and intense riot in the bridge, suddenly causing a huge mess!",medium
"There’s a collapsing and sudden riot on the subway, urgently right now!",medium
"An old man found a loud landslide in the beach, rapidly and it’s getting worse!",high
"A dog see a intense fire in the factory, suddenly and people are panicking!",critical
"There’s a trapped and chaotic flood at the house, rapidly and it’s getting worse!",low
"Someone hear a uncontrolled assault on the hospital, rapidly near my house!",life-threatening
"A shopkeeper see a uncontrolled landslide at the shopping mall, urgently causing a huge mess!",life-threatening
"A cat found a massive roadblock in the tunnel, urgently in the middle of the night!",low
"There’s a hurt and loud riot in the stadium, quickly causing a huge mess!",emergency
"A driver hear a severe power outage in the stadium, rapidly and people are panicking!",high
"A student found a strange fire at the bridge, dangerously right now!",medium
"A child see a intense landslide in the factory, suddenly right now!",immediate
"There’s a freezing and dangerous earthquake on the tunnel, loudly right now!",medium
"There’s a lost and intense leak in the house, frantically and it’s getting worse!",low
"A woman hear a massive roadblock at the beach, frantically right now!",emergency
"A firefighter hear a strange earthquake in the street, rapidly and people are panicking!",medium
"A shopkeeper see a unexpected leak on the bridge, quickly in the middle of the night!",low
"There’s a drowning and rapid fight on the office building, dangerously right now!",emergency
"A woman hear a horrible robbery in the alley, unexpectedly that’s blocking traffic!",high
"There’s a broken and intense landslide in the school, rapidly that’s blocking traffic!",high
"There’s a stuck and horrible scream in the school, quickly and it’s getting worse!",medium
"There’s a unstable and horrible drowning in the office building, rapidly and people are panicking!",high
"There’s a drowning and unexpected earthquake at the school, unexpectedly in the middle of the night!",alert
"Someone found a strange explosion in the store, quickly right now!",high
"An old man found a horrible fight on the factory, frantically with no one helping!",immediate
"There’s a unstable and uncontrolled drowning at the store, urgently in the middle of the night!",medium
"A dog hear a severe explosion in the store, urgently with no one helping!",high
"There’s a missing and strange fight on the hospital, frantically and it’s getting worse!",low
"There’s a unconscious and dangerous leak in the shopping mall, loudly near my house!",medium
"There’s a unconscious and uncontrolled power outage in the stadium, unexpectedly with no one helping!",emergency
"A shopkeeper found a rapid landslide in the apartment, suddenly causing a huge mess!",emergency
"There’s a stuck and terrifying fight on the house, unexpectedly in the middle of the night!",emergency
"There’s a unstable and severe fire at the apartment, violently near my house!",low
"There’s a malfunctioning and loud roadblock at the hospital, unexpectedly and people are panicking!",low
"There’s a drowning and intense flood in the alley, urgently and people are panicking!",medium
"There’s a hurt and intense scream on the alley, rapidly near my house!",high
"There’s a collapsing and uncontrolled shooting at the house, unexpectedly right now!",life-threatening
"My neighbor found a sudden fire at the street, frantically right now!",medium
"A shopkeeper see a severe scream at the parking lot, frantically right now!",critical
"There’s a lost and horrible leak on the shopping mall, quickly in the middle of the night!",medium
"There’s a missing and sudden drowning on the house, violently and people are panicking!",high
"A cyclist see a horrible gas leak at the office building, urgently near my house!",emergency
"A stranger hear a intense scream at the parking lot, loudly that’s blocking traffic!",medium
"A student found a severe drowning in the hospital, loudly causing a huge mess!",low
"An old man see a sudden explosion in the park, frantically in the middle of the night!",medium
"A shopkeeper see a dangerous riot in the subway, suddenly near my house!",emergency
"A woman see a chaotic leak in the apartment, unexpectedly with no one helping!",immediate
"A firefighter hear a horrible vandalism on the street, urgently near my house!",critical
"There’s a bleeding and horrible landslide at the street, violently and people are panicking!",high
"A woman found a unexpected explosion in the tunnel, rapidly in the middle of the night!",low
"There’s a lost and uncontrolled explosion at the tunnel, suddenly right now!",low
"There’s a burning and massive gas leak at the alley, loudly with no one helping!",medium
"A passenger found a uncontrolled flood at the street, dangerously right now!",high
"There’s a abandoned and severe riot at the bridge, rapidly with no one helping!",medium
"A stranger found a rapid medical emergency on the school, urgently causing a huge mess!",low
"A dog hear a horrible riot on the office building, urgently near my house!",severe
"There’s a broken and uncontrolled crash in the school, frantically with no one helping!",medium
"There’s a abandoned and massive gas leak on the beach, dangerously and people are panicking!",low
"My neighbor see a unexpected leak in the subway, quickly in the middle of the night!",high
"A firefighter see a sudden landslide in the shopping mall, violently and people are panicking!",high
"A child found a unexpected assault on the shopping mall, urgently that’s blocking traffic!",severe
"There’s a collapsing and uncontrolled vandalism at the apartment, quickly with no one helping!",high
"There’s a stuck and sudden crash on the highway, urgently near my house!",emergency
"There’s a hijacked and intense roadblock in the highway, urgently and it’s getting worse!",emergency
"A cyclist found a uncontrolled gas leak on the highway, frantically in the middle of the night!",low
"A cat hear a chaotic shooting at the stadium, frantically causing a huge mess!",medium
"There’s a hurt and sudden vandalism in the construction site, loudly in the middle of the night!",severe
"There’s a suffocating and uncontrolled flood in the apartment, suddenly in the middle of the night!",medium
"There’s a unstable and loud fight at the school, suddenly with no one helping!",severe
"A group of people found a dangerous roadblock at the tunnel, violently near my house!",low
"There’s a lost and chaotic vandalism in the school, unexpectedly and it’s getting worse!",emergency
"There’s a suffocating and severe landslide on the highway, quickly right now!",low
"A kid found a dangerous explosion in the beach, frantically in the middle of the night!",severe
"An old man see a unexpected power outage at the shopping mall, unexpectedly right now!",high
"A police officer see a loud earthquake at the parking lot, suddenly and people are panicking!",medium
"My neighbor see a intense fight at the construction site, frantically with no one helping!",high
"A shopkeeper hear a sudden gas leak at the school, rapidly right now!",severe
"A woman hear a chaotic power outage on the hospital, rapidly that’s blocking traffic!",low
"A cat found a unexpected robbery at the house, frantically and people are panicking!",emergency
"There’s a abandoned and chaotic riot at the school, rapidly and it’s getting worse!",low
"A driver see a loud earthquake at the park, violently that’s blocking traffic!",emergency
"There’s a missing and sudden earthquake in the alley, frantically causing a huge mess!",low
"A student hear a severe scream on the tunnel, urgently in the middle of the night!",low
"I hear a dangerous gas leak at the apartment, violently with no one helping!",high
"There’s a trapped and strange robbery at the park, urgently near my house!",high
"A woman see a rapid drowning in the apartment, suddenly near my house!",low
"There’s a stuck and sudden vandalism in the subway, violently near my house!",critical
"There’s a bleeding and terrifying gas leak in the highway, unexpectedly causing a huge mess!",low
"There’s a collapsing and rapid flood on the office building, violently and people are panicking!",high
"A driver hear a uncontrolled explosion in the parking lot, loudly and people are panicking!",medium
"There’s a stuck and severe gas leak on the apartment, quickly near my house!",high
"There’s a lost and terrifying crash in the shopping mall, frantically that’s blocking traffic!",high
"There’s a missing and severe fight in the hospital, violently that’s blocking traffic!",immediate
"A student see a severe roadblock in the park, frantically causing a huge mess!",low
"There’s a freezing and massive crash on the office building, violently and people are panicking!",medium
"A shopkeeper found a severe fire at the beach, rapidly with no one helping!",emergency
"A student hear a severe gas leak at the subway, dangerously that’s blocking traffic!",medium
"There’s a burning and massive fire on the house, quickly right now!",medium
"A cyclist see a rapid power outage in the office building, loudly in the middle of the night!",medium
"There’s a burning and unexpected power outage at the house, urgently that’s blocking traffic!",immediate
"There’s a abandoned and chaotic landslide at the park, dangerously in the middle of the night!",medium
"A dog found a severe robbery on the park, suddenly that’s blocking traffic!",medium
"A cyclist found a horrible gas leak in the hospital, rapidly right now!",high
"A student found a severe medical emergency on the factory, violently with no one helping!",medium
"There’s a freezing and rapid fire at the highway, suddenly near my house!",low
"A police officer hear a massive earthquake on the shopping mall, frantically causing a huge mess!",medium
"There’s a bleeding and uncontrolled roadblock at the tunnel, frantically near my house!",low
"There’s a unstable and rapid earthquake on the subway, violently with no one helping!",high
"A firefighter found a unexpected assault at the tunnel, rapidly that’s blocking traffic!",critical
"A student hear a severe fight in the shopping mall, dangerously right now!",high
"There’s a hurt and chaotic fight in the store, rapidly causing a huge mess!",medium
"There’s a vandalized and chaotic fire in the street, loudly and it’s getting worse!",low
"There’s a burning and unexpected riot in the stadium, dangerously and it’s getting worse!",life-threatening
"A dog found a horrible crash on the office building, rapidly in the middle of the night!",medium
"A group of people hear a dangerous scream in the park, urgently causing a huge mess!",critical
"A passenger see a strange assault at the tunnel, frantically right now!",alert
"There’s a trapped and terrifying leak at the park, quickly in the middle of the night!",low
"There’s a broken and loud robbery at the store, frantically and people are panicking!",low
"A cat see a horrible riot at the park, frantically causing a huge mess!",low
"There’s a bleeding and uncontrolled robbery in the tunnel, frantically right now!",medium
"There’s a freezing and loud scream in the factory, frantically near my house!",critical
"There’s a freezing and chaotic roadblock on the factory, frantically that’s blocking traffic!",high
"There’s a freezing and terrifying fight on the tunnel, rapidly in the middle of the night!",immediate
"A stranger hear a unexpected fire at the office building, urgently in the middle of the night!",high
"A child found a intense drowning in the office building, suddenly and it’s getting worse!",low
"A firefighter see a strange drowning at the school, loudly with no one helping!",low
"A shopkeeper found a intense fire at the parking lot, frantically in the middle of the night!",critical
"There’s a burning and horrible power outage in the subway, loudly causing a huge mess!",medium
"A woman hear a loud flood at the beach, quickly right now!",low
"An old man hear a uncontrolled scream at the street, urgently right now!",low
"A woman found a terrifying scream at the shopping mall, unexpectedly near my house!",medium
"There’s a lost and dangerous scream in the parking lot, unexpectedly and it’s getting worse!",emergency
"There’s a unconscious and terrifying fire at the subway, suddenly with no one helping!",high
"My neighbor see a intense drowning on the beach, loudly in the middle of the night!",high
"There’s a stuck and chaotic fire at the tunnel, quickly and it’s getting worse!",medium
"A firefighter see a terrifying landslide at the apartment, violently with no one helping!",high
"A cat hear a intense robbery in the bridge, urgently near my house!",life-threatening
"There’s a broken and dangerous fire at the tunnel, rapidly near my house!",low
"There’s a trapped and chaotic riot on the apartment, urgently near my house!",medium
"A passenger found a loud gas leak in the bridge, frantically that’s blocking traffic!",critical
"There’s a freezing and strange medical emergency on the hospital, unexpectedly right now!",medium
"A cat see a uncontrolled roadblock at the stadium, quickly in the middle of the night!",high
"There’s a freezing and severe leak on the highway, violently that’s blocking traffic!",critical
"There’s a suffocating and sudden flood on the beach, suddenly and people are panicking!",critical
"A cat see a uncontrolled drowning in the bridge, dangerously in the middle of the night!",low
"There’s a hurt and horrible power outage in the office building, dangerously that’s blocking traffic!",immediate
"There’s a bleeding and dangerous fire in the office building, urgently and it’s getting worse!",low
"There’s a bleeding and severe roadblock on the stadium, unexpectedly with no one helping!",low
"There’s a stuck and loud roadblock at the factory, frantically near my house!",life-threatening
"There’s a stuck and horrible scream at the stadium, quickly with no one helping!",medium
"A woman see a intense gas leak at the school, dangerously that’s blocking traffic!",low
"Someone see a loud shooting in the alley, dangerously right now!",medium
"A police officer see a terrifying robbery at the construction site, urgently that’s blocking traffic!",medium
"There’s a trapped and sudden power outage in the highway, quickly causing a huge mess!",high
"A woman found a horrible gas leak at the office building, violently near my house!",high
"A cyclist found a strange gas leak in the house, suddenly in the middle of the night!",medium
"A dog see a uncontrolled shooting in the park, urgently near my house!",medium
"A group of people see a strange fire on the bridge, frantically near my house!",emergency
"There’s a malfunctioning and dangerous fire on the school, quickly and it’s getting worse!",low
"A stranger see a strange fire on the hospital, urgently and it’s getting worse!",immediate
"There’s a trapped and severe robbery at the alley, frantically that’s blocking traffic!",medium
"There’s a unconscious and sudden shooting in the office building, suddenly in the middle of the night!",medium
"There’s a hurt and loud fire at the street, suddenly and it’s getting worse!",high
"Someone see a rapid fire on the street, loudly with no one helping!",low
"There’s a stuck and strange robbery in the bridge, frantically right now!",medium
"There’s a malfunctioning and horrible vandalism on the office building, dangerously that’s blocking traffic!",low
"My neighbor found a chaotic medical emergency at the street, quickly with no one helping!",critical
"A cyclist found a uncontrolled scream at the house, quickly in the middle of the night!",high
"A kid see a loud fire on the stadium, loudly that’s blocking traffic!",low
"A firefighter see a intense assault in the stadium, unexpectedly and people are panicking!",life-threatening
"A student hear a dangerous explosion on the alley, suddenly and people are panicking!",alert
"There’s a suffocating and severe vandalism on the shopping mall, urgently that’s blocking traffic!",high
"There’s a hijacked and intense earthquake on the tunnel, dangerously with no one helping!",high
"There’s a missing and uncontrolled fire on the street, quickly in the middle of the night!",severe
"A child see a terrifying earthquake on the beach, frantically that’s blocking traffic!",medium
"A woman hear a massive crash on the highway, dangerously that’s blocking traffic!",medium
"A woman hear a rapid medical emergency in the hospital, urgently and it’s getting worse!",high
"A cyclist found a horrible roadblock at the park, unexpectedly in the middle of the night!",medium
"There’s a collapsing and massive crash at the park, quickly causing a huge mess!",emergency
"A dog found a dangerous fight at the alley, suddenly near my house!",medium
"There’s a hijacked and chaotic gas leak in the hospital, dangerously and it’s getting worse!",immediate
"There’s a broken and loud explosion in the house, unexpectedly that’s blocking traffic!",medium
"Someone see a loud robbery on the beach, suddenly with no one helping!",medium
"There’s a broken and terrifying robbery on the tunnel, dangerously right now!",immediate
"There’s a hijacked and loud fire at the street, urgently that’s blocking traffic!",medium
"There’s a suffocating and severe drowning on the parking lot, dangerously in the middle of the night!",medium
"A student found a dangerous assault at the street, quickly near my house!",critical
"A firefighter see a unexpected assault on the beach, unexpectedly in the middle of the night!",medium
"There’s a hijacked and uncontrolled landslide on the store, quickly right now!",critical
"A woman see a chaotic medical emergency on the apartment, quickly and it’s getting worse!",high
"There’s a hurt and dangerous scream in the house, urgently right now!",low
"There’s a lost and chaotic fire at the hospital, dangerously causing a huge mess!",medium
"A dog see a sudden earthquake at the street, urgently near my house!",high
"A passenger see a terrifying vandalism on the house, dangerously and it’s getting worse!",low
"A stranger found a chaotic gas leak on the office building, rapidly and it’s getting worse!",low
"There’s a broken and loud robbery on the hospital, suddenly that’s blocking traffic!",medium
"An old man hear a unexpected flood in the school, suddenly near my house!",high
"A police officer found a uncontrolled assault at the tunnel, quickly near my house!",medium
"There’s a lost and horrible shooting at the stadium, quickly with no one helping!",life-threatening
"There’s a vandalized and chaotic crash at the school, violently near my house!",high
"A cyclist found a strange explosion on the factory, unexpectedly causing a huge mess!",high
"There’s a abandoned and chaotic fight in the house, unexpectedly right now!",low
"A cat see a loud riot on the parking lot, violently with no one helping!",high
"There’s a missing and loud crash in the shopping mall, quickly with no one helping!",low
"There’s a suffocating and severe riot at the house, loudly causing a huge mess!",medium
"An old man see a massive drowning at the office building, suddenly and people are panicking!",low
"A police officer see a terrifying fight on the construction site, rapidly causing a huge mess!",high
"Someone see a massive earthquake in the office building, quickly and people are panicking!",emergency
"There’s a malfunctioning and terrifying vandalism in the park, quickly and people are panicking!",alert
"There’s a burning and massive explosion on the school, frantically causing a huge mess!",medium
"A cat found a strange robbery in the stadium, frantically and people are panicking!",low
"There’s a lost and chaotic drowning at the apartment, quickly near my house!",low
"There’s a suffocating and rapid fire in the shopping mall, suddenly that’s blocking traffic!",medium
"There’s a hijacked and loud explosion at the school, dangerously and people are panicking!",high
"A shopkeeper found a horrible scream at the subway, frantically that’s blocking traffic!",critical
"A stranger see a loud roadblock on the park, violently with no one helping!",critical
"A stranger hear a uncontrolled leak on the tunnel, unexpectedly and it’s getting worse!",immediate
"There’s a lost and uncontrolled explosion at the bridge, frantically and people are panicking!",high
"There’s a abandoned and intense assault at the beach, rapidly in the middle of the night!",low
"A group of people found a severe power outage on the shopping mall, dangerously near my house!",medium
"There’s a broken and massive explosion in the school, urgently in the middle of the night!",medium
"There’s a burning and terrifying assault in the stadium, quickly right now!",high
"A firefighter see a strange crash at the factory, violently that’s blocking traffic!",medium
"There’s a abandoned and intense explosion on the street, quickly that’s blocking traffic!",critical
"There’s a broken and chaotic leak at the apartment, urgently and people are panicking!",medium
"A passenger hear a chaotic shooting on the bridge, loudly right now!",high
"A student see a horrible power outage on the highway, quickly and people are panicking!",immediate
"There’s a unstable and massive leak on the house, rapidly causing a huge mess!",immediate
"An old man see a sudden landslide at the stadium, suddenly with no one helping!",emergency
"There’s a unconscious and sudden explosion in the factory, loudly near my house!",emergency
"There’s a hijacked and sudden fight at the tunnel, dangerously with no one helping!",high
"There’s a burning and loud power outage at the construction site, dangerously with no one helping!",low
"A passenger hear a massive vandalism on the alley, violently in the middle of the night!",life-threatening
"There’s a trapped and chaotic assault on the school, quickly and people are panicking!",alert
"A student hear a chaotic crash in the tunnel, dangerously that’s blocking traffic!",alert
"There’s a freezing and terrifying scream in the factory, unexpectedly right now!",low
"There’s a lost and terrifying power outage on the tunnel, unexpectedly that’s blocking traffic!",high
"There’s a hijacked and dangerous drowning on the hospital, violently near my house!",low
"A firefighter see a chaotic power outage on the subway, suddenly that’s blocking traffic!",medium
"A firefighter hear a loud roadblock in the house, unexpectedly right now!",medium
"There’s a bleeding and uncontrolled fight at the subway, loudly in the middle of the night!",low
"A shopkeeper found a severe fire in the stadium, unexpectedly right now!",high
"A dog see a chaotic leak in the school, urgently and it’s getting worse!",immediate
"There’s a bleeding and intense fire on the shopping mall, quickly and people are panicking!",high
"A driver hear a uncontrolled power outage on the office building, rapidly near my house!",high
"A shopkeeper hear a severe landslide on the store, rapidly near my house!",low
"There’s a trapped and intense crash in the stadium, rapidly and people are panicking!",alert
"There’s a burning and massive shooting at the subway, frantically that’s blocking traffic!",life-threatening
"A student found a loud robbery on the hospital, urgently with no one helping!",medium
"There’s a bleeding and sudden flood in the park, suddenly and it’s getting worse!",high
"A child found a unexpected medical emergency at the hospital, violently in the middle of the night!",high
"A shopkeeper found a horrible flood in the hospital, rapidly that’s blocking traffic!",severe
"A cyclist see a strange fire on the tunnel, urgently and people are panicking!",low
"A driver see a intense crash at the alley, frantically right now!",immediate
"A stranger found a uncontrolled assault in the alley, violently that’s blocking traffic!",severe
"Someone see a uncontrolled fire on the park, dangerously right now!",medium
"There’s a hurt and severe drowning on the school, unexpectedly right now!",critical
"There’s a unconscious and loud landslide in the subway, loudly right now!",medium
"Someone found a unexpected power outage at the hospital, quickly with no one helping!",low
"A child hear a loud fire in the alley, frantically in the middle of the night!",low
"There’s a abandoned and rapid drowning in the hospital, frantically right now!",emergency
"There’s a hurt and unexpected explosion on the street, rapidly with no one helping!",low
"There’s a hijacked and unexpected power outage at the store, rapidly that’s blocking traffic!",critical
"My neighbor see a rapid explosion at the apartment, violently and people are panicking!",medium
"A stranger see a horrible scream at the bridge, unexpectedly that’s blocking traffic!",high
"There’s a hijacked and rapid flood on the apartment, unexpectedly that’s blocking traffic!",low
"A child see a rapid power outage on the store, quickly right now!",emergency
"A cyclist found a strange earthquake in the subway, rapidly causing a huge mess!",low
"An old man hear a uncontrolled roadblock at the apartment, rapidly near my house!",low
"There’s a broken and terrifying drowning in the house, suddenly that’s blocking traffic!",medium
"There’s a bleeding and strange shooting at the beach, loudly causing a huge mess!",severe
"I hear a loud leak on the parking lot, dangerously right now!",low
"There’s a burning and terrifying riot on the office building, violently with no one helping!",medium
"There’s a malfunctioning and sudden scream at the beach, suddenly with no one helping!",immediate
"Someone found a uncontrolled roadblock in the store, quickly and people are panicking!",severe
"There’s a malfunctioning and horrible landslide at the shopping mall, frantically with no one helping!",medium
"A cat see a intense riot on the office building, dangerously with no one helping!",medium
"There’s a missing and rapid leak in the park, loudly near my house!",life-threatening
"A dog found a chaotic robbery in the hospital, dangerously with no one helping!",low
"There’s a drowning and severe vandalism in the street, loudly in the middle of the night!",emergency
"A cyclist see a terrifying earthquake in the alley, violently with no one helping!",low
"A child hear a rapid leak at the apartment, loudly in the middle of the night!",medium
"A cat found a uncontrolled drowning at the apartment, loudly near my house!",medium
"There’s a lost and rapid fight on the subway, urgently with no one helping!",alert
"There’s a stuck and unexpected gas leak in the park, dangerously right now!",emergency
"There’s a broken and dangerous medical emergency on the shopping mall, violently right now!",medium
"A woman see a terrifying scream in the parking lot, frantically and it’s getting worse!",high
"There’s a malfunctioning and severe robbery in the beach, violently in the middle of the night!",emergency
"A firefighter see a sudden leak in the tunnel, suddenly with no one helping!",high
"A cyclist hear a massive shooting on the school, rapidly near my house!",high
"There’s a drowning and horrible shooting on the factory, violently in the middle of the night!",low
"An old man hear a unexpected fight in the tunnel, quickly near my house!",medium
"There’s a malfunctioning and strange earthquake at the construction site, unexpectedly and people are panicking!",medium
"A woman found a terrifying robbery on the hospital, urgently near my house!",medium
"There’s a suffocating and chaotic medical emergency on the street, frantically and people are panicking!",medium
"There’s a unconscious and terrifying landslide on the highway, dangerously with no one helping!",low
"There’s a collapsing and loud drowning in the store, quickly that’s blocking traffic!",immediate
"There’s a malfunctioning and massive scream in the beach, quickly that’s blocking traffic!",medium
"My neighbor hear a strange gas leak at the construction site, loudly in the middle of the night!",medium
"There’s a unstable and rapid fire in the store, quickly with no one helping!",severe
"A passenger see a intense landslide in the apartment, quickly near my house!",high
"There’s a broken and horrible robbery on the subway, urgently causing a huge mess!",critical
"There’s a suffocating and terrifying landslide at the school, dangerously causing a huge mess!",high
"A police officer hear a dangerous assault in the shopping mall, violently and people are panicking!",alert
"There’s a hijacked and horrible fight in the office building, unexpectedly that’s blocking traffic!",critical
"A police officer hear a loud riot on the park, suddenly right now!",low
"I hear a severe robbery at the beach, unexpectedly and it’s getting worse!",low
"A stranger see a terrifying explosion at the subway, violently and people are panicking!",low
"A kid found a terrifying leak in the hospital, violently and people are panicking!",critical
"A group of people found a intense medical emergency on the house, rapidly in the middle of the night!",immediate
"There’s a trapped and terrifying gas leak in the store, quickly causing a huge mess!",severe
"A child hear a terrifying fight on the stadium, unexpectedly and people are panicking!",emergency
"A police officer hear a dangerous roadblock on the street, violently in the middle of the night!",low
"There’s a burning and massive gas leak in the beach, frantically causing a huge mess!",high
"A cyclist hear a unexpected gas leak on the office building, suddenly and it’s getting worse!",emergency
"A child hear a massive scream at the house, dangerously near my house!",medium
"There’s a suffocating and unexpected gas leak on the construction site, suddenly near my house!",alert
"There’s a freezing and loud drowning in the office building, dangerously and people are panicking!",medium
"A passenger hear a intense fight in the construction site, urgently in the middle of the night!",emergency
"A kid found a severe explosion at the stadium, rapidly that’s blocking traffic!",high
"There’s a unstable and severe assault in the factory, quickly causing a huge mess!",high
"There’s a burning and unexpected robbery on the apartment, quickly and it’s getting worse!",high
"There’s a hijacked and rapid medical emergency at the apartment, rapidly right now!",emergency
"There’s a suffocating and terrifying flood at the subway, rapidly near my house!",immediate
"There’s a malfunctioning and dangerous roadblock at the school, suddenly with no one helping!",low
"There’s a unconscious and unexpected power outage on the subway, violently with no one helping!",high
"Someone see a intense leak in the hospital, violently right now!",emergency
"A cyclist see a unexpected explosion on the street, unexpectedly in the middle of the night!",critical
"There’s a unstable and intense drowning in the factory, dangerously that’s blocking traffic!",immediate
"A group of people found a unexpected roadblock at the tunnel, urgently and people are panicking!",medium
"There’s a burning and rapid vandalism on the house, loudly with no one helping!",high
"A police officer found a dangerous gas leak on the beach, violently and it’s getting worse!",high
"A driver see a terrifying assault on the stadium, quickly causing a huge mess!",low
"There’s a stuck and massive medical emergency at the park, suddenly near my house!",severe
"There’s a hijacked and dangerous earthquake at the store, violently with no one helping!",high
"There’s a suffocating and uncontrolled power outage at the house, urgently with no one helping!",medium
"There’s a drowning and massive fight in the apartment, rapidly right now!",low
"My neighbor found a strange flood in the construction site, loudly and people are panicking!",medium
"There’s a broken and strange gas leak on the stadium, loudly near my house!",low
"A woman found a severe gas leak in the hospital, violently and it’s getting worse!",low
"I found a terrifying landslide on the park, frantically and it’s getting worse!",severe
"I found a dangerous vandalism on the bridge, urgently causing a huge mess!",medium
"There’s a unstable and chaotic scream at the park, violently and people are panicking!",high
"There’s a missing and terrifying scream in the street, frantically causing a huge mess!",immediate
"There’s a unconscious and horrible riot at the apartment, rapidly and people are panicking!",medium
"A passenger see a severe assault on the park, violently that’s blocking traffic!",emergency
"There’s a abandoned and rapid scream at the house, suddenly causing a huge mess!",low
"A cat hear a intense explosion on the bridge, loudly that’s blocking traffic!",emergency
"A cyclist hear a horrible shooting at the store, suddenly with no one helping!",medium
"A student see a loud power outage at the apartment, loudly causing a huge mess!",low
"Someone see a unexpected medical emergency at the street, suddenly causing a huge mess!",medium
"Someone see a sudden crash in the shopping mall, quickly right now!",low
"A dog see a massive drowning on the construction site, rapidly with no one helping!",medium
"A kid found a chaotic assault on the hospital, unexpectedly in the middle of the night!",low
"There’s a broken and horrible flood at the store, suddenly and people are panicking!",high
"There’s a malfunctioning and unexpected flood at the office building, dangerously and it’s getting worse!",medium
"A firefighter hear a unexpected crash at the apartment, urgently right now!",immediate
"A woman see a massive medical emergency in the parking lot, unexpectedly that’s blocking traffic!",alert
"There’s a unstable and intense landslide on the store, unexpectedly and people are panicking!",medium
"There’s a vandalized and unexpected leak in the subway, loudly and it’s getting worse!",medium
"My neighbor see a strange scream at the hospital, dangerously near my house!",medium
"A child see a severe leak on the subway, violently and people are panicking!",immediate
"There’s a unconscious and massive scream on the parking lot, quickly and people are panicking!",critical
"Someone see a severe power outage in the tunnel, violently with no one helping!",high
"There’s a freezing and uncontrolled fight in the beach, urgently and it’s getting worse!",critical
"My neighbor found a strange fire at the construction site, rapidly and people are panicking!",high
"There’s a freezing and chaotic crash at the apartment, rapidly that’s blocking traffic!",critical
"There’s a malfunctioning and rapid earthquake in the beach, urgently and people are panicking!",medium
"A child hear a terrifying riot in the factory, dangerously and people are panicking!",high
"There’s a malfunctioning and dangerous riot in the office building, urgently right now!",alert
"There’s a unconscious and uncontrolled landslide at the shopping mall, rapidly with no one helping!",high
"A firefighter hear a dangerous roadblock at the shopping mall, urgently that’s blocking traffic!",medium
"There’s a vandalized and unexpected explosion at the factory, rapidly in the middle of the night!",immediate
"There’s a trapped and massive explosion in the store, rapidly with no one helping!",critical
"There’s a broken and sudden leak at the hospital, urgently and it’s getting worse!",high
"A cat found a horrible leak in the bridge, suddenly near my house!",immediate
"Someone hear a sudden robbery on the bridge, suddenly with no one helping!",high
"A driver hear a strange power outage at the subway, dangerously and people are panicking!",medium
"There’s a hijacked and chaotic fire in the apartment, suddenly and people are panicking!",high
"A police officer found a uncontrolled vandalism at the house, violently near my house!",medium
"Someone hear a massive robbery at the park, rapidly in the middle of the night!",low
"There’s a hijacked and rapid shooting on the street, violently and people are panicking!",low
"There’s a lost and intense earthquake in the apartment, violently right now!",high
"There’s a abandoned and sudden scream on the house, quickly in the middle of the night!",medium
"A child see a massive roadblock on the highway, suddenly that’s blocking traffic!",severe
"There’s a abandoned and terrifying drowning in the shopping mall, violently and it’s getting worse!",high
"An old man found a horrible leak in the shopping mall, dangerously that’s blocking traffic!",low
"There’s a unconscious and strange roadblock at the subway, rapidly and people are panicking!",emergency
"There’s a abandoned and severe landslide on the beach, suddenly near my house!",medium
"There’s a lost and rapid explosion on the street, suddenly with no one helping!",critical
"There’s a hurt and dangerous power outage at the hospital, suddenly causing a huge mess!",medium
"There’s a unstable and massive fight on the school, rapidly near my house!",critical
"There’s a suffocating and intense gas leak in the apartment, urgently that’s blocking traffic!",high
"Someone see a sudden drowning at the construction site, suddenly with no one helping!",high
"A woman found a uncontrolled fight at the tunnel, violently causing a huge mess!",medium
"There’s a unconscious and massive fight at the stadium, urgently and it’s getting worse!",alert
"There’s a bleeding and terrifying shooting on the street, urgently right now!",low
"A student see a sudden earthquake in the store, quickly with no one helping!",critical
"There’s a drowning and intense riot in the school, rapidly in the middle of the night!",high
"A student hear a unexpected landslide at the hospital, quickly and people are panicking!",low
"My neighbor hear a rapid earthquake at the apartment, suddenly in the middle of the night!",medium
"A kid hear a chaotic flood on the construction site, violently with no one helping!",low
"A student see a terrifying flood on the subway, urgently and it’s getting worse!",low
"There’s a vandalized and massive fight at the highway, loudly in the middle of the night!",medium
"A stranger hear a unexpected scream on the highway, dangerously with no one helping!",low
"There’s a broken and rapid power outage in the factory, urgently in the middle of the night!",emergency
"There’s a lost and uncontrolled scream on the shopping mall, urgently right now!",high
"A passenger see a unexpected roadblock on the house, rapidly near my house!",critical
"A child found a unexpected flood in the apartment, suddenly causing a huge mess!",medium
"There’s a missing and massive flood on the alley, loudly and people are panicking!",life-threatening
"There’s a drowning and terrifying vandalism in the hospital, frantically that’s blocking traffic!",high
"There’s a vandalized and loud fight at the apartment, frantically near my house!",critical
"A driver hear a loud landslide at the park, urgently and it’s getting worse!",alert
"A cyclist found a chaotic medical emergency on the apartment, dangerously that’s blocking traffic!",high
"There’s a suffocating and severe roadblock at the apartment, quickly causing a huge mess!",alert
"There’s a broken and uncontrolled riot on the school, dangerously and people are panicking!",emergency
"A child found a dangerous assault on the beach, unexpectedly with no one helping!",high
"A cat hear a chaotic landslide on the house, suddenly and it’s getting worse!",medium
"There’s a broken and massive shooting in the parking lot, quickly causing a huge mess!",medium
"A passenger see a uncontrolled earthquake in the hospital, quickly with no one helping!",medium
"A group of people see a severe crash on the parking lot, frantically right now!",emergency
"A passenger found a severe shooting in the store, loudly with no one helping!",emergency
"A child hear a sudden explosion on the store, urgently right now!",high
"A firefighter hear a intense drowning in the shopping mall, violently that’s blocking traffic!",low
"A cat hear a dangerous leak in the factory, rapidly and it’s getting worse!",high
"There’s a missing and massive medical emergency at the park, urgently in the middle of the night!",high
"There’s a abandoned and loud earthquake at the parking lot, suddenly and it’s getting worse!",medium
"There’s a bleeding and rapid flood in the shopping mall, dangerously in the middle of the night!",medium
"My neighbor found a intense power outage in the store, frantically with no one helping!",low
"There’s a burning and strange medical emergency on the office building, dangerously and it’s getting worse!",medium
"There’s a abandoned and loud fight on the subway, unexpectedly and it’s getting worse!",high
"There’s a vandalized and terrifying power outage at the stadium, frantically right now!",medium
"A firefighter hear a strange assault at the park, rapidly with no one helping!",low
"There’s a missing and horrible gas leak at the office building, quickly that’s blocking traffic!",severe
"There’s a vandalized and massive robbery on the hospital, suddenly that’s blocking traffic!",low
"There’s a suffocating and rapid roadblock on the alley, violently in the middle of the night!",high
"There’s a stuck and strange assault in the construction site, violently right now!",low
"There’s a lost and sudden leak in the hospital, violently causing a huge mess!",medium
"A driver found a chaotic gas leak in the highway, suddenly right now!",low
"There’s a broken and massive crash at the school, loudly and it’s getting worse!",immediate
"There’s a hijacked and unexpected fight on the tunnel, rapidly causing a huge mess!",alert
"A child hear a loud roadblock on the street, suddenly with no one helping!",low
"There’s a suffocating and intense riot at the alley, rapidly that’s blocking traffic!",medium
"There’s a malfunctioning and terrifying fire in the beach, rapidly with no one helping!",critical
"There’s a abandoned and strange shooting on the beach, dangerously in the middle of the night!",low
"I see a sudden gas leak in the stadium, urgently right now!",immediate
"A police officer see a unexpected shooting at the park, violently and people are panicking!",immediate
"A kid found a massive landslide on the park, violently that’s blocking traffic!",immediate
"There’s a suffocating and uncontrolled explosion in the stadium, unexpectedly near my house!",low
"There’s a vandalized and massive shooting at the park, rapidly causing a huge mess!",life-threatening
"There’s a suffocating and dangerous explosion in the highway, unexpectedly that’s blocking traffic!",immediate
"There’s a broken and massive vandalism in the park, violently causing a huge mess!",emergency
"My neighbor see a uncontrolled drowning on the office building, rapidly right now!",high
"A driver hear a horrible explosion at the school, suddenly and people are panicking!",high
"A stranger hear a uncontrolled flood at the bridge, quickly that’s blocking traffic!",low
"A group of people hear a terrifying drowning in the park, dangerously near my house!",low
"There’s a suffocating and severe crash in the construction site, unexpectedly near my house!",alert
"My neighbor found a sudden riot in the tunnel, dangerously that’s blocking traffic!",low
"A woman hear a severe drowning in the office building, loudly causing a huge mess!",alert
"A passenger hear a loud gas leak at the alley, dangerously and it’s getting worse!",life-threatening
"A shopkeeper see a terrifying leak on the factory, suddenly and people are panicking!",high
"A child found a rapid robbery at the store, dangerously that’s blocking traffic!",alert
"A shopkeeper found a sudden power outage on the shopping mall, loudly with no one helping!",medium
"A stranger see a rapid power outage at the parking lot, quickly in the middle of the night!",critical
"A student see a massive landslide on the hospital, urgently that’s blocking traffic!",low
"A firefighter see a loud explosion on the beach, urgently and it’s getting worse!",high
"A police officer hear a unexpected flood at the tunnel, dangerously near my house!",high
"A student found a rapid shooting in the factory, dangerously with no one helping!",high
"A dog hear a dangerous fire in the alley, rapidly in the middle of the night!",emergency
"A cat see a uncontrolled assault in the school, unexpectedly right now!",high
"I hear a chaotic riot in the stadium, dangerously and it’s getting worse!",critical
"A passenger see a horrible fight in the highway, rapidly in the middle of the night!",critical
"There’s a broken and severe roadblock on the hospital, urgently right now!",medium
"There’s a vandalized and terrifying shooting in the tunnel, dangerously and people are panicking!",medium
"There’s a broken and loud assault in the subway, dangerously with no one helping!",immediate
"A student found a chaotic flood at the park, suddenly right now!",medium
"A firefighter see a horrible shooting in the apartment, suddenly near my house!",life-threatening
"Someone hear a terrifying medical emergency in the hospital, loudly causing a huge mess!",medium
"A police officer found a intense vandalism on the shopping mall, dangerously and people are panicking!",high
"A student see a severe shooting at the office building, unexpectedly that’s blocking traffic!",severe
"There’s a suffocating and rapid assault in the bridge, suddenly in the middle of the night!",medium
"An old man hear a unexpected fire in the stadium, unexpectedly and people are panicking!",medium
"A woman hear a severe flood at the store, quickly in the middle of the night!",medium
"There’s a freezing and horrible flood at the park, unexpectedly and it’s getting worse!",emergency
"A cat see a strange gas leak on the subway, rapidly causing a huge mess!",alert
"There’s a unstable and terrifying riot on the tunnel, quickly with no one helping!",low
"A dog found a terrifying riot on the stadium, urgently right now!",high
"A shopkeeper see a severe roadblock on the park, rapidly in the middle of the night!",medium
"There’s a unconscious and chaotic scream on the subway, violently that’s blocking traffic!",high
"There’s a lost and loud gas leak in the highway, dangerously right now!",high
"A driver hear a unexpected shooting at the office building, dangerously and it’s getting worse!",high
"There’s a unconscious and horrible roadblock at the subway, violently causing a huge mess!",emergency
"There’s a suffocating and uncontrolled robbery at the street, unexpectedly that’s blocking traffic!",high
"A group of people see a intense crash at the highway, unexpectedly near my house!",medium
"There’s a lost and intense fight on the beach, dangerously with no one helping!",medium
"A cyclist found a terrifying earthquake on the school, frantically and it’s getting worse!",emergency
"My neighbor see a horrible flood in the office building, quickly with no one helping!",alert
"A student found a uncontrolled medical emergency in the park, suddenly in the middle of the night!",immediate
"There’s a hurt and horrible vandalism in the hospital, violently that’s blocking traffic!",high
"A dog found a loud scream at the parking lot, quickly near my house!",high
"There’s a hijacked and terrifying leak at the hospital, rapidly and it’s getting worse!",high
"There’s a unstable and terrifying vandalism on the apartment, quickly and it’s getting worse!",medium
"A cat see a terrifying scream on the highway, violently that’s blocking traffic!",high
"There’s a collapsing and terrifying medical emergency on the house, violently and it’s getting worse!",medium
"A cat found a terrifying power outage at the street, rapidly in the middle of the night!",medium
"Someone found a terrifying fire on the beach, loudly near my house!",alert
"There’s a trapped and horrible drowning in the stadium, suddenly near my house!",critical
"I hear a chaotic vandalism in the construction site, violently and it’s getting worse!",high
"There’s a bleeding and massive fire at the factory, rapidly in the middle of the night!",medium
"A firefighter hear a severe power outage on the bridge, rapidly that’s blocking traffic!",immediate
"A stranger found a rapid explosion at the highway, quickly that’s blocking traffic!",critical
"There’s a missing and horrible flood in the highway, dangerously that’s blocking traffic!",medium
"There’s a stuck and terrifying fire at the highway, suddenly in the middle of the night!",critical
"My neighbor see a unexpected roadblock in the office building, dangerously that’s blocking traffic!",alert
"There’s a abandoned and uncontrolled roadblock on the construction site, frantically near my house!",medium
"A child see a intense power outage in the highway, quickly right now!",immediate
"A child hear a uncontrolled fire at the subway, violently right now!",medium
"A police officer see a chaotic shooting on the factory, quickly with no one helping!",high
"Someone hear a severe landslide in the parking lot, urgently with no one helping!",high
"There’s a suffocating and strange fight in the beach, urgently and it’s getting worse!",medium
"A cat see a terrifying gas leak in the factory, suddenly near my house!",medium
"I found a horrible assault in the office building, frantically right now!",life-threatening
"There’s a trapped and terrifying vandalism on the office building, quickly and it’s getting worse!",emergency
"A driver hear a chaotic explosion at the office building, loudly and it’s getting worse!",medium
"There’s a stuck and horrible medical emergency at the bridge, violently near my house!",medium
"There’s a drowning and rapid fire on the alley, loudly and people are panicking!",medium
"A firefighter hear a severe leak in the factory, urgently with no one helping!",emergency
"There’s a trapped and chaotic earthquake at the construction site, loudly that’s blocking traffic!",high
"A child see a horrible assault in the street, unexpectedly causing a huge mess!",low
"Someone found a dangerous riot on the house, suddenly near my house!",medium
"A cyclist hear a massive power outage in the factory, violently in the middle of the night!",life-threatening
"There’s a hijacked and dangerous roadblock on the parking lot, loudly and it’s getting worse!",medium
"A cyclist found a intense crash at the beach, loudly near my house!",low
"There’s a abandoned and loud fight on the apartment, suddenly causing a huge mess!",medium
"A firefighter found a massive assault on the factory, unexpectedly causing a huge mess!",low
"There’s a lost and loud crash at the shopping mall, dangerously with no one helping!",medium
"A firefighter see a terrifying gas leak at the subway, dangerously in the middle of the night!",severe
"A woman found a loud robbery at the park, loudly and people are panicking!",emergency
"A kid hear a terrifying fight on the store, suddenly that’s blocking traffic!",immediate
"A child hear a severe earthquake in the office building, suddenly with no one helping!",severe
"An old man see a massive scream in the park, dangerously causing a huge mess!",alert
"There’s a hurt and sudden crash on the highway, violently with no one helping!",medium
"A cat see a chaotic crash at the subway, suddenly with no one helping!",critical
"A passenger hear a chaotic gas leak in the office building, dangerously with no one helping!",low
"There’s a bleeding and severe gas leak on the apartment, frantically right now!",high
"I see a severe vandalism at the school, unexpectedly in the middle of the night!",low
"A child hear a loud shooting on the factory, rapidly causing a huge mess!",immediate
"There’s a hijacked and dangerous landslide at the alley, loudly and it’s getting worse!",high
"A woman hear a loud power outage at the highway, frantically and people are panicking!",immediate
"There’s a malfunctioning and massive roadblock on the beach, dangerously right now!",medium
"There’s a hijacked and unexpected drowning in the school, frantically that’s blocking traffic!",high
"There’s a malfunctioning and terrifying shooting at the street, urgently and people are panicking!",low
"A child found a unexpected landslide on the house, urgently right now!",medium
"I see a horrible crash at the stadium, unexpectedly near my house!",high
"A kid found a chaotic flood in the store, dangerously and it’s getting worse!",immediate
"There’s a suffocating and severe drowning at the stadium, urgently right now!",low
"A kid see a uncontrolled drowning in the school, unexpectedly with no one helping!",alert
"There’s a suffocating and uncontrolled robbery at the subway, dangerously right now!",medium
"There’s a unconscious and loud drowning on the house, dangerously and people are panicking!",emergency
"A cat found a chaotic riot at the parking lot, loudly near my house!",critical
"A woman hear a chaotic assault at the parking lot, frantically with no one helping!",low
"A stranger see a rapid scream on the beach, frantically near my house!",emergency
"There’s a broken and rapid fire on the office building, quickly with no one helping!",medium
"There’s a abandoned and uncontrolled vandalism in the parking lot, frantically and people are panicking!",low
"There’s a suffocating and sudden earthquake in the factory, urgently that’s blocking traffic!",life-threatening
"There’s a burning and terrifying explosion on the subway, urgently near my house!",medium
"A passenger see a loud scream on the factory, rapidly with no one helping!",medium
"There’s a vandalized and chaotic gas leak in the park, frantically in the middle of the night!",medium
"I see a uncontrolled leak at the highway, urgently with no one helping!",medium
"There’s a hijacked and sudden scream at the store, quickly right now!",low
"There’s a vandalized and uncontrolled crash at the highway, urgently with no one helping!",critical
"My neighbor found a strange assault on the beach, unexpectedly in the middle of the night!",life-threatening
"A firefighter hear a rapid explosion at the apartment, rapidly with no one helping!",high
"There’s a stuck and chaotic medical emergency on the construction site, frantically and it’s getting worse!",low
"There’s a freezing and chaotic leak at the shopping mall, rapidly near my house!",high
"There’s a abandoned and sudden scream on the alley, unexpectedly and it’s getting worse!",critical
"A group of people see a uncontrolled leak in the store, frantically that’s blocking traffic!",immediate
"There’s a drowning and horrible earthquake in the apartment, suddenly in the middle of the night!",severe
"A kid found a uncontrolled crash in the tunnel, dangerously causing a huge mess!",immediate
"There’s a lost and sudden vandalism at the tunnel, unexpectedly and it’s getting worse!",immediate
"There’s a unstable and unexpected power outage in the park, violently near my house!",low
"A stranger hear a horrible medical emergency in the construction site, unexpectedly right now!",immediate
"There’s a abandoned and intense power outage at the parking lot, urgently in the middle of the night!",severe
"There’s a malfunctioning and dangerous scream in the shopping mall, quickly with no one helping!",low
"There’s a burning and rapid medical emergency in the shopping mall, dangerously and people are panicking!",emergency
"There’s a broken and sudden crash in the apartment, suddenly that’s blocking traffic!",low
"A stranger found a intense robbery in the shopping mall, frantically near my house!",high
"There’s a bleeding and terrifying fire in the shopping mall, unexpectedly causing a huge mess!",medium
"A firefighter see a terrifying crash at the hospital, unexpectedly right now!",life-threatening
"There’s a freezing and strange landslide on the bridge, rapidly in the middle of the night!",critical
"A child see a strange roadblock at the alley, rapidly with no one helping!",high
"There’s a burning and loud roadblock on the shopping mall, dangerously that’s blocking traffic!",critical
"There’s a lost and strange scream on the park, loudly with no one helping!",high
"An old man see a loud vandalism at the house, quickly in the middle of the night!",low
"There’s a trapped and terrifying explosion at the apartment, loudly that’s blocking traffic!",critical
"There’s a collapsing and horrible drowning in the park, frantically right now!",medium
"A cat found a uncontrolled earthquake in the park, violently with no one helping!",high
"A cyclist see a loud shooting on the house, quickly right now!",immediate
"There’s a unstable and sudden flood on the hospital, quickly causing a huge mess!",critical
"A cat see a severe drowning in the shopping mall, unexpectedly near my house!",low
"There’s a trapped and rapid explosion on the parking lot, loudly in the middle of the night!",critical
"There’s a drowning and strange fight in the apartment, urgently right now!",immediate
"There’s a missing and unexpected crash at the construction site, quickly with no one helping!",high
"There’s a stuck and strange riot on the school, suddenly right now!",alert
"There’s a drowning and rapid robbery on the tunnel, unexpectedly and people are panicking!",high
"There’s a vandalized and unexpected drowning on the parking lot, dangerously in the middle of the night!",low
"A driver see a chaotic fire in the alley, dangerously causing a huge mess!",life-threatening
"There’s a lost and severe drowning in the bridge, unexpectedly near my house!",critical
"My neighbor hear a rapid assault on the house, unexpectedly and it’s getting worse!",high
"There’s a stuck and sudden leak at the factory, suddenly that’s blocking traffic!",alert
"There’s a burning and loud power outage at the school, suddenly near my house!",immediate
"There’s a collapsing and chaotic roadblock at the subway, suddenly right now!",critical
"There’s a unstable and rapid explosion on the hospital, violently with no one helping!",high
"A child see a strange vandalism at the shopping mall, urgently and it’s getting worse!",low
"I see a rapid robbery on the beach, dangerously near my house!",medium
"There’s a drowning and dangerous fight on the store, unexpectedly near my house!",emergency
"There’s a unconscious and massive landslide at the park, urgently that’s blocking traffic!",medium
"There’s a abandoned and strange drowning on the park, quickly near my house!",low
"There’s a unconscious and chaotic riot at the house, unexpectedly right now!",high
"A passenger see a sudden fire on the school, unexpectedly and it’s getting worse!",medium
"There’s a freezing and massive drowning in the parking lot, urgently that’s blocking traffic!",emergency
"There’s a freezing and uncontrolled gas leak in the school, quickly right now!",medium
"There’s a freezing and sudden vandalism in the store, urgently right now!",medium
"There’s a lost and terrifying roadblock on the stadium, unexpectedly right now!",medium
"There’s a burning and unexpected drowning in the house, loudly and it’s getting worse!",medium
"There’s a missing and chaotic robbery on the parking lot, urgently and people are panicking!",medium
"There’s a broken and chaotic assault at the factory, frantically that’s blocking traffic!",low
"There’s a unstable and strange assault on the bridge, unexpectedly that’s blocking traffic!",immediate
"A passenger found a strange power outage on the hospital, dangerously right now!",emergency
"There’s a abandoned and terrifying robbery at the apartment, rapidly and people are panicking!",immediate
"A child see a massive assault on the office building, quickly near my house!",medium
"There’s a bleeding and massive gas leak at the house, unexpectedly causing a huge mess!",medium
"My neighbor see a loud power outage at the alley, quickly and it’s getting worse!",critical
"There’s a broken and loud scream on the beach, unexpectedly and it’s getting worse!",low
"A firefighter see a dangerous landslide in the beach, rapidly and people are panicking!",severe
"An old man hear a massive fire in the tunnel, dangerously with no one helping!",emergency
"There’s a suffocating and sudden scream at the street, quickly in the middle of the night!",medium
"There’s a broken and sudden shooting in the alley, loudly that’s blocking traffic!",emergency
"There’s a unconscious and dangerous power outage at the park, frantically right now!",emergency
"A shopkeeper found a unexpected robbery at the bridge, violently with no one helping!",critical
"A woman hear a chaotic riot in the factory, suddenly that’s blocking traffic!",medium
"There’s a hijacked and rapid landslide in the construction site, violently in the middle of the night!",high
"There’s a missing and unexpected vandalism in the school, frantically and it’s getting worse!",medium
"There’s a broken and severe shooting in the highway, frantically that’s blocking traffic!",medium
"An old man found a sudden flood on the subway, violently near my house!",medium
"There’s a malfunctioning and strange robbery at the bridge, suddenly causing a huge mess!",high
"My neighbor found a terrifying roadblock on the bridge, suddenly in the middle of the night!",high
"There’s a vandalized and uncontrolled fire on the subway, suddenly with no one helping!",medium
"There’s a suffocating and terrifying riot on the beach, quickly near my house!",low
"There’s a burning and dangerous roadblock on the factory, dangerously with no one helping!",high
"There’s a stuck and massive riot at the parking lot, dangerously in the middle of the night!",medium
"There’s a missing and horrible drowning at the house, loudly causing a huge mess!",high
"There’s a abandoned and rapid roadblock on the park, dangerously with no one helping!",low
"A kid see a uncontrolled leak on the alley, quickly right now!",high
"A group of people hear a strange earthquake on the highway, dangerously with no one helping!",medium
"A driver see a sudden flood in the street, unexpectedly with no one helping!",medium
"A dog hear a loud assault in the house, unexpectedly in the middle of the night!",medium
"A woman hear a severe explosion on the alley, rapidly and it’s getting worse!",emergency
"A stranger hear a strange crash at the school, dangerously that’s blocking traffic!",high
"There’s a abandoned and massive assault at the tunnel, frantically and people are panicking!",high
"A kid found a intense shooting in the highway, suddenly right now!",medium
"There’s a missing and uncontrolled fight on the hospital, urgently and people are panicking!",low
"There’s a freezing and strange earthquake on the tunnel, suddenly near my house!",low
"There’s a freezing and terrifying shooting in the shopping mall, loudly right now!",immediate
"A woman hear a sudden landslide at the house, urgently and people are panicking!",immediate
"A firefighter hear a horrible flood at the beach, suddenly that’s blocking traffic!",critical
"There’s a hijacked and massive shooting in the house, dangerously and it’s getting worse!",low
"There’s a hurt and chaotic flood on the beach, rapidly right now!",medium
"A group of people hear a rapid medical emergency at the alley, unexpectedly that’s blocking traffic!",high
"There’s a malfunctioning and uncontrolled leak on the beach, unexpectedly in the middle of the night!",life-threatening
"There’s a bleeding and strange flood on the hospital, violently in the middle of the night!",high
"A stranger found a intense riot at the hospital, unexpectedly causing a huge mess!",severe
"There’s a missing and uncontrolled drowning in the street, suddenly right now!",low
"A cyclist hear a strange crash in the house, frantically near my house!",medium
"There’s a drowning and rapid leak on the office building, frantically with no one helping!",medium
"There’s a drowning and severe assault on the construction site, loudly with no one helping!",high
"There’s a collapsing and intense medical emergency in the school, dangerously and people are panicking!",high
"A driver see a unexpected drowning on the office building, unexpectedly right now!",emergency
"There’s a suffocating and severe power outage in the house, frantically and people are panicking!",critical
"There’s a unstable and strange landslide at the office building, quickly that’s blocking traffic!",high
"A firefighter found a severe drowning at the parking lot, frantically causing a huge mess!",low
"There’s a burning and uncontrolled shooting on the alley, frantically and it’s getting worse!",high
"There’s a unconscious and chaotic crash at the shopping mall, quickly in the middle of the night!",high
"A cyclist hear a loud power outage at the alley, rapidly with no one helping!",high
"There’s a missing and severe fire on the factory, frantically right now!",immediate
"I see a dangerous vandalism in the alley, dangerously right now!",low
"A kid found a terrifying explosion at the apartment, dangerously that’s blocking traffic!",medium
"There’s a burning and uncontrolled assault at the beach, suddenly that’s blocking traffic!",high
"An old man hear a unexpected crash in the construction site, frantically and people are panicking!",medium
"A police officer see a chaotic gas leak in the office building, suddenly and it’s getting worse!",severe
"There’s a missing and dangerous gas leak on the subway, quickly and it’s getting worse!",medium
"There’s a broken and massive shooting at the alley, suddenly in the middle of the night!",medium
"There’s a vandalized and rapid landslide on the house, unexpectedly that’s blocking traffic!",medium
"A student hear a dangerous riot on the subway, unexpectedly that’s blocking traffic!",low
"There’s a malfunctioning and intense fire on the construction site, unexpectedly and people are panicking!",medium
"There’s a abandoned and rapid landslide on the parking lot, violently that’s blocking traffic!",immediate
"A group of people hear a intense earthquake on the school, loudly near my house!",critical
"A cyclist see a massive fire on the highway, rapidly and it’s getting worse!",medium
"There’s a stuck and chaotic explosion on the alley, loudly and people are panicking!",low
"There’s a unstable and intense drowning in the construction site, loudly causing a huge mess!",critical
"A cyclist found a unexpected assault on the stadium, rapidly causing a huge mess!",medium
"A kid see a loud flood at the tunnel, dangerously causing a huge mess!",emergency
"A woman hear a massive vandalism in the subway, loudly with no one helping!",low
"A dog hear a rapid roadblock in the house, frantically in the middle of the night!",immediate
"A police officer found a strange drowning in the store, rapidly in the middle of the night!",medium
"A dog hear a rapid fire at the apartment, suddenly with no one helping!",life-threatening
"A cyclist hear a strange explosion on the hospital, urgently near my house!",medium
"There’s a suffocating and intense scream on the bridge, suddenly with no one helping!",emergency
"A cyclist hear a severe drowning on the factory, rapidly near my house!",high
"My neighbor found a dangerous flood in the alley, rapidly with no one helping!",medium
"There’s a unstable and unexpected power outage on the store, rapidly causing a huge mess!",medium
"There’s a malfunctioning and horrible earthquake in the highway, frantically that’s blocking traffic!",low
"There’s a hijacked and chaotic riot on the stadium, quickly near my house!",medium
"There’s a hijacked and uncontrolled crash at the beach, dangerously near my house!",high
"A cat see a unexpected drowning at the house, urgently causing a huge mess!",medium
"There’s a lost and chaotic leak in the apartment, loudly that’s blocking traffic!",medium
"There’s a vandalized and chaotic landslide on the school, dangerously near my house!",critical
"A dog found a intense crash in the parking lot, dangerously causing a huge mess!",immediate
"There’s a broken and severe medical emergency in the bridge, dangerously that’s blocking traffic!",medium
"An old man hear a horrible roadblock at the alley, frantically right now!",low
"A kid found a rapid landslide in the alley, urgently and it’s getting worse!",low
"There’s a hurt and dangerous robbery on the office building, urgently and it’s getting worse!",high
"There’s a bleeding and terrifying drowning in the alley, frantically and it’s getting worse!",low
"There’s a broken and rapid landslide in the street, dangerously and it’s getting worse!",medium
"There’s a unstable and terrifying flood at the parking lot, unexpectedly and it’s getting worse!",low
"There’s a stuck and uncontrolled power outage at the shopping mall, loudly causing a huge mess!",emergency
"Someone see a terrifying fire on the beach, dangerously causing a huge mess!",low
"A firefighter hear a uncontrolled shooting on the hospital, rapidly right now!",medium
"There’s a missing and terrifying gas leak on the park, rapidly and it’s getting worse!",medium
"There’s a hijacked and horrible scream on the office building, frantically near my house!",low
"A police officer found a strange shooting at the beach, unexpectedly near my house!",severe
"There’s a suffocating and rapid flood at the office building, dangerously with no one helping!",high
"A kid found a strange riot on the highway, urgently with no one helping!",immediate
"A cat hear a terrifying explosion at the school, unexpectedly and people are panicking!",medium
"A cat see a severe power outage in the park, loudly right now!",critical
"There’s a abandoned and chaotic assault on the parking lot, frantically in the middle of the night!",emergency
"A woman found a strange assault in the highway, rapidly that’s blocking traffic!",medium
"There’s a suffocating and severe earthquake at the bridge, urgently and people are panicking!",medium
"A stranger found a uncontrolled fire in the office building, dangerously in the middle of the night!",low
"A dog found a unexpected fight on the shopping mall, dangerously with no one helping!",critical
"My neighbor hear a strange scream on the school, suddenly causing a huge mess!",medium
"A shopkeeper hear a horrible explosion at the tunnel, unexpectedly that’s blocking traffic!",medium
"A cyclist hear a dangerous riot at the office building, loudly right now!",low
"A passenger hear a terrifying riot at the hospital, unexpectedly right now!",life-threatening
"There’s a hurt and intense assault at the subway, urgently near my house!",severe
"There’s a unstable and rapid leak on the highway, unexpectedly that’s blocking traffic!",medium
"A shopkeeper see a sudden landslide on the stadium, frantically with no one helping!",emergency
"A driver see a chaotic roadblock at the beach, loudly and people are panicking!",high
"A police officer hear a severe riot on the factory, quickly and it’s getting worse!",high
"There’s a bleeding and uncontrolled gas leak at the house, dangerously and people are panicking!",medium
"There’s a freezing and horrible earthquake in the highway, violently with no one helping!",severe
"A police officer see a rapid riot in the school, dangerously near my house!",low
"A driver found a intense drowning in the shopping mall, dangerously that’s blocking traffic!",low
"A cat hear a uncontrolled assault at the school, loudly that’s blocking traffic!",medium
"There’s a freezing and horrible power outage in the street, rapidly right now!",high
"A child see a rapid medical emergency on the alley, rapidly right now!",medium
"A cat hear a strange assault on the factory, quickly and people are panicking!",alert
"A shopkeeper found a terrifying earthquake at the store, frantically causing a huge mess!",high
"There’s a missing and loud assault on the beach, frantically in the middle of the night!",medium
"There’s a abandoned and dangerous landslide at the hospital, violently causing a huge mess!",immediate
"A firefighter found a massive fight at the parking lot, frantically with no one helping!",immediate
"A driver hear a dangerous explosion in the subway, quickly and people are panicking!",high
"A passenger found a chaotic fight at the shopping mall, violently that’s blocking traffic!",low
"There’s a malfunctioning and severe leak on the subway, suddenly with no one helping!",low
"A cyclist hear a strange robbery at the office building, frantically near my house!",life-threatening
"There’s a trapped and dangerous fight in the subway, rapidly and it’s getting worse!",medium
"An old man found a uncontrolled leak at the factory, unexpectedly that’s blocking traffic!",high
"There’s a abandoned and dangerous roadblock at the store, urgently causing a huge mess!",high
"A police officer see a loud power outage on the school, urgently near my house!",medium
"There’s a collapsing and sudden explosion at the house, suddenly with no one helping!",emergency
"A shopkeeper hear a uncontrolled drowning at the park, urgently causing a huge mess!",low
"Someone found a unexpected medical emergency on the parking lot, urgently in the middle of the night!",low
"There’s a malfunctioning and intense robbery in the street, unexpectedly causing a huge mess!",low
"A woman found a sudden assault on the bridge, urgently and it’s getting worse!",life-threatening
"There’s a malfunctioning and horrible fight in the office building, urgently near my house!",critical
"There’s a lost and unexpected explosion in the bridge, urgently that’s blocking traffic!",low
"There’s a freezing and sudden explosion on the stadium, violently near my house!",life-threatening
"A firefighter hear a sudden drowning in the bridge, dangerously right now!",low
"There’s a unstable and unexpected flood on the street, quickly near my house!",medium
"A driver found a strange fight in the store, suddenly with no one helping!",medium
"A shopkeeper hear a intense earthquake on the street, frantically near my house!",life-threatening
"There’s a abandoned and rapid robbery at the apartment, suddenly in the middle of the night!",low
"A stranger hear a rapid gas leak at the construction site, dangerously near my house!",medium
"A woman found a horrible medical emergency on the park, violently near my house!",low
"There’s a missing and intense crash on the hospital, suddenly causing a huge mess!",high
"A child hear a dangerous assault at the store, quickly right now!",immediate
"There’s a bleeding and terrifying power outage on the hospital, loudly near my house!",low
"There’s a freezing and severe fight in the bridge, frantically in the middle of the night!",low
"A kid see a strange earthquake on the beach, urgently with no one helping!",high
"My neighbor see a chaotic fire on the tunnel, quickly causing a huge mess!",medium
"A shopkeeper hear a severe landslide in the house, quickly and it’s getting worse!",medium
"A cat hear a loud flood in the park, quickly and it’s getting worse!",low
"There’s a bleeding and dangerous medical emergency on the apartment, urgently right now!",severe
"There’s a lost and loud vandalism on the alley, violently right now!",low
"A child hear a massive vandalism in the apartment, loudly near my house!",emergency
"A cat found a horrible fight in the store, suddenly right now!",medium
"There’s a unconscious and terrifying power outage in the park, dangerously right now!",life-threatening
"I hear a loud earthquake in the alley, dangerously causing a huge mess!",high
"There’s a missing and unexpected vandalism on the street, suddenly near my house!",low
"An old man see a unexpected robbery on the shopping mall, violently that’s blocking traffic!",medium
"A child hear a horrible explosion on the apartment, loudly right now!",severe
"There’s a stuck and uncontrolled assault on the stadium, rapidly in the middle of the night!",medium
"There’s a unstable and uncontrolled explosion on the parking lot, quickly and people are panicking!",low
"There’s a hurt and chaotic drowning in the school, frantically and people are panicking!",low
"There’s a stuck and rapid roadblock at the school, rapidly near my house!",high
"There’s a unstable and intense landslide on the tunnel, violently and it’s getting worse!",critical
"A student see a severe shooting on the beach, loudly near my house!",high
"There’s a lost and severe medical emergency in the subway, loudly and it’s getting worse!",emergency
"A stranger hear a rapid drowning in the subway, urgently and it’s getting worse!",medium
"My neighbor see a uncontrolled roadblock on the house, unexpectedly that’s blocking traffic!",low
"A kid hear a chaotic roadblock at the beach, unexpectedly and people are panicking!",low
"A passenger hear a intense drowning in the tunnel, suddenly and people are panicking!",low
"A student found a horrible roadblock on the tunnel, dangerously with no one helping!",medium
"There’s a burning and massive assault on the subway, dangerously with no one helping!",low
"A firefighter found a terrifying riot at the alley, violently near my house!",high
"A cat hear a strange riot at the house, violently causing a huge mess!",critical
"There’s a trapped and uncontrolled power outage in the school, quickly that’s blocking traffic!",medium
"A woman see a rapid power outage on the parking lot, urgently and it’s getting worse!",medium
"A firefighter found a rapid medical emergency on the shopping mall, urgently that’s blocking traffic!",low
"A cat see a dangerous earthquake on the highway, suddenly near my house!",low
"There’s a stuck and sudden scream on the bridge, suddenly near my house!",medium
"There’s a malfunctioning and massive landslide at the construction site, loudly with no one helping!",low
"There’s a unstable and intense riot in the park, unexpectedly near my house!",medium
"A group of people see a loud leak in the highway, dangerously right now!",low
"A cat see a unexpected fire in the subway, frantically near my house!",life-threatening
"There’s a freezing and loud crash on the tunnel, suddenly near my house!",low
"There’s a trapped and chaotic gas leak in the beach, loudly and people are panicking!",medium
"There’s a malfunctioning and loud flood in the construction site, loudly and people are panicking!",high
"An old man hear a sudden riot in the store, suddenly and it’s getting worse!",high
"A stranger found a massive landslide at the beach, quickly causing a huge mess!",alert
"Someone found a terrifying robbery at the parking lot, violently right now!",medium
"A passenger see a loud roadblock at the apartment, frantically and people are panicking!",life-threatening
"There’s a vandalized and loud crash in the alley, rapidly in the middle of the night!",medium
"There’s a burning and loud medical emergency in the street, loudly and people are panicking!",low
"There’s a hurt and chaotic crash in the tunnel, loudly right now!",high
"My neighbor see a unexpected gas leak on the factory, frantically with no one helping!",medium
"Someone found a dangerous shooting at the house, rapidly that’s blocking traffic!",life-threatening
"There’s a freezing and intense power outage on the school, urgently causing a huge mess!",immediate
"There’s a stuck and intense leak in the bridge, unexpectedly in the middle of the night!",low
"A passenger hear a unexpected crash in the school, rapidly right now!",medium
"There’s a suffocating and chaotic earthquake in the house, dangerously near my house!",low
"There’s a freezing and uncontrolled landslide on the office building, suddenly near my house!",severe
"A woman found a strange roadblock on the highway, frantically causing a huge mess!",low
"A driver found a rapid fight on the street, rapidly that’s blocking traffic!",low
"A kid see a severe explosion in the school, dangerously in the middle of the night!",high
"Someone found a unexpected scream in the subway, loudly that’s blocking traffic!",severe
"There’s a burning and unexpected scream at the street, frantically that’s blocking traffic!",life-threatening
"There’s a lost and horrible scream at the construction site, suddenly that’s blocking traffic!",immediate
"There’s a unconscious and chaotic earthquake at the school, unexpectedly that’s blocking traffic!",medium
"A driver hear a uncontrolled roadblock on the school, quickly that’s blocking traffic!",medium
"A cyclist hear a unexpected scream in the shopping mall, rapidly near my house!",medium
"A passenger see a uncontrolled riot in the park, rapidly with no one helping!",high
"There’s a hurt and massive scream on the bridge, quickly in the middle of the night!",medium
"A dog see a rapid fire on the alley, urgently in the middle of the night!",high
"There’s a suffocating and rapid flood at the alley, rapidly and it’s getting worse!",medium
"There’s a unconscious and unexpected leak in the hospital, unexpectedly right now!",medium
"A police officer found a strange riot at the store, violently and it’s getting worse!",alert
"There’s a suffocating and sudden shooting on the store, violently causing a huge mess!",low
"There’s a bleeding and horrible drowning at the factory, suddenly that’s blocking traffic!",medium
"I found a massive flood on the office building, frantically with no one helping!",emergency
"There’s a unconscious and unexpected medical emergency at the factory, suddenly in the middle of the night!",low
"A cat see a dangerous riot in the parking lot, rapidly near my house!",low
"There’s a missing and sudden gas leak at the street, loudly and it’s getting worse!",low
"There’s a trapped and terrifying landslide in the factory, quickly right now!",low
"A dog hear a dangerous assault on the street, urgently with no one helping!",low
"A group of people see a intense shooting at the tunnel, dangerously with no one helping!",critical
"There’s a vandalized and loud flood on the tunnel, dangerously and it’s getting worse!",medium
"A student hear a terrifying leak at the subway, violently in the middle of the night!",life-threatening
"A group of people found a horrible shooting at the bridge, rapidly causing a huge mess!",medium
"A cat see a dangerous fire in the store, rapidly in the middle of the night!",low
"There’s a missing and terrifying earthquake at the store, quickly in the middle of the night!",low
"A firefighter found a unexpected earthquake on the office building, unexpectedly that’s blocking traffic!",emergency
"There’s a stuck and intense robbery at the street, urgently that’s blocking traffic!",high
"There’s a abandoned and unexpected drowning in the street, urgently and people are panicking!",severe
"There’s a malfunctioning and chaotic flood in the street, suddenly and it’s getting worse!",high
"There’s a malfunctioning and massive gas leak at the hospital, rapidly that’s blocking traffic!",medium
"A dog found a strange riot on the office building, suddenly in the middle of the night!",low
"There’s a vandalized and chaotic fight in the hospital, suddenly in the middle of the night!",immediate
"A shopkeeper see a rapid explosion at the hospital, suddenly and people are panicking!",low
"A police officer found a sudden earthquake at the tunnel, rapidly and people are panicking!",medium
"There’s a suffocating and dangerous vandalism on the apartment, frantically near my house!",medium
"There’s a missing and terrifying riot at the park, violently in the middle of the night!",emergency
"There’s a broken and terrifying robbery in the street, unexpectedly in the middle of the night!",life-threatening
"There’s a burning and uncontrolled shooting in the store, unexpectedly causing a huge mess!",high
"A group of people found a horrible fire in the construction site, quickly in the middle of the night!",low
"A police officer see a severe gas leak in the house, rapidly and it’s getting worse!",low
"A cyclist hear a massive assault in the apartment, suddenly with no one helping!",medium
"A cyclist found a unexpected fight on the beach, frantically right now!",high
"There’s a missing and massive earthquake at the parking lot, unexpectedly causing a huge mess!",emergency
"A driver hear a dangerous drowning at the school, urgently that’s blocking traffic!",immediate
"There’s a vandalized and sudden gas leak at the apartment, urgently and it’s getting worse!",medium
"A police officer see a chaotic roadblock at the tunnel, unexpectedly causing a huge mess!",critical
"There’s a broken and rapid crash on the highway, frantically and people are panicking!",high
"There’s a drowning and horrible riot on the park, rapidly causing a huge mess!",high
"There’s a hijacked and terrifying assault at the office building, quickly with no one helping!",low
"A stranger see a massive vandalism on the house, violently in the middle of the night!",life-threatening
"There’s a drowning and terrifying roadblock in the parking lot, unexpectedly near my house!",severe
"There’s a suffocating and severe assault in the apartment, violently causing a huge mess!",severe
"My neighbor found a loud scream in the construction site, loudly and it’s getting worse!",low
"An old man hear a strange scream on the construction site, suddenly that’s blocking traffic!",critical
"There’s a bleeding and terrifying flood in the school, quickly and people are panicking!",life-threatening
"A woman hear a rapid explosion on the house, rapidly with no one helping!",medium
"A firefighter found a sudden leak on the factory, violently right now!",immediate
"There’s a drowning and massive riot on the house, dangerously that’s blocking traffic!",low
"There’s a hijacked and massive power outage in the school, urgently and it’s getting worse!",emergency
"I see a horrible earthquake at the alley, quickly with no one helping!",medium
"A stranger hear a chaotic landslide in the beach, dangerously causing a huge mess!",low
"There’s a bleeding and rapid fight in the hospital, suddenly near my house!",low
"A woman hear a massive robbery in the parking lot, loudly in the middle of the night!",high
"There’s a trapped and severe assault in the parking lot, suddenly that’s blocking traffic!",high
"There’s a stuck and massive crash on the tunnel, frantically near my house!",low
"A passenger see a severe medical emergency at the factory, rapidly and it’s getting worse!",medium
"An old man see a uncontrolled shooting on the tunnel, violently causing a huge mess!",medium
"A child hear a severe shooting at the beach, unexpectedly right now!",medium
"There’s a unconscious and loud robbery at the street, loudly near my house!",high
"There’s a vandalized and uncontrolled crash on the hospital, loudly in the middle of the night!",alert
"A dog hear a intense leak in the construction site, violently near my house!",high
"There’s a missing and severe roadblock at the tunnel, dangerously and people are panicking!",medium
"There’s a collapsing and intense shooting on the factory, loudly and it’s getting worse!",medium
"There’s a freezing and intense roadblock on the beach, violently with no one helping!",medium
"An old man found a dangerous robbery on the hospital, loudly and it’s getting worse!",medium
"There’s a hijacked and loud landslide on the highway, unexpectedly in the middle of the night!",medium
"Someone see a uncontrolled landslide on the hospital, urgently right now!",life-threatening
"A police officer see a terrifying vandalism at the alley, frantically and it’s getting worse!",emergency
"A cat see a chaotic riot in the store, dangerously with no one helping!",high
"There’s a suffocating and sudden fire in the beach, urgently right now!",low
"A dog found a chaotic vandalism on the school, rapidly near my house!",low
"There’s a hurt and strange fire at the street, violently and people are panicking!",medium
"There’s a broken and rapid drowning at the school, rapidly right now!",medium
"A cyclist hear a severe robbery on the highway, rapidly in the middle of the night!",high
"There’s a drowning and unexpected power outage in the park, urgently right now!",high
"There’s a abandoned and dangerous power outage on the apartment, suddenly and people are panicking!",alert
"A stranger hear a loud leak in the highway, loudly in the middle of the night!",high
"There’s a hurt and horrible leak at the factory, frantically near my house!",medium
"There’s a burning and chaotic leak in the store, dangerously right now!",severe
"There’s a abandoned and massive fire on the office building, suddenly right now!",high
"There’s a bleeding and massive drowning on the street, frantically in the middle of the night!",emergency
"A kid found a dangerous assault in the factory, urgently and people are panicking!",low
"There’s a hijacked and rapid assault in the subway, rapidly and it’s getting worse!",high
"There’s a suffocating and sudden drowning on the tunnel, suddenly causing a huge mess!",medium
"A cat found a severe medical emergency in the school, urgently causing a huge mess!",emergency
"There’s a trapped and dangerous medical emergency in the street, quickly near my house!",high
"An old man found a rapid vandalism in the house, quickly in the middle of the night!",medium
"A child found a strange medical emergency on the street, urgently and people are panicking!",low
"There’s a freezing and terrifying explosion at the bridge, rapidly near my house!",medium
"Someone hear a dangerous landslide on the school, violently causing a huge mess!",critical
"A cyclist see a uncontrolled fight on the tunnel, unexpectedly causing a huge mess!",high
"A group of people found a sudden explosion on the school, dangerously near my house!",medium
"There’s a abandoned and chaotic shooting on the parking lot, urgently and it’s getting worse!",medium
"A group of people hear a unexpected fire at the factory, loudly with no one helping!",life-threatening
"Someone found a horrible gas leak in the parking lot, loudly and it’s getting worse!",medium
"There’s a hijacked and dangerous roadblock at the street, suddenly near my house!",medium
"An old man see a massive drowning in the shopping mall, violently in the middle of the night!",medium
"There’s a lost and chaotic fight in the subway, quickly and people are panicking!",critical
"Someone hear a chaotic medical emergency at the stadium, rapidly near my house!",medium
"A kid hear a rapid landslide on the shopping mall, violently and it’s getting worse!",critical
"A group of people hear a rapid robbery in the factory, loudly right now!",medium
"There’s a suffocating and severe crash on the alley, dangerously in the middle of the night!",medium
"A kid see a uncontrolled vandalism on the bridge, frantically with no one helping!",medium
"A stranger found a intense drowning on the store, violently near my house!",alert
"There’s a unstable and horrible vandalism on the store, quickly with no one helping!",medium
"A firefighter see a rapid riot on the construction site, dangerously in the middle of the night!",critical
"There’s a burning and terrifying drowning at the highway, violently with no one helping!",medium
"There’s a trapped and sudden earthquake on the construction site, frantically near my house!",low
"Someone found a sudden earthquake in the subway, rapidly causing a huge mess!",high
"A student see a intense drowning on the bridge, quickly causing a huge mess!",medium
"An old man found a uncontrolled leak in the hospital, loudly near my house!",medium
"A cyclist found a chaotic flood at the beach, quickly causing a huge mess!",emergency
"A group of people found a uncontrolled assault on the park, suddenly and it’s getting worse!",high
"A woman found a loud scream in the factory, violently near my house!",high
"A shopkeeper found a dangerous flood in the park, unexpectedly and it’s getting worse!",medium
"There’s a stuck and massive landslide in the stadium, quickly that’s blocking traffic!",low
"There’s a broken and horrible medical emergency at the parking lot, loudly and it’s getting worse!",medium
"A woman found a unexpected vandalism in the stadium, suddenly near my house!",emergency
"A dog see a massive power outage in the park, rapidly causing a huge mess!",high
"I see a horrible flood at the alley, quickly and people are panicking!",high
"A dog hear a horrible riot in the apartment, suddenly causing a huge mess!",emergency
"A police officer found a horrible fight at the apartment, frantically right now!",high
"There’s a hurt and sudden flood at the parking lot, urgently and people are panicking!",low
"A shopkeeper found a uncontrolled shooting in the factory, dangerously that’s blocking traffic!",life-threatening
"A cyclist see a horrible landslide at the office building, frantically that’s blocking traffic!",critical
"There’s a suffocating and massive explosion at the alley, frantically causing a huge mess!",medium
"A driver hear a chaotic assault at the school, loudly causing a huge mess!",medium
"A firefighter see a dangerous vandalism on the street, suddenly that’s blocking traffic!",low
"A firefighter see a rapid assault on the store, rapidly and it’s getting worse!",high
"There’s a stuck and terrifying explosion in the stadium, dangerously right now!",medium
"A cyclist see a intense medical emergency at the street, frantically and people are panicking!",high
"There’s a trapped and severe fire in the subway, dangerously and people are panicking!",high
"A child found a horrible robbery in the house, rapidly that’s blocking traffic!",high
"There’s a hurt and massive drowning on the street, suddenly and people are panicking!",high
"There’s a burning and severe assault on the alley, unexpectedly with no one helping!",severe
"There’s a suffocating and massive crash at the subway, urgently right now!",emergency
"There’s a hijacked and massive scream in the park, quickly in the middle of the night!",low
"There’s a drowning and dangerous drowning at the parking lot, suddenly in the middle of the night!",alert
"A stranger found a unexpected power outage at the apartment, rapidly with no one helping!",medium
"There’s a abandoned and sudden robbery in the subway, violently near my house!",immediate
"There’s a abandoned and sudden drowning in the subway, unexpectedly that’s blocking traffic!",low
"There’s a freezing and rapid roadblock in the apartment, unexpectedly in the middle of the night!",medium
"There’s a trapped and intense gas leak on the parking lot, frantically right now!",immediate
"There’s a malfunctioning and intense fire at the construction site, violently and people are panicking!",high
"There’s a unstable and uncontrolled crash on the subway, violently causing a huge mess!",low
"There’s a unconscious and dangerous scream on the subway, rapidly and it’s getting worse!",high
"A dog hear a intense riot in the school, quickly that’s blocking traffic!",high
"A dog found a massive vandalism at the stadium, frantically and it’s getting worse!",high
"An old man hear a severe fight at the hospital, quickly causing a huge mess!",low
"A shopkeeper see a massive fire in the apartment, unexpectedly that’s blocking traffic!",medium
"There’s a unstable and uncontrolled shooting in the store, urgently and it’s getting worse!",medium
"There’s a hurt and unexpected fight on the beach, quickly with no one helping!",low
"My neighbor found a chaotic roadblock in the tunnel, dangerously in the middle of the night!",emergency
"There’s a abandoned and massive scream in the alley, violently and people are panicking!",high
"There’s a stuck and dangerous roadblock on the park, dangerously with no one helping!",alert
"There’s a lost and sudden assault at the parking lot, suddenly causing a huge mess!",low
"A shopkeeper see a intense medical emergency at the stadium, loudly and people are panicking!",low
"There’s a trapped and massive gas leak on the park, quickly with no one helping!",life-threatening
"There’s a bleeding and sudden flood on the bridge, suddenly and people are panicking!",low
"There’s a stuck and dangerous crash at the beach, rapidly and it’s getting worse!",high
"There’s a unconscious and dangerous gas leak at the store, violently in the middle of the night!",life-threatening
"A police officer found a intense gas leak in the construction site, violently that’s blocking traffic!",low
"A dog found a rapid scream at the park, quickly causing a huge mess!",medium
"A cyclist see a horrible vandalism on the highway, rapidly right now!",emergency
"There’s a hurt and rapid crash at the tunnel, unexpectedly right now!",high
"There’s a suffocating and unexpected landslide at the subway, frantically causing a huge mess!",severe
"There’s a malfunctioning and rapid drowning at the stadium, urgently with no one helping!",medium
"There’s a suffocating and massive gas leak in the school, frantically that’s blocking traffic!",medium
"There’s a bleeding and loud drowning on the factory, suddenly near my house!",immediate
"There’s a unstable and strange gas leak at the house, loudly near my house!",high
"A cat see a massive medical emergency in the park, dangerously right now!",emergency
"I see a loud robbery at the tunnel, frantically that’s blocking traffic!",high
"There’s a unconscious and severe shooting in the school, rapidly right now!",medium
"There’s a bleeding and strange explosion at the school, urgently in the middle of the night!",high
"There’s a trapped and sudden fire on the hospital, urgently in the middle of the night!",immediate
"There’s a suffocating and strange leak in the alley, loudly in the middle of the night!",life-threatening
"A passenger see a dangerous vandalism on the parking lot, dangerously in the middle of the night!",low
"There’s a vandalized and loud fire in the highway, violently with no one helping!",low
"A cyclist see a loud riot on the beach, rapidly near my house!",immediate
"There’s a hurt and horrible leak on the parking lot, dangerously causing a huge mess!",low
"A woman see a unexpected power outage in the park, suddenly and people are panicking!",high
"A passenger found a loud roadblock in the highway, loudly that’s blocking traffic!",critical
"Someone hear a loud vandalism on the school, suddenly that’s blocking traffic!",medium
"A cat see a horrible gas leak in the school, frantically in the middle of the night!",medium
"A cyclist hear a strange fire at the subway, suddenly and it’s getting worse!",high
"There’s a broken and terrifying vandalism at the subway, urgently near my house!",medium
"A stranger see a dangerous assault on the shopping mall, quickly in the middle of the night!",low
"A passenger found a unexpected fight at the highway, dangerously right now!",medium
"There’s a burning and massive robbery at the beach, rapidly that’s blocking traffic!",high
"There’s a abandoned and strange flood at the factory, frantically and people are panicking!",low
"There’s a hurt and loud crash on the school, suddenly that’s blocking traffic!",high
"There’s a vandalized and sudden shooting in the park, quickly that’s blocking traffic!",medium
"There’s a trapped and dangerous medical emergency at the parking lot, violently in the middle of the night!",medium
"A group of people see a terrifying explosion in the office building, urgently causing a huge mess!",high
"A cyclist found a massive vandalism at the house, suddenly and people are panicking!",high
"There’s a freezing and rapid power outage in the tunnel, suddenly in the middle of the night!",low
"I found a massive robbery in the bridge, urgently causing a huge mess!",immediate
"A firefighter hear a unexpected power outage at the house, quickly and it’s getting worse!",high
"There’s a broken and massive gas leak on the stadium, dangerously causing a huge mess!",life-threatening
"There’s a suffocating and intense shooting at the house, rapidly causing a huge mess!",emergency
"A passenger see a sudden riot at the shopping mall, violently and people are panicking!",medium
"There’s a freezing and intense crash at the hospital, loudly causing a huge mess!",medium
"There’s a bleeding and uncontrolled gas leak in the subway, dangerously and it’s getting worse!",immediate
"A child hear a intense assault at the factory, rapidly right now!",alert
"There’s a hurt and strange earthquake in the parking lot, violently in the middle of the night!",critical
"There’s a missing and loud power outage on the highway, quickly that’s blocking traffic!",high
"There’s a collapsing and terrifying power outage on the factory, frantically with no one helping!",medium
"A child found a uncontrolled power outage on the park, urgently near my house!",critical
"A driver see a terrifying explosion on the tunnel, violently and it’s getting worse!",low
"There’s a burning and rapid fire in the store, dangerously in the middle of the night!",critical
"A passenger found a sudden vandalism on the bridge, violently that’s blocking traffic!",medium
"There’s a burning and loud flood on the bridge, unexpectedly that’s blocking traffic!",medium
"I hear a terrifying medical emergency on the park, rapidly causing a huge mess!",emergency
"A woman hear a dangerous leak on the park, violently and it’s getting worse!",low
"There’s a suffocating and loud fight in the house, urgently and it’s getting worse!",high
"Someone see a uncontrolled power outage at the tunnel, rapidly with no one helping!",high
"There’s a collapsing and horrible robbery at the park, suddenly near my house!",critical
"There’s a abandoned and strange fight on the apartment, dangerously and people are panicking!",severe
"There’s a vandalized and severe earthquake in the school, quickly with no one helping!",medium
"There’s a abandoned and massive drowning on the house, dangerously and people are panicking!",low
"There’s a collapsing and severe flood on the park, unexpectedly in the middle of the night!",high
"Someone found a sudden landslide on the apartment, dangerously right now!",high
"A cyclist hear a sudden drowning on the bridge, loudly in the middle of the night!",low
"A driver hear a horrible scream on the park, frantically and it’s getting worse!",emergency
"There’s a vandalized and uncontrolled gas leak at the hospital, rapidly and people are panicking!",low
"There’s a trapped and sudden riot on the alley, urgently in the middle of the night!",high
"There’s a missing and sudden drowning at the tunnel, urgently with no one helping!",medium
"There’s a vandalized and horrible vandalism on the highway, loudly and people are panicking!",medium
"A dog hear a chaotic roadblock at the bridge, unexpectedly and people are panicking!",medium
"A shopkeeper hear a massive scream in the store, rapidly that’s blocking traffic!",high
"There’s a unstable and severe flood at the apartment, rapidly causing a huge mess!",medium
"There’s a trapped and chaotic crash on the factory, loudly with no one helping!",critical
"I see a uncontrolled fight at the highway, rapidly right now!",high
"A driver found a intense assault in the house, unexpectedly that’s blocking traffic!",medium
"Someone see a severe roadblock on the shopping mall, suddenly in the middle of the night!",low
"There’s a lost and unexpected gas leak at the store, quickly near my house!",medium
"There’s a hijacked and uncontrolled drowning at the house, loudly in the middle of the night!",low
"A kid hear a rapid vandalism at the hospital, urgently and it’s getting worse!",low
"I found a intense drowning at the tunnel, loudly near my house!",high
"There’s a hurt and strange leak at the subway, unexpectedly and people are panicking!",high
"There’s a bleeding and uncontrolled medical emergency in the highway, dangerously near my house!",low
"A passenger found a uncontrolled leak at the office building, violently with no one helping!",emergency
"A cat found a intense riot on the factory, urgently and people are panicking!",high
"A woman see a intense shooting at the alley, loudly with no one helping!",high
"There’s a abandoned and horrible flood at the tunnel, urgently in the middle of the night!",low
"There’s a collapsing and severe landslide at the apartment, rapidly with no one helping!",emergency
"A group of people found a horrible flood at the office building, frantically and it’s getting worse!",low
"An old man found a unexpected fire on the office building, unexpectedly right now!",medium
"There’s a bleeding and rapid assault in the highway, quickly with no one helping!",critical
"There’s a abandoned and uncontrolled robbery at the office building, unexpectedly near my house!",medium
"There’s a vandalized and rapid assault in the beach, urgently and it’s getting worse!",low
"There’s a freezing and severe fire at the alley, suddenly with no one helping!",emergency
"There’s a missing and terrifying explosion on the alley, violently with no one helping!",medium
"A stranger hear a massive crash on the beach, rapidly right now!",critical
"There’s a burning and intense fire in the house, urgently causing a huge mess!",high
"A driver hear a unexpected roadblock at the highway, dangerously right now!",life-threatening
"There’s a lost and massive explosion at the park, urgently near my house!",emergency
"There’s a unconscious and terrifying riot at the store, unexpectedly in the middle of the night!",medium
"There’s a hurt and strange earthquake on the construction site, urgently that’s blocking traffic!",medium
"There’s a abandoned and strange flood on the street, suddenly that’s blocking traffic!",life-threatening
"There’s a burning and rapid assault at the apartment, loudly that’s blocking traffic!",high
"There’s a unconscious and severe scream at the subway, rapidly in the middle of the night!",medium
"A passenger see a sudden power outage on the subway, suddenly with no one helping!",medium
"A group of people hear a dangerous medical emergency at the construction site, rapidly and it’s getting worse!",low
"My neighbor hear a terrifying landslide in the tunnel, quickly and people are panicking!",low
"There’s a suffocating and rapid scream on the school, suddenly causing a huge mess!",medium
"There’s a broken and sudden landslide at the house, quickly near my house!",emergency
"There’s a burning and sudden medical emergency at the highway, dangerously and it’s getting worse!",high
"There’s a drowning and horrible earthquake at the tunnel, quickly in the middle of the night!",low
"A dog found a chaotic crash in the shopping mall, rapidly causing a huge mess!",low
"There’s a lost and chaotic riot in the factory, dangerously and it’s getting worse!",emergency
"There’s a drowning and sudden robbery on the factory, rapidly and people are panicking!",emergency
"A child hear a uncontrolled robbery at the alley, loudly causing a huge mess!",immediate
"There’s a burning and unexpected crash in the school, dangerously and people are panicking!",emergency
"A kid see a strange scream on the shopping mall, loudly right now!",high
"A woman hear a uncontrolled robbery on the subway, frantically in the middle of the night!",immediate
"There’s a malfunctioning and dangerous gas leak on the construction site, violently near my house!",low
"A kid found a dangerous earthquake on the stadium, dangerously and it’s getting worse!",medium
"There’s a bleeding and dangerous fire at the bridge, dangerously near my house!",alert
"A child found a strange drowning at the factory, frantically and it’s getting worse!",low
"A woman found a strange vandalism on the alley, unexpectedly right now!",medium
"An old man see a unexpected medical emergency at the office building, rapidly right now!",emergency
"There’s a lost and rapid crash in the park, frantically with no one helping!",high
"There’s a bleeding and chaotic leak in the store, unexpectedly with no one helping!",low
"There’s a lost and sudden drowning in the subway, dangerously near my house!",low
"A student see a sudden medical emergency on the office building, frantically and people are panicking!",life-threatening
"There’s a stuck and terrifying fight at the apartment, suddenly near my house!",critical
"There’s a drowning and severe vandalism at the shopping mall, violently near my house!",emergency
"There’s a hijacked and massive scream on the apartment, unexpectedly near my house!",high
"A passenger hear a severe power outage in the house, urgently that’s blocking traffic!",high
"There’s a drowning and severe fight on the apartment, rapidly and people are panicking!",alert
"My neighbor hear a rapid flood in the bridge, unexpectedly and it’s getting worse!",medium
"A shopkeeper see a horrible drowning on the stadium, violently causing a huge mess!",medium
"There’s a abandoned and dangerous landslide on the store, suddenly with no one helping!",medium
"There’s a lost and chaotic earthquake in the factory, quickly and it’s getting worse!",high
"A cyclist hear a horrible power outage in the house, dangerously in the middle of the night!",alert
"There’s a hijacked and terrifying earthquake on the store, dangerously with no one helping!",alert
"There’s a malfunctioning and unexpected drowning at the office building, frantically with no one helping!",emergency
"There’s a lost and unexpected vandalism on the store, dangerously causing a huge mess!",medium
"There’s a unconscious and chaotic drowning at the hospital, frantically that’s blocking traffic!",low
"There’s a vandalized and intense leak on the factory, quickly causing a huge mess!",medium
"An old man see a uncontrolled robbery on the office building, dangerously near my house!",severe
"There’s a stuck and dangerous landslide in the highway, suddenly in the middle of the night!",medium
"There’s a freezing and strange power outage on the parking lot, violently with no one helping!",severe
"A dog hear a chaotic flood at the house, loudly near my house!",medium
"There’s a abandoned and intense explosion on the parking lot, frantically with no one helping!",high
"There’s a broken and dangerous drowning in the factory, urgently and it’s getting worse!",low
"My neighbor found a rapid vandalism in the apartment, frantically near my house!",medium
"There’s a suffocating and chaotic drowning on the tunnel, loudly and people are panicking!",alert
"There’s a bleeding and intense assault on the hospital, unexpectedly right now!",medium
"There’s a missing and chaotic explosion at the tunnel, unexpectedly with no one helping!",critical
"A firefighter hear a uncontrolled scream at the factory, quickly with no one helping!",high
"A group of people hear a horrible drowning in the house, frantically in the middle of the night!",high
"A student found a dangerous medical emergency on the apartment, violently causing a huge mess!",immediate
"There’s a lost and strange landslide on the tunnel, dangerously and people are panicking!",high
"There’s a malfunctioning and strange riot at the construction site, violently and it’s getting worse!",low
"There’s a vandalized and loud earthquake in the highway, quickly causing a huge mess!",emergency
"There’s a stuck and horrible shooting at the stadium, violently right now!",medium
"There’s a freezing and uncontrolled assault on the street, violently with no one helping!",low
"A group of people see a dangerous power outage in the shopping mall, loudly that’s blocking traffic!",low
"A firefighter see a rapid explosion in the street, quickly causing a huge mess!",low
"There’s a unconscious and unexpected scream at the parking lot, urgently near my house!",medium
"There’s a hurt and severe assault at the street, frantically and it’s getting worse!",medium
"A police officer hear a dangerous fire in the stadium, frantically and it’s getting worse!",medium
"There’s a collapsing and rapid assault in the street, unexpectedly and it’s getting worse!",emergency
"There’s a hijacked and chaotic drowning in the tunnel, frantically near my house!",emergency
"There’s a malfunctioning and terrifying vandalism on the store, unexpectedly and it’s getting worse!",low
"A stranger see a dangerous medical emergency at the construction site, frantically right now!",high
"There’s a hurt and horrible gas leak in the park, urgently right now!",low
"My neighbor see a horrible scream on the house, unexpectedly causing a huge mess!",medium
"There’s a vandalized and intense fight at the bridge, loudly and people are panicking!",medium
"There’s a hurt and rapid scream in the parking lot, frantically and it’s getting worse!",high
"There’s a drowning and unexpected fight on the hospital, loudly right now!",immediate
"There’s a broken and loud earthquake on the hospital, frantically that’s blocking traffic!",emergency
"A shopkeeper hear a unexpected crash at the apartment, violently right now!",high
"An old man hear a sudden fire in the office building, dangerously in the middle of the night!",emergency
"A stranger hear a strange earthquake at the store, suddenly and it’s getting worse!",high
"There’s a collapsing and uncontrolled earthquake on the highway, rapidly causing a huge mess!",medium
"A woman found a rapid earthquake in the shopping mall, unexpectedly that’s blocking traffic!",critical
"There’s a broken and massive gas leak in the alley, quickly causing a huge mess!",medium
"There’s a hijacked and rapid earthquake in the house, loudly with no one helping!",low
"A driver found a uncontrolled explosion at the office building, violently causing a huge mess!",medium
"There’s a vandalized and intense fire at the shopping mall, suddenly in the middle of the night!",medium
"A child found a unexpected flood at the parking lot, loudly in the middle of the night!",medium
"There’s a hurt and severe fight at the alley, quickly right now!",emergency
"A police officer see a chaotic fight at the parking lot, rapidly that’s blocking traffic!",life-threatening
"There’s a malfunctioning and intense leak at the highway, violently and people are panicking!",emergency
"There’s a suffocating and terrifying roadblock on the construction site, suddenly in the middle of the night!",medium
"A kid see a loud landslide on the shopping mall, rapidly near my house!",low
"There’s a freezing and strange fire on the tunnel, suddenly with no one helping!",high
"A passenger found a unexpected fight on the hospital, violently causing a huge mess!",high
"A child see a massive earthquake at the street, frantically near my house!",critical
"An old man see a intense landslide on the park, frantically and it’s getting worse!",medium
"There’s a malfunctioning and horrible vandalism in the house, urgently and people are panicking!",medium
"There’s a collapsing and rapid roadblock at the shopping mall, quickly near my house!",high
"There’s a malfunctioning and uncontrolled riot at the stadium, frantically and people are panicking!",immediate
"A woman hear a uncontrolled shooting at the store, quickly and it’s getting worse!",low
"There’s a stuck and severe riot at the school, frantically in the middle of the night!",high
"There’s a freezing and severe medical emergency in the house, loudly near my house!",medium
"A stranger found a severe fight in the tunnel, urgently near my house!",alert
"There’s a hijacked and severe flood at the apartment, urgently that’s blocking traffic!",medium
"There’s a vandalized and unexpected scream on the house, rapidly causing a huge mess!",low
"A woman see a uncontrolled assault in the house, suddenly right now!",medium
"A shopkeeper see a sudden scream in the tunnel, unexpectedly that’s blocking traffic!",low
"There’s a burning and severe assault at the shopping mall, quickly near my house!",immediate
"A cyclist see a strange power outage in the construction site, frantically with no one helping!",low
"There’s a unstable and massive drowning at the office building, rapidly causing a huge mess!",high
"There’s a lost and rapid earthquake at the hospital, frantically and it’s getting worse!",critical
"A police officer see a loud fight in the bridge, loudly causing a huge mess!",medium
"There’s a broken and intense assault in the street, urgently that’s blocking traffic!",high
"There’s a bleeding and chaotic gas leak at the store, violently and it’s getting worse!",emergency
"My neighbor see a dangerous leak in the stadium, loudly in the middle of the night!",high
"There’s a abandoned and strange fire in the stadium, dangerously causing a huge mess!",emergency
"There’s a trapped and severe earthquake at the hospital, unexpectedly and people are panicking!",high
"My neighbor found a massive robbery in the apartment, dangerously near my house!",medium
"There’s a malfunctioning and terrifying flood on the park, dangerously and it’s getting worse!",alert
"A child found a severe landslide in the shopping mall, quickly causing a huge mess!",medium
"There’s a drowning and sudden shooting in the parking lot, loudly with no one helping!",medium
"A passenger found a unexpected crash in the hospital, suddenly near my house!",medium
"There’s a drowning and dangerous fight in the alley, rapidly that’s blocking traffic!",medium
"There’s a freezing and horrible drowning on the office building, rapidly right now!",medium
"There’s a vandalized and rapid leak on the school, violently causing a huge mess!",low
"There’s a trapped and severe gas leak on the apartment, urgently causing a huge mess!",critical
"A woman found a uncontrolled power outage on the bridge, urgently right now!",high
"A cyclist hear a sudden gas leak in the school, frantically and it’s getting worse!",high
"There’s a collapsing and sudden roadblock in the house, violently in the middle of the night!",critical
"There’s a unstable and chaotic explosion on the bridge, quickly right now!",low
"A shopkeeper hear a severe medical emergency at the highway, quickly near my house!",immediate
"A cyclist see a dangerous earthquake in the street, urgently and people are panicking!",high
"A cat hear a loud assault on the shopping mall, suddenly near my house!",life-threatening
"There’s a trapped and chaotic riot at the office building, loudly near my house!",emergency
"There’s a missing and severe explosion in the stadium, frantically that’s blocking traffic!",critical
"A police officer see a intense landslide on the apartment, frantically with no one helping!",high
"A driver hear a sudden power outage at the factory, suddenly and it’s getting worse!",emergency
"Someone see a severe fight at the subway, loudly and people are panicking!",alert
"There’s a hurt and rapid medical emergency at the house, quickly and people are panicking!",high
"There’s a bleeding and intense crash at the house, rapidly and it’s getting worse!",life-threatening
"A student hear a loud shooting at the store, urgently and people are panicking!",medium
"There’s a broken and strange riot on the house, violently in the middle of the night!",emergency
"There’s a trapped and severe scream in the factory, suddenly and people are panicking!",high
"A firefighter see a uncontrolled roadblock at the street, unexpectedly and it’s getting worse!",medium
"A passenger hear a horrible fight on the apartment, suddenly and people are panicking!",alert
"An old man see a uncontrolled riot in the street, loudly and it’s getting worse!",alert
"An old man found a rapid medical emergency on the park, unexpectedly right now!",alert
"There’s a unstable and rapid riot in the shopping mall, unexpectedly right now!",medium
"There’s a unconscious and severe earthquake on the shopping mall, rapidly and people are panicking!",immediate
"A child hear a intense power outage on the beach, unexpectedly causing a huge mess!",low
"A child found a sudden leak on the hospital, violently that’s blocking traffic!",low
"A child hear a uncontrolled fire on the school, rapidly right now!",low
"A child found a loud shooting at the street, unexpectedly right now!",low
"There’s a unstable and sudden vandalism on the highway, violently and people are panicking!",emergency
"A passenger found a horrible roadblock in the apartment, unexpectedly and it’s getting worse!",high
"There’s a malfunctioning and unexpected explosion at the parking lot, urgently and it’s getting worse!",high
"There’s a broken and intense robbery on the park, unexpectedly right now!",low
"A shopkeeper see a severe flood on the bridge, violently and people are panicking!",critical
"There’s a burning and chaotic scream on the street, unexpectedly that’s blocking traffic!",medium
"There’s a missing and intense crash in the office building, urgently that’s blocking traffic!",medium
"A cyclist see a rapid landslide at the shopping mall, dangerously near my house!",critical
"There’s a malfunctioning and chaotic vandalism at the street, urgently that’s blocking traffic!",high
"A stranger hear a sudden crash in the store, rapidly and people are panicking!",medium
"A group of people found a massive landslide in the store, dangerously in the middle of the night!",high
"There’s a hurt and chaotic assault in the subway, unexpectedly and people are panicking!",low
"There’s a trapped and chaotic earthquake at the bridge, frantically that’s blocking traffic!",medium
"There’s a missing and unexpected gas leak in the alley, frantically and people are panicking!",medium
"There’s a bleeding and rapid medical emergency in the office building, quickly causing a huge mess!",medium
"There’s a malfunctioning and terrifying power outage at the office building, frantically with no one helping!",medium
"There’s a vandalized and intense earthquake in the highway, suddenly right now!",high
"There’s a freezing and horrible gas leak in the school, unexpectedly causing a huge mess!",emergency
"A child hear a severe earthquake on the shopping mall, urgently near my house!",medium
"A child see a massive gas leak on the house, quickly near my house!",medium
"There’s a unstable and severe roadblock in the highway, suddenly right now!",medium
"There’s a broken and massive flood at the factory, rapidly causing a huge mess!",high
"There’s a collapsing and sudden gas leak at the park, rapidly causing a huge mess!",medium
"A cyclist found a unexpected fire at the house, urgently right now!",emergency
"There’s a broken and sudden roadblock on the parking lot, suddenly right now!",medium
"A stranger see a uncontrolled power outage in the beach, rapidly in the middle of the night!",medium
"There’s a stuck and loud assault in the alley, unexpectedly right now!",emergency
"A stranger see a horrible gas leak in the office building, unexpectedly and it’s getting worse!",high
"A group of people hear a horrible vandalism on the apartment, violently with no one helping!",high
"There’s a unstable and uncontrolled roadblock on the school, suddenly and it’s getting worse!",medium
"There’s a bleeding and dangerous roadblock at the store, rapidly in the middle of the night!",high
"An old man hear a rapid medical emergency at the stadium, urgently right now!",emergency
"A child hear a chaotic shooting in the office building, dangerously and it’s getting worse!",immediate
"I hear a uncontrolled crash on the school, quickly with no one helping!",low
"There’s a trapped and terrifying medical emergency at the apartment, suddenly that’s blocking traffic!",immediate
"A firefighter see a sudden earthquake at the school, unexpectedly right now!",high
"There’s a broken and uncontrolled explosion in the alley, rapidly causing a huge mess!",critical
"A student found a uncontrolled fire on the beach, unexpectedly causing a huge mess!",low
"A passenger see a chaotic roadblock at the subway, suddenly that’s blocking traffic!",medium
"Someone hear a intense vandalism at the construction site, frantically right now!",emergency
"There’s a unconscious and strange gas leak at the subway, frantically that’s blocking traffic!",high
"A police officer hear a dangerous gas leak at the construction site, rapidly and people are panicking!",immediate
"There’s a missing and rapid gas leak on the stadium, violently and it’s getting worse!",medium
"There’s a hurt and loud assault at the stadium, rapidly near my house!",medium
"There’s a bleeding and terrifying earthquake in the parking lot, unexpectedly that’s blocking traffic!",medium
"There’s a collapsing and chaotic assault in the apartment, dangerously right now!",low
"There’s a missing and uncontrolled roadblock in the shopping mall, suddenly and people are panicking!",low
"There’s a broken and rapid earthquake on the bridge, dangerously right now!",high
"There’s a burning and terrifying drowning in the highway, dangerously and people are panicking!",emergency
"A student see a chaotic explosion at the construction site, urgently near my house!",high
"There’s a stuck and rapid leak at the house, rapidly and people are panicking!",critical
"Someone hear a terrifying scream at the street, unexpectedly right now!",severe
"There’s a hurt and terrifying fire in the beach, frantically right now!",medium
"A police officer hear a dangerous fire on the house, quickly near my house!",low
"A group of people hear a dangerous roadblock in the house, unexpectedly with no one helping!",medium
"My neighbor found a rapid vandalism at the house, urgently near my house!",medium
"There’s a vandalized and strange medical emergency in the construction site, loudly with no one helping!",high
"I see a sudden drowning on the hospital, quickly causing a huge mess!",alert
"A cyclist hear a horrible scream at the school, urgently that’s blocking traffic!",high
"There’s a stuck and terrifying drowning on the subway, rapidly with no one helping!",severe
"There’s a unstable and massive drowning on the highway, frantically that’s blocking traffic!",medium
"There’s a freezing and rapid crash in the subway, dangerously and people are panicking!",high
"There’s a malfunctioning and dangerous robbery in the subway, dangerously that’s blocking traffic!",medium
"A firefighter see a terrifying power outage in the bridge, frantically and people are panicking!",medium
"A child hear a dangerous vandalism in the stadium, unexpectedly in the middle of the night!",high
"A child see a terrifying medical emergency in the office building, urgently near my house!",high
"There’s a suffocating and unexpected vandalism at the street, loudly with no one helping!",medium
"There’s a collapsing and intense assault on the hospital, loudly right now!",critical
"A dog found a unexpected fire in the stadium, violently in the middle of the night!",medium
"A stranger see a severe crash on the beach, frantically that’s blocking traffic!",immediate
"There’s a bleeding and uncontrolled fight on the alley, quickly right now!",high
"There’s a stuck and massive shooting at the factory, urgently right now!",high
"There’s a vandalized and massive shooting in the beach, loudly in the middle of the night!",low
"There’s a freezing and rapid leak in the hospital, violently in the middle of the night!",emergency
"There’s a collapsing and massive gas leak at the beach, dangerously and people are panicking!",high
"There’s a unstable and intense medical emergency in the tunnel, unexpectedly causing a huge mess!",low
"A shopkeeper hear a uncontrolled medical emergency at the house, suddenly and it’s getting worse!",medium
"There’s a drowning and uncontrolled earthquake in the parking lot, loudly near my house!",medium
"A child found a intense fire in the shopping mall, unexpectedly near my house!",critical
"I see a terrifying roadblock in the factory, urgently and people are panicking!",medium
"A cyclist see a dangerous fire at the school, unexpectedly that’s blocking traffic!",low
"A firefighter found a uncontrolled robbery at the highway, suddenly in the middle of the night!",low
"A driver found a horrible fire on the office building, dangerously that’s blocking traffic!",low
"I see a strange medical emergency on the parking lot, frantically with no one helping!",emergency
"There’s a collapsing and unexpected fire on the parking lot, violently and people are panicking!",severe
"A passenger see a massive gas leak at the shopping mall, rapidly and people are panicking!",low
"There’s a unstable and strange roadblock in the apartment, loudly and it’s getting worse!",life-threatening
"There’s a burning and unexpected shooting at the factory, urgently near my house!",medium
"There’s a missing and terrifying earthquake on the office building, quickly near my house!",high
"A stranger see a intense power outage in the bridge, unexpectedly with no one helping!",medium
"My neighbor see a chaotic roadblock in the park, dangerously causing a huge mess!",alert
"There’s a hurt and dangerous gas leak on the beach, rapidly that’s blocking traffic!",severe
"There’s a hijacked and rapid landslide on the construction site, violently in the middle of the night!",severe
"There’s a missing and massive shooting on the beach, quickly and people are panicking!",medium
"There’s a lost and sudden vandalism in the street, violently causing a huge mess!",emergency
"There’s a burning and sudden power outage in the beach, suddenly right now!",low
"I see a unexpected gas leak on the house, urgently and people are panicking!",medium
"There’s a abandoned and strange scream in the street, dangerously near my house!",critical
"A dog see a loud flood in the bridge, frantically in the middle of the night!",high
"A stranger see a sudden flood on the house, suddenly that’s blocking traffic!",high
"There’s a missing and chaotic riot in the factory, loudly and it’s getting worse!",critical
"A firefighter see a sudden shooting at the school, dangerously in the middle of the night!",low
"A cat found a dangerous medical emergency in the highway, violently right now!",medium
"There’s a hijacked and loud scream at the park, loudly causing a huge mess!",medium
"There’s a missing and rapid drowning on the bridge, violently near my house!",high
"There’s a collapsing and loud medical emergency on the subway, quickly and people are panicking!",medium
"A group of people see a chaotic explosion at the beach, loudly in the middle of the night!",high
"A woman see a rapid drowning at the parking lot, quickly with no one helping!",low
"There’s a hurt and intense medical emergency on the subway, violently in the middle of the night!",medium
"A shopkeeper see a severe fight at the construction site, suddenly with no one helping!",medium
"There’s a stuck and chaotic explosion on the alley, unexpectedly near my house!",low
"A student see a uncontrolled crash at the beach, suddenly right now!",medium
"Someone see a rapid earthquake at the office building, quickly in the middle of the night!",medium
"There’s a burning and chaotic earthquake in the street, violently right now!",low
"Someone see a loud shooting on the beach, urgently in the middle of the night!",low
"There’s a abandoned and uncontrolled scream at the beach, loudly and it’s getting worse!",medium
"A cyclist see a massive shooting on the alley, suddenly right now!",critical
"My neighbor see a horrible vandalism in the parking lot, unexpectedly and people are panicking!",medium
"An old man hear a severe fight at the subway, violently and it’s getting worse!",immediate
"There’s a lost and strange power outage on the construction site, suddenly with no one helping!",immediate
"A stranger hear a horrible gas leak at the store, urgently and people are panicking!",medium
"A passenger hear a dangerous medical emergency at the parking lot, rapidly causing a huge mess!",medium
"There’s a unstable and unexpected gas leak on the shopping mall, unexpectedly and people are panicking!",high
"A woman hear a unexpected crash on the park, violently that’s blocking traffic!",high
"A firefighter see a loud fight on the bridge, suddenly with no one helping!",medium
"A cat see a horrible fight in the factory, dangerously right now!",low
"There’s a hijacked and terrifying roadblock on the street, quickly causing a huge mess!",low
"There’s a drowning and sudden landslide at the bridge, dangerously near my house!",medium
"There’s a malfunctioning and horrible fire in the subway, urgently and people are panicking!",life-threatening
"There’s a lost and massive scream at the park, quickly causing a huge mess!",low
"A dog hear a unexpected flood in the hospital, frantically in the middle of the night!",high
"There’s a unconscious and chaotic fire at the bridge, unexpectedly and it’s getting worse!",high
"A kid see a loud fire on the office building, loudly right now!",severe
"A police officer hear a massive assault at the tunnel, loudly near my house!",high
"My neighbor hear a horrible roadblock in the house, frantically in the middle of the night!",medium
"There’s a trapped and dangerous earthquake in the subway, unexpectedly that’s blocking traffic!",life-threatening
"There’s a unconscious and chaotic power outage on the highway, violently in the middle of the night!",emergency
"There’s a stuck and unexpected riot on the construction site, quickly right now!",medium
"There’s a unstable and uncontrolled assault on the stadium, unexpectedly in the middle of the night!",severe
"A cat see a severe crash on the highway, frantically causing a huge mess!",emergency
"There’s a freezing and uncontrolled crash at the highway, loudly and it’s getting worse!",emergency
"There’s a freezing and uncontrolled assault on the tunnel, dangerously near my house!",low
"There’s a collapsing and unexpected crash on the parking lot, quickly right now!",high
"There’s a drowning and horrible explosion in the apartment, rapidly in the middle of the night!",low
"An old man found a unexpected explosion in the street, quickly right now!",low
"A passenger see a rapid scream at the bridge, violently right now!",medium
"There’s a lost and loud scream at the hospital, urgently right now!",emergency
"My neighbor see a dangerous landslide at the shopping mall, violently and it’s getting worse!",medium
"There’s a abandoned and unexpected fire at the store, violently near my house!",high
"There’s a freezing and horrible gas leak on the subway, frantically in the middle of the night!",critical
"There’s a freezing and unexpected crash in the apartment, rapidly causing a huge mess!",medium
"There’s a stuck and severe leak on the factory, urgently in the middle of the night!",immediate
"There’s a abandoned and massive medical emergency in the beach, violently causing a huge mess!",high
"A police officer hear a loud leak at the shopping mall, urgently with no one helping!",alert
"There’s a burning and massive riot at the store, urgently causing a huge mess!",immediate
"My neighbor found a chaotic riot on the factory, rapidly with no one helping!",high
"There’s a freezing and unexpected scream at the school, rapidly and it’s getting worse!",medium
"A shopkeeper see a severe gas leak at the highway, suddenly in the middle of the night!",immediate
"There’s a trapped and uncontrolled power outage on the office building, frantically and people are panicking!",medium
"There’s a burning and terrifying medical emergency at the tunnel, suddenly near my house!",immediate
"A police officer see a dangerous assault at the apartment, violently near my house!",low
"There’s a unstable and unexpected fire at the alley, urgently near my house!",high
"My neighbor see a massive landslide at the factory, violently causing a huge mess!",medium
"There’s a hurt and sudden riot in the shopping mall, frantically with no one helping!",low
"A cyclist see a rapid medical emergency on the subway, quickly near my house!",medium
"There’s a lost and intense medical emergency on the store, urgently and it’s getting worse!",high
"A driver found a massive gas leak on the house, suddenly causing a huge mess!",life-threatening
"There’s a missing and terrifying flood at the shopping mall, quickly near my house!",high
"There’s a lost and massive fire at the factory, unexpectedly in the middle of the night!",medium
"There’s a malfunctioning and intense fight in the apartment, urgently causing a huge mess!",high
"There’s a bleeding and dangerous fire on the store, unexpectedly that’s blocking traffic!",medium
"There’s a freezing and chaotic assault at the factory, unexpectedly in the middle of the night!",low
"There’s a lost and severe shooting in the parking lot, loudly that’s blocking traffic!",immediate
"An old man hear a strange medical emergency in the apartment, quickly that’s blocking traffic!",medium
"There’s a broken and dangerous roadblock on the subway, quickly that’s blocking traffic!",low
"Someone see a uncontrolled robbery on the store, loudly with no one helping!",low
"There’s a suffocating and uncontrolled earthquake at the construction site, loudly with no one helping!",high
"A driver see a dangerous scream on the tunnel, loudly that’s blocking traffic!",low
"Someone found a intense crash in the stadium, violently and it’s getting worse!",high
"Someone see a strange leak in the parking lot, frantically and people are panicking!",immediate
"A driver hear a strange medical emergency in the subway, urgently that’s blocking traffic!",low
"A passenger see a dangerous medical emergency on the school, loudly in the middle of the night!",high
"There’s a hijacked and terrifying flood on the beach, frantically near my house!",low
"An old man found a rapid roadblock at the store, urgently causing a huge mess!",medium
"There’s a drowning and rapid medical emergency in the alley, urgently with no one helping!",low
"There’s a suffocating and intense flood in the hospital, quickly causing a huge mess!",high
"A woman hear a chaotic fight at the highway, dangerously near my house!",low
"There’s a freezing and unexpected drowning in the house, rapidly in the middle of the night!",medium
"There’s a trapped and unexpected flood at the hospital, urgently and it’s getting worse!",low
"There’s a stuck and intense landslide on the parking lot, loudly and people are panicking!",low
"There’s a freezing and strange roadblock in the stadium, violently with no one helping!",medium
"A firefighter hear a strange explosion at the hospital, loudly and it’s getting worse!",medium
"An old man see a loud gas leak on the bridge, rapidly causing a huge mess!",high
"There’s a suffocating and massive robbery at the tunnel, dangerously and it’s getting worse!",low
"There’s a stuck and uncontrolled medical emergency on the park, urgently with no one helping!",high
"There’s a unstable and massive assault in the apartment, urgently with no one helping!",medium
"There’s a abandoned and rapid medical emergency on the factory, loudly and people are panicking!",high
"There’s a broken and dangerous robbery on the park, loudly and it’s getting worse!",immediate
"There’s a hijacked and loud crash at the parking lot, rapidly that’s blocking traffic!",severe
"I see a massive vandalism at the shopping mall, dangerously right now!",critical
"A cat hear a intense earthquake at the office building, frantically and people are panicking!",low
"A police officer hear a terrifying roadblock in the store, violently right now!",low
"There’s a hijacked and uncontrolled scream in the beach, frantically right now!",immediate
"An old man hear a unexpected fire in the apartment, rapidly near my house!",medium
"A passenger found a chaotic drowning on the highway, urgently and people are panicking!",critical
"Someone found a severe shooting on the construction site, suddenly with no one helping!",critical
"There’s a collapsing and strange power outage on the house, urgently and it’s getting worse!",medium
"There’s a freezing and chaotic explosion at the alley, frantically in the middle of the night!",immediate
"A group of people hear a strange roadblock at the beach, violently that’s blocking traffic!",medium
"There’s a bleeding and severe gas leak at the house, violently that’s blocking traffic!",emergency
"There’s a abandoned and loud crash on the alley, quickly right now!",medium
"Someone see a rapid roadblock at the hospital, dangerously near my house!",high
"A group of people see a unexpected drowning in the beach, urgently and people are panicking!",high
"There’s a trapped and severe fire in the store, violently in the middle of the night!",high
"There’s a malfunctioning and rapid vandalism on the street, suddenly causing a huge mess!",high
"There’s a collapsing and severe crash in the beach, frantically with no one helping!",immediate
"There’s a abandoned and uncontrolled assault at the park, unexpectedly with no one helping!",critical
"A driver hear a rapid gas leak on the stadium, violently that’s blocking traffic!",emergency
"There’s a unstable and strange roadblock at the bridge, loudly causing a huge mess!",medium
"A child hear a dangerous crash on the street, dangerously and it’s getting worse!",medium
"There’s a missing and intense gas leak on the factory, frantically with no one helping!",medium
"A woman hear a sudden roadblock in the bridge, loudly right now!",emergency
"There’s a abandoned and unexpected vandalism at the office building, unexpectedly right now!",low
"There’s a malfunctioning and loud drowning in the bridge, rapidly with no one helping!",critical
"There’s a lost and unexpected power outage at the construction site, frantically with no one helping!",medium
"There’s a trapped and massive scream at the tunnel, unexpectedly that’s blocking traffic!",low
"A group of people found a intense roadblock on the stadium, unexpectedly near my house!",low
"A cat see a dangerous riot at the construction site, dangerously right now!",high
"There’s a unconscious and massive fire at the highway, frantically with no one helping!",high
"A cyclist see a sudden scream on the bridge, suddenly right now!",low
"There’s a trapped and sudden flood at the shopping mall, frantically with no one helping!",high
"There’s a burning and strange leak in the apartment, suddenly in the middle of the night!",medium
"A shopkeeper found a strange medical emergency on the hospital, suddenly and people are panicking!",medium
"There’s a stuck and terrifying roadblock on the school, rapidly with no one helping!",medium
"There’s a hurt and unexpected landslide on the construction site, suddenly that’s blocking traffic!",emergency
"A group of people hear a terrifying vandalism in the parking lot, quickly that’s blocking traffic!",medium
"There’s a bleeding and chaotic flood at the street, dangerously right now!",low
"A cyclist see a strange vandalism at the alley, quickly that’s blocking traffic!",medium
"Someone see a loud medical emergency in the office building, loudly causing a huge mess!",low
"Someone found a unexpected riot on the factory, urgently with no one helping!",immediate
"There’s a trapped and uncontrolled gas leak at the school, violently right now!",medium
"There’s a burning and massive crash at the school, frantically causing a huge mess!",medium
"A passenger hear a terrifying crash in the store, suddenly and people are panicking!",immediate
"There’s a unconscious and horrible crash on the store, quickly right now!",high
"There’s a lost and chaotic scream in the school, rapidly near my house!",low
"Someone found a rapid flood at the parking lot, frantically near my house!",low
"A kid see a unexpected shooting at the beach, quickly with no one helping!",medium
"A woman see a terrifying roadblock on the tunnel, frantically with no one helping!",emergency
"There’s a malfunctioning and sudden power outage at the highway, quickly right now!",low
"There’s a trapped and horrible power outage on the construction site, unexpectedly near my house!",medium
"A cat found a uncontrolled medical emergency on the hospital, urgently and it’s getting worse!",low
"A child see a sudden crash on the parking lot, dangerously and people are panicking!",low
"I see a uncontrolled flood at the subway, quickly with no one helping!",alert
"A stranger see a strange medical emergency in the hospital, loudly causing a huge mess!",low
"There’s a collapsing and horrible fight on the office building, loudly in the middle of the night!",critical
"A kid see a massive scream at the apartment, suddenly causing a huge mess!",life-threatening
"There’s a malfunctioning and loud riot on the factory, suddenly and it’s getting worse!",high
"A driver found a uncontrolled gas leak in the store, quickly causing a huge mess!",alert
"There’s a unstable and unexpected crash in the store, suddenly and it’s getting worse!",severe
"There’s a hurt and sudden fire in the hospital, frantically and it’s getting worse!",low
"A student see a massive crash in the alley, frantically that’s blocking traffic!",immediate
"There’s a freezing and chaotic crash in the apartment, frantically near my house!",medium
"A woman see a terrifying explosion at the office building, rapidly in the middle of the night!",medium
"There’s a abandoned and loud assault at the house, dangerously with no one helping!",medium
"There’s a bleeding and chaotic shooting at the bridge, frantically in the middle of the night!",low
"There’s a bleeding and rapid riot in the stadium, frantically in the middle of the night!",medium
"A dog see a terrifying leak at the parking lot, frantically near my house!",alert
"I found a chaotic fight at the store, suddenly causing a huge mess!",medium
"A passenger hear a horrible riot on the subway, violently and it’s getting worse!",high
"There’s a hijacked and severe fight in the parking lot, rapidly near my house!",low
"A passenger see a massive earthquake on the bridge, rapidly right now!",critical
"There’s a vandalized and loud fire at the house, rapidly with no one helping!",immediate
"A police officer hear a massive flood in the street, rapidly in the middle of the night!",high
"There’s a freezing and strange drowning at the alley, rapidly with no one helping!",medium
"There’s a bleeding and sudden riot on the store, dangerously that’s blocking traffic!",alert
"Someone found a sudden robbery at the construction site, suddenly near my house!",high
"A cat found a dangerous riot in the subway, quickly with no one helping!",medium
"I found a massive gas leak at the school, unexpectedly and people are panicking!",high
"An old man found a sudden explosion in the parking lot, rapidly that’s blocking traffic!",medium
"There’s a malfunctioning and chaotic vandalism at the hospital, loudly causing a huge mess!",life-threatening
"There’s a broken and terrifying fight on the stadium, frantically near my house!",low
"There’s a bleeding and chaotic gas leak at the construction site, suddenly causing a huge mess!",immediate
"A cat see a unexpected assault in the park, loudly right now!",high
"There’s a vandalized and dangerous landslide at the stadium, quickly with no one helping!",low
"There’s a unconscious and unexpected medical emergency at the street, urgently that’s blocking traffic!",severe
"There’s a unconscious and intense assault in the bridge, violently right now!",high
"There’s a abandoned and uncontrolled vandalism in the subway, urgently in the middle of the night!",critical
"There’s a collapsing and strange riot in the beach, violently near my house!",low
"There’s a abandoned and massive medical emergency at the school, rapidly with no one helping!",high
"Someone found a loud gas leak in the house, frantically causing a huge mess!",low
"There’s a stuck and horrible roadblock in the highway, violently near my house!",emergency
"There’s a unstable and loud earthquake at the house, urgently that’s blocking traffic!",emergency
"There’s a hijacked and loud flood on the house, unexpectedly and it’s getting worse!",severe
"A student found a loud explosion on the construction site, urgently in the middle of the night!",low
"There’s a unconscious and horrible riot in the bridge, quickly near my house!",medium
"There’s a suffocating and intense scream in the office building, frantically and people are panicking!",medium
"There’s a unstable and sudden scream on the parking lot, unexpectedly with no one helping!",immediate
"There’s a malfunctioning and uncontrolled fire at the street, unexpectedly with no one helping!",high
"A stranger hear a terrifying landslide on the bridge, loudly right now!",low
"I hear a severe explosion on the highway, suddenly near my house!",immediate
"There’s a abandoned and chaotic roadblock in the house, loudly in the middle of the night!",medium
"There’s a hijacked and loud medical emergency in the apartment, suddenly causing a huge mess!",emergency
"A firefighter hear a severe medical emergency on the highway, loudly that’s blocking traffic!",low
"There’s a unconscious and rapid roadblock on the factory, loudly in the middle of the night!",medium
"There’s a collapsing and horrible explosion in the park, quickly that’s blocking traffic!",low
"A student see a sudden assault at the office building, frantically right now!",immediate
"A child see a terrifying robbery at the hospital, loudly causing a huge mess!",low
"A student hear a uncontrolled fire at the office building, loudly with no one helping!",high
"There’s a stuck and terrifying earthquake on the factory, violently right now!",medium
"A group of people hear a sudden landslide in the office building, dangerously with no one helping!",immediate
"A shopkeeper hear a dangerous flood in the subway, violently and people are panicking!",high
"A police officer hear a uncontrolled fight on the hospital, quickly right now!",low
"A passenger found a uncontrolled crash at the store, urgently and it’s getting worse!",medium
"A woman found a loud crash in the highway, loudly and people are panicking!",high
"A stranger see a loud gas leak at the office building, frantically right now!",immediate
"There’s a bleeding and uncontrolled landslide in the highway, dangerously in the middle of the night!",medium
"There’s a freezing and loud assault at the hospital, rapidly with no one helping!",low
"A shopkeeper found a chaotic fire in the subway, violently right now!",alert
"I hear a terrifying drowning on the house, rapidly causing a huge mess!",medium
"A group of people hear a loud scream in the stadium, suddenly near my house!",medium
"A kid found a dangerous flood at the tunnel, unexpectedly with no one helping!",medium
"There’s a hurt and uncontrolled fire in the highway, violently and it’s getting worse!",low
"There’s a freezing and severe fight on the house, rapidly near my house!",life-threatening
"Someone hear a severe riot in the bridge, quickly with no one helping!",medium
"There’s a missing and sudden landslide in the alley, quickly that’s blocking traffic!",low
"A kid hear a severe crash in the parking lot, loudly that’s blocking traffic!",high
"There’s a drowning and intense fight on the parking lot, urgently that’s blocking traffic!",severe
"A cat hear a intense explosion at the house, unexpectedly near my house!",high
"A dog see a rapid fire on the tunnel, dangerously and people are panicking!",medium
"A police officer found a unexpected flood on the hospital, quickly with no one helping!",life-threatening
"A passenger see a horrible fight on the highway, suddenly and it’s getting worse!",high
"There’s a lost and strange riot on the beach, rapidly and it’s getting worse!",emergency
"My neighbor see a severe explosion at the street, suddenly near my house!",life-threatening
"There’s a drowning and intense flood in the store, dangerously in the middle of the night!",medium
"There’s a freezing and sudden drowning at the stadium, frantically near my house!",high
"There’s a vandalized and uncontrolled landslide on the tunnel, violently and people are panicking!",medium
"There’s a lost and uncontrolled drowning at the office building, urgently and it’s getting worse!",high
"There’s a unconscious and dangerous scream at the subway, unexpectedly and people are panicking!",low
"There’s a broken and intense crash on the parking lot, frantically causing a huge mess!",medium
"There’s a drowning and sudden drowning on the apartment, dangerously near my house!",medium
"There’s a burning and unexpected power outage on the shopping mall, violently in the middle of the night!",medium
"A stranger found a chaotic fight at the shopping mall, frantically and people are panicking!",medium
"There’s a hurt and sudden robbery on the office building, rapidly and it’s getting worse!",medium
"There’s a stuck and horrible landslide on the shopping mall, urgently near my house!",medium
"There’s a collapsing and sudden drowning on the hospital, violently with no one helping!",immediate
"A cyclist hear a loud landslide in the factory, violently near my house!",critical
"There’s a trapped and uncontrolled roadblock at the office building, violently causing a huge mess!",immediate
"There’s a unconscious and horrible riot in the tunnel, frantically and it’s getting worse!",medium
"There’s a collapsing and uncontrolled landslide in the house, loudly near my house!",medium
"My neighbor hear a sudden explosion at the subway, unexpectedly that’s blocking traffic!",life-threatening
"A woman found a uncontrolled earthquake in the tunnel, dangerously right now!",medium
"A stranger hear a intense landslide on the parking lot, suddenly right now!",emergency
"There’s a hijacked and uncontrolled fire on the tunnel, frantically and people are panicking!",alert
"There’s a drowning and intense robbery at the highway, violently with no one helping!",medium
"A child hear a terrifying robbery in the street, loudly right now!",emergency
"A student hear a strange riot in the subway, loudly right now!",high
"An old man see a horrible explosion in the store, frantically right now!",critical
"A woman hear a sudden robbery at the factory, quickly in the middle of the night!",critical
"There’s a malfunctioning and loud shooting in the beach, violently that’s blocking traffic!",medium
"There’s a drowning and rapid fire in the store, quickly and people are panicking!",low
"There’s a lost and strange riot on the house, violently and people are panicking!",medium
"There’s a trapped and uncontrolled assault in the apartment, loudly and people are panicking!",critical
"There’s a broken and intense vandalism in the house, unexpectedly in the middle of the night!",medium
"A student see a sudden fight on the apartment, violently and it’s getting worse!",low
"There’s a bleeding and chaotic explosion in the factory, dangerously with no one helping!",high
"A driver see a rapid fire at the shopping mall, violently right now!",critical
"I found a severe medical emergency on the stadium, unexpectedly in the middle of the night!",medium
"There’s a hurt and dangerous crash at the shopping mall, urgently causing a huge mess!",high
"A student hear a unexpected explosion at the beach, loudly in the middle of the night!",medium
"There’s a drowning and horrible vandalism in the highway, urgently causing a huge mess!",low
"There’s a hurt and intense leak in the school, rapidly near my house!",low
"A cat hear a uncontrolled landslide at the street, suddenly right now!",medium
"A child hear a massive power outage at the beach, rapidly and people are panicking!",medium
"A police officer see a terrifying flood on the shopping mall, frantically and it’s getting worse!",emergency
"A shopkeeper see a sudden leak at the hospital, frantically right now!",alert
"A child found a severe robbery on the store, suddenly with no one helping!",high
"There’s a vandalized and terrifying fire in the shopping mall, suddenly with no one helping!",low
"There’s a unstable and sudden medical emergency in the apartment, dangerously in the middle of the night!",high
"A passenger found a massive shooting on the tunnel, frantically and people are panicking!",high
"There’s a trapped and horrible fight at the stadium, frantically and people are panicking!",immediate
"There’s a missing and intense power outage at the factory, violently that’s blocking traffic!",emergency
"There’s a suffocating and uncontrolled vandalism in the bridge, violently in the middle of the night!",severe
"There’s a broken and terrifying roadblock in the school, loudly in the middle of the night!",immediate
"An old man hear a massive robbery at the parking lot, violently and it’s getting worse!",alert
"A woman found a strange power outage on the subway, suddenly that’s blocking traffic!",medium
"There’s a vandalized and severe medical emergency at the factory, violently in the middle of the night!",low
"There’s a malfunctioning and loud earthquake on the hospital, unexpectedly causing a huge mess!",low
"A woman see a horrible scream at the bridge, loudly in the middle of the night!",low
"There’s a bleeding and strange gas leak on the stadium, violently in the middle of the night!",high
"There’s a stuck and unexpected earthquake at the shopping mall, quickly causing a huge mess!",critical
"A stranger hear a sudden medical emergency in the alley, quickly in the middle of the night!",high
"A group of people hear a chaotic earthquake in the hospital, unexpectedly near my house!",immediate
"There’s a lost and massive drowning in the alley, quickly in the middle of the night!",high
"There’s a drowning and severe earthquake in the alley, violently with no one helping!",emergency
"There’s a vandalized and terrifying earthquake at the park, rapidly that’s blocking traffic!",low
"A passenger hear a loud landslide in the beach, rapidly causing a huge mess!",low
"A dog see a intense robbery on the park, dangerously and it’s getting worse!",low
"A group of people hear a intense fire at the construction site, dangerously in the middle of the night!",high
"There’s a drowning and uncontrolled drowning at the house, frantically causing a huge mess!",low
"A passenger see a rapid riot in the hospital, frantically in the middle of the night!",life-threatening
"A police officer hear a terrifying roadblock on the construction site, frantically and it’s getting worse!",low
"There’s a malfunctioning and chaotic roadblock at the construction site, rapidly near my house!",medium
"There’s a hurt and severe crash on the park, dangerously and it’s getting worse!",immediate
"Someone see a loud vandalism on the house, loudly causing a huge mess!",alert
"A police officer found a horrible flood at the beach, suddenly and it’s getting worse!",life-threatening
"I found a intense robbery in the park, rapidly causing a huge mess!",medium
"An old man see a terrifying robbery on the shopping mall, rapidly and people are panicking!",high
"Someone found a sudden robbery on the construction site, violently and it’s getting worse!",medium
"There’s a abandoned and intense flood at the tunnel, violently and it’s getting worse!",medium
"There’s a abandoned and chaotic assault on the school, suddenly that’s blocking traffic!",medium
"There’s a vandalized and severe landslide in the stadium, suddenly in the middle of the night!",low
"There’s a freezing and horrible shooting on the factory, suddenly and it’s getting worse!",high
"A firefighter found a loud assault in the store, dangerously with no one helping!",low
"There’s a stuck and intense riot on the tunnel, suddenly near my house!",high
"There’s a broken and rapid vandalism in the subway, violently in the middle of the night!",emergency
"There’s a burning and unexpected robbery on the shopping mall, urgently right now!",low
"A kid found a sudden shooting in the factory, dangerously with no one helping!",low
"A cat see a unexpected gas leak on the school, unexpectedly causing a huge mess!",severe
"A woman hear a dangerous flood in the alley, suddenly with no one helping!",immediate
"There’s a unconscious and intense roadblock at the stadium, loudly right now!",medium
"A child hear a horrible gas leak on the factory, loudly right now!",immediate
"There’s a missing and horrible crash in the school, rapidly in the middle of the night!",low
"A student found a intense vandalism at the hospital, unexpectedly with no one helping!",medium
"A cat hear a chaotic leak on the school, quickly with no one helping!",medium
"There’s a freezing and uncontrolled fire in the street, violently with no one helping!",medium
"There’s a hurt and loud riot at the factory, urgently causing a huge mess!",alert
"A cat found a intense gas leak in the hospital, violently that’s blocking traffic!",low
"A student found a massive explosion on the office building, quickly and it’s getting worse!",low
"There’s a trapped and massive earthquake on the store, unexpectedly near my house!",medium
"There’s a drowning and rapid riot in the subway, suddenly with no one helping!",medium
"There’s a freezing and massive fire in the subway, urgently and it’s getting worse!",high
"A cyclist hear a severe assault in the park, frantically in the middle of the night!",medium
"A police officer hear a terrifying gas leak at the store, quickly in the middle of the night!",medium
"A child see a chaotic roadblock at the beach, suddenly causing a huge mess!",medium
"A dog found a strange roadblock at the school, urgently causing a huge mess!",alert
"An old man found a severe medical emergency in the hospital, rapidly causing a huge mess!",emergency
"There’s a burning and intense scream in the tunnel, violently that’s blocking traffic!",critical
"There’s a unstable and uncontrolled shooting in the park, frantically causing a huge mess!",medium
"A firefighter found a intense flood on the street, suddenly right now!",emergency
"A police officer hear a strange fight in the factory, rapidly in the middle of the night!",medium
"A group of people see a massive leak on the construction site, unexpectedly causing a huge mess!",severe
"Someone hear a dangerous crash on the school, loudly with no one helping!",alert
"A firefighter hear a uncontrolled vandalism on the stadium, violently near my house!",low
"There’s a unstable and loud shooting on the beach, unexpectedly with no one helping!",medium
"There’s a broken and massive explosion on the street, unexpectedly near my house!",severe
"There’s a suffocating and rapid riot in the subway, violently in the middle of the night!",medium
"There’s a unstable and uncontrolled robbery on the bridge, dangerously and it’s getting worse!",emergency
"A cyclist found a rapid roadblock in the alley, suddenly and people are panicking!",critical
"A woman see a loud flood on the shopping mall, loudly that’s blocking traffic!",high
"A dog hear a uncontrolled shooting at the alley, urgently and it’s getting worse!",severe
"A stranger see a dangerous vandalism in the alley, dangerously with no one helping!",medium
"An old man found a intense drowning on the subway, quickly with no one helping!",life-threatening
"A cat hear a intense medical emergency at the subway, loudly that’s blocking traffic!",low
"A cyclist hear a chaotic flood at the parking lot, frantically with no one helping!",medium
"Someone found a sudden riot at the store, quickly near my house!",immediate
"A police officer found a horrible landslide at the shopping mall, dangerously and it’s getting worse!",medium
"There’s a malfunctioning and intense fight in the hospital, loudly near my house!",emergency
"There’s a lost and chaotic robbery at the construction site, loudly and people are panicking!",medium
"There’s a drowning and unexpected robbery in the parking lot, unexpectedly and it’s getting worse!",critical
"There’s a hijacked and severe scream on the factory, violently right now!",low
"Someone hear a rapid explosion at the subway, violently in the middle of the night!",alert
"There’s a bleeding and horrible explosion in the alley, frantically that’s blocking traffic!",medium
"There’s a malfunctioning and chaotic power outage at the bridge, violently in the middle of the night!",emergency
"There’s a unconscious and uncontrolled drowning in the office building, urgently near my house!",high
"Someone found a severe landslide in the store, dangerously right now!",high
"There’s a drowning and chaotic medical emergency at the park, violently right now!",low
"A passenger hear a sudden gas leak in the bridge, dangerously and people are panicking!",medium
"There’s a missing and intense gas leak on the shopping mall, violently in the middle of the night!",medium
"There’s a malfunctioning and horrible crash on the tunnel, unexpectedly causing a huge mess!",high
"A driver hear a loud explosion in the alley, suddenly and it’s getting worse!",high
"My neighbor found a horrible medical emergency on the tunnel, quickly right now!",high
"There’s a abandoned and loud riot in the shopping mall, quickly near my house!",high
"There’s a collapsing and strange fire on the tunnel, urgently that’s blocking traffic!",immediate
"A student see a sudden explosion in the factory, frantically right now!",medium
"There’s a lost and loud fight in the house, rapidly in the middle of the night!",high
"There’s a hijacked and strange power outage on the park, quickly that’s blocking traffic!",low
"A cyclist see a chaotic fire at the apartment, frantically near my house!",medium
"There’s a collapsing and rapid power outage at the highway, violently and it’s getting worse!",alert
"There’s a hurt and massive fight at the shopping mall, loudly in the middle of the night!",immediate
"There’s a hijacked and terrifying riot on the factory, quickly and it’s getting worse!",medium
"There’s a missing and strange fight on the park, dangerously and it’s getting worse!",low
"There’s a burning and intense fire in the shopping mall, violently near my house!",low
"A stranger see a loud earthquake on the construction site, dangerously causing a huge mess!",medium
"I hear a unexpected gas leak on the alley, unexpectedly near my house!",medium
"There’s a unconscious and chaotic robbery in the park, dangerously near my house!",medium
"There’s a malfunctioning and unexpected scream in the tunnel, suddenly right now!",high
"There’s a stuck and horrible scream at the tunnel, unexpectedly in the middle of the night!",low
"There’s a broken and uncontrolled drowning in the stadium, urgently causing a huge mess!",medium
"There’s a vandalized and massive riot on the stadium, suddenly near my house!",medium
"There’s a trapped and sudden explosion at the factory, rapidly and people are panicking!",high
"My neighbor hear a horrible gas leak at the tunnel, rapidly and people are panicking!",high
"There’s a suffocating and intense earthquake on the beach, frantically that’s blocking traffic!",immediate
"There’s a bleeding and uncontrolled power outage on the alley, quickly near my house!",critical
"There’s a vandalized and intense roadblock at the park, urgently right now!",low
"There’s a unconscious and dangerous explosion at the construction site, dangerously that’s blocking traffic!",low
"A kid hear a massive roadblock at the construction site, frantically and people are panicking!",critical
"There’s a abandoned and chaotic roadblock at the store, urgently near my house!",low
"There’s a burning and intense landslide in the alley, loudly near my house!",medium
"A student see a uncontrolled flood on the subway, urgently and it’s getting worse!",high
"There’s a bleeding and severe vandalism at the apartment, suddenly in the middle of the night!",high
"There’s a lost and chaotic fire at the park, suddenly near my house!",low
"A police officer found a severe flood on the park, urgently with no one helping!",medium
"A dog found a rapid vandalism on the parking lot, rapidly in the middle of the night!",alert
"A stranger see a massive fight at the factory, unexpectedly near my house!",medium
"There’s a unconscious and dangerous riot at the house, urgently with no one helping!",alert
"There’s a stuck and rapid assault on the hospital, rapidly right now!",medium
"There’s a lost and horrible gas leak in the house, rapidly that’s blocking traffic!",high
"There’s a stuck and uncontrolled medical emergency in the park, dangerously right now!",critical
"Someone hear a strange vandalism in the bridge, rapidly causing a huge mess!",medium
"An old man found a sudden riot on the office building, suddenly with no one helping!",alert
"A dog found a rapid robbery in the subway, frantically right now!",immediate
"There’s a drowning and terrifying shooting in the shopping mall, violently and people are panicking!",medium
"There’s a broken and sudden drowning on the street, suddenly in the middle of the night!",low
"Someone hear a chaotic drowning at the house, rapidly that’s blocking traffic!",high
"A police officer see a horrible crash on the park, suddenly with no one helping!",high
"A student see a uncontrolled explosion in the shopping mall, quickly with no one helping!",medium
"A child see a dangerous power outage on the stadium, urgently and it’s getting worse!",critical
"An old man hear a massive leak in the apartment, rapidly and people are panicking!",critical
"A cyclist found a strange roadblock at the house, suddenly causing a huge mess!",high
"There’s a drowning and dangerous crash on the subway, dangerously with no one helping!",high
"There’s a drowning and loud robbery at the beach, frantically near my house!",emergency
"There’s a broken and uncontrolled gas leak on the highway, loudly that’s blocking traffic!",emergency
"A student hear a rapid earthquake on the school, rapidly and people are panicking!",low
"A cat see a chaotic robbery in the tunnel, unexpectedly that’s blocking traffic!",high
"A group of people hear a unexpected drowning in the alley, quickly with no one helping!",low
"A driver hear a terrifying drowning in the stadium, quickly right now!",high
"A child hear a intense riot at the stadium, violently in the middle of the night!",high
"A cyclist see a terrifying gas leak in the subway, frantically with no one helping!",critical
"There’s a stuck and loud scream at the tunnel, suddenly right now!",emergency
"A cat see a severe shooting at the subway, quickly and people are panicking!",high
"There’s a suffocating and severe drowning at the office building, frantically and people are panicking!",high
"A police officer found a dangerous vandalism on the house, suddenly in the middle of the night!",low
"There’s a malfunctioning and sudden medical emergency in the parking lot, violently and people are panicking!",alert
"There’s a vandalized and massive robbery in the beach, unexpectedly that’s blocking traffic!",critical
"A dog see a severe medical emergency in the tunnel, loudly with no one helping!",low
"There’s a vandalized and dangerous landslide at the factory, violently and it’s getting worse!",high
"There’s a broken and rapid roadblock in the house, rapidly causing a huge mess!",critical
"There’s a broken and strange vandalism in the beach, violently with no one helping!",medium
"A child found a massive fight in the house, unexpectedly causing a huge mess!",medium
"A shopkeeper see a horrible fight in the office building, violently right now!",high
"A cyclist found a rapid flood in the parking lot, suddenly near my house!",medium
"A driver found a unexpected vandalism at the hospital, loudly causing a huge mess!",critical
"I see a severe scream at the park, suddenly with no one helping!",critical
"There’s a suffocating and uncontrolled scream in the factory, violently with no one helping!",critical
"There’s a bleeding and massive earthquake in the subway, rapidly in the middle of the night!",critical
"There’s a drowning and strange drowning on the apartment, frantically near my house!",high
"There’s a bleeding and chaotic power outage in the house, dangerously and people are panicking!",critical
"There’s a lost and chaotic explosion in the office building, loudly and it’s getting worse!",critical
"A cat found a rapid roadblock in the street, loudly in the middle of the night!",low
"A passenger hear a sudden medical emergency on the stadium, urgently with no one helping!",high
"There’s a malfunctioning and sudden crash on the office building, violently that’s blocking traffic!",high
"My neighbor hear a unexpected shooting in the park, rapidly that’s blocking traffic!",immediate
"There’s a unstable and intense power outage on the highway, loudly with no one helping!",critical
"A cat see a unexpected assault on the alley, urgently near my house!",medium
"I found a sudden gas leak at the factory, frantically in the middle of the night!",emergency
"There’s a burning and unexpected fight on the highway, rapidly with no one helping!",high
"A police officer hear a sudden vandalism in the office building, unexpectedly and it’s getting worse!",high
"I found a unexpected drowning on the parking lot, frantically that’s blocking traffic!",emergency
"There’s a bleeding and horrible explosion on the street, rapidly causing a huge mess!",high
"There’s a malfunctioning and uncontrolled leak on the street, quickly and people are panicking!",critical
"There’s a suffocating and chaotic roadblock at the factory, quickly in the middle of the night!",critical
"There’s a lost and intense shooting at the factory, frantically and people are panicking!",medium
"There’s a burning and strange scream in the bridge, urgently causing a huge mess!",critical
"A stranger see a uncontrolled earthquake on the factory, violently near my house!",low
"A student see a chaotic assault at the house, urgently near my house!",low
"A cyclist see a strange roadblock on the subway, violently causing a huge mess!",life-threatening
"There’s a collapsing and massive explosion at the tunnel, loudly in the middle of the night!",medium
"There’s a unstable and dangerous riot on the subway, quickly in the middle of the night!",life-threatening
"There’s a missing and chaotic power outage on the house, violently near my house!",emergency
"A cat hear a chaotic robbery on the store, suddenly causing a huge mess!",immediate
"There’s a collapsing and massive power outage on the hospital, quickly causing a huge mess!",high
"There’s a malfunctioning and horrible drowning on the construction site, violently causing a huge mess!",low
"A firefighter see a loud landslide at the construction site, loudly and people are panicking!",high
"There’s a freezing and rapid earthquake at the school, frantically near my house!",low
"An old man found a terrifying roadblock on the highway, quickly causing a huge mess!",severe
"There’s a collapsing and intense gas leak at the school, violently that’s blocking traffic!",high
"I found a unexpected gas leak in the factory, suddenly that’s blocking traffic!",medium
"A driver hear a rapid gas leak on the alley, violently with no one helping!",medium
"There’s a hijacked and strange shooting in the tunnel, dangerously causing a huge mess!",immediate
"A police officer see a chaotic fire at the store, violently and it’s getting worse!",medium
"There’s a hijacked and strange medical emergency at the tunnel, unexpectedly with no one helping!",emergency
"There’s a drowning and uncontrolled power outage in the alley, urgently that’s blocking traffic!",low
"A group of people found a intense robbery on the house, frantically near my house!",life-threatening
"There’s a bleeding and chaotic robbery in the school, suddenly near my house!",critical
"A driver see a rapid drowning in the stadium, rapidly right now!",medium
"A police officer hear a massive power outage on the construction site, urgently in the middle of the night!",medium
"A firefighter see a sudden robbery at the office building, unexpectedly and people are panicking!",medium
"There’s a hurt and massive power outage in the store, urgently near my house!",medium
"There’s a collapsing and rapid fire on the factory, rapidly near my house!",medium
"There’s a abandoned and severe riot in the beach, loudly near my house!",life-threatening
"There’s a lost and unexpected earthquake at the store, suddenly right now!",low
"My neighbor see a loud landslide on the street, quickly right now!",critical
"I found a loud medical emergency in the beach, urgently and it’s getting worse!",low
"There’s a broken and dangerous fight on the house, frantically and people are panicking!",medium
"There’s a suffocating and chaotic power outage on the store, suddenly and it’s getting worse!",medium
"A driver found a sudden robbery on the apartment, urgently causing a huge mess!",immediate
"A firefighter found a dangerous scream on the alley, urgently and it’s getting worse!",low
"A child found a sudden vandalism on the subway, dangerously with no one helping!",medium
"There’s a stuck and horrible flood on the factory, dangerously and it’s getting worse!",low
"A cyclist see a loud landslide at the beach, quickly causing a huge mess!",medium
"A woman see a chaotic fight in the parking lot, frantically right now!",life-threatening
"A woman found a chaotic fire at the shopping mall, urgently with no one helping!",critical
"There’s a malfunctioning and strange fire on the street, frantically that’s blocking traffic!",alert
"There’s a unconscious and severe riot in the tunnel, violently and people are panicking!",immediate
"There’s a vandalized and sudden explosion in the store, rapidly causing a huge mess!",emergency
"A kid found a terrifying flood on the parking lot, suddenly in the middle of the night!",immediate
"A dog hear a terrifying riot on the highway, unexpectedly that’s blocking traffic!",high
"There’s a missing and sudden shooting in the subway, rapidly right now!",low
"There’s a unconscious and sudden vandalism in the office building, frantically with no one helping!",low
"A shopkeeper see a intense riot at the subway, violently with no one helping!",high
"A student hear a unexpected earthquake on the park, quickly that’s blocking traffic!",low
"There’s a drowning and horrible gas leak on the construction site, frantically right now!",high
"There’s a drowning and massive power outage on the parking lot, urgently and it’s getting worse!",critical
"A kid see a terrifying assault in the construction site, unexpectedly with no one helping!",emergency
"A child found a sudden roadblock at the house, suddenly near my house!",medium
"A student see a intense scream at the beach, suddenly and people are panicking!",immediate
"There’s a unconscious and sudden landslide on the beach, urgently and it’s getting worse!",high
"There’s a collapsing and chaotic robbery on the beach, rapidly and it’s getting worse!",low
"A cat hear a massive scream at the beach, unexpectedly and people are panicking!",low
"A dog see a unexpected robbery at the store, suddenly and people are panicking!",high
"My neighbor hear a massive vandalism in the construction site, frantically in the middle of the night!",high
"There’s a collapsing and loud medical emergency at the stadium, urgently and it’s getting worse!",medium
"There’s a unconscious and intense medical emergency on the beach, unexpectedly in the middle of the night!",life-threatening
"There’s a unconscious and chaotic flood at the school, dangerously causing a huge mess!",immediate
"A group of people hear a massive scream at the beach, dangerously in the middle of the night!",high
"A student hear a severe explosion on the construction site, rapidly with no one helping!",low
"A woman hear a terrifying crash in the office building, rapidly causing a huge mess!",emergency
"There’s a bleeding and severe robbery at the beach, urgently that’s blocking traffic!",alert
"There’s a collapsing and uncontrolled riot at the stadium, violently and it’s getting worse!",medium
"A group of people hear a chaotic leak on the factory, suddenly that’s blocking traffic!",emergency
"There’s a freezing and severe explosion on the store, dangerously and it’s getting worse!",low
"There’s a missing and loud power outage at the construction site, urgently and people are panicking!",emergency
"There’s a suffocating and unexpected landslide in the tunnel, suddenly right now!",alert
"There’s a stuck and chaotic scream on the construction site, urgently and people are panicking!",high
"There’s a broken and massive riot at the factory, unexpectedly that’s blocking traffic!",critical
"There’s a broken and rapid assault in the subway, frantically causing a huge mess!",low
"There’s a stuck and dangerous scream in the beach, unexpectedly in the middle of the night!",critical
"There’s a burning and unexpected scream at the highway, dangerously and people are panicking!",high
"A cat hear a rapid medical emergency on the stadium, dangerously causing a huge mess!",low
"A kid hear a chaotic landslide in the tunnel, frantically that’s blocking traffic!",low
"There’s a collapsing and dangerous explosion in the store, loudly in the middle of the night!",high
"A woman hear a intense leak at the tunnel, urgently and people are panicking!",medium
"There’s a hurt and unexpected vandalism in the hospital, frantically near my house!",high
"There’s a malfunctioning and severe gas leak in the street, quickly with no one helping!",high
"There’s a abandoned and severe vandalism in the apartment, dangerously in the middle of the night!",low
"There’s a stuck and unexpected assault on the stadium, violently and it’s getting worse!",medium
"There’s a hurt and severe vandalism at the parking lot, unexpectedly right now!",critical
"There’s a drowning and strange flood on the office building, frantically right now!",low
"A passenger hear a dangerous scream at the beach, urgently right now!",immediate
"A woman hear a massive scream in the factory, rapidly right now!",low
"A stranger found a sudden scream on the hospital, urgently and people are panicking!",severe
"A cyclist hear a strange gas leak in the beach, quickly and people are panicking!",low
"There’s a suffocating and terrifying robbery on the construction site, rapidly and it’s getting worse!",life-threatening
"A stranger found a chaotic crash at the shopping mall, loudly and it’s getting worse!",high
"A police officer hear a massive scream at the shopping mall, quickly right now!",immediate
"I see a rapid gas leak at the beach, rapidly and it’s getting worse!",critical
"There’s a lost and strange shooting on the store, unexpectedly near my house!",low
"A firefighter see a loud scream on the subway, dangerously in the middle of the night!",high
"A shopkeeper hear a severe fire on the factory, urgently that’s blocking traffic!",medium
"A firefighter hear a uncontrolled shooting on the highway, loudly near my house!",low
"A passenger hear a horrible landslide at the stadium, quickly in the middle of the night!",high
"There’s a broken and uncontrolled gas leak on the highway, loudly that’s blocking traffic!",medium
"A shopkeeper found a intense drowning at the school, suddenly with no one helping!",emergency
"A kid found a sudden earthquake on the school, urgently right now!",life-threatening
"There’s a freezing and dangerous flood at the shopping mall, suddenly right now!",critical
"There’s a vandalized and sudden explosion at the shopping mall, unexpectedly in the middle of the night!",high
"A shopkeeper hear a strange shooting in the factory, suddenly and it’s getting worse!",emergency
"A kid found a sudden medical emergency on the store, rapidly in the middle of the night!",medium
"My neighbor see a uncontrolled roadblock in the highway, loudly right now!",high
"There’s a broken and massive drowning at the alley, dangerously that’s blocking traffic!",low
"I see a intense roadblock on the parking lot, dangerously right now!",medium
"There’s a malfunctioning and rapid robbery at the park, dangerously that’s blocking traffic!",medium
"There’s a stuck and strange explosion in the street, unexpectedly right now!",medium
"A passenger see a loud fire at the apartment, urgently with no one helping!",medium
"A passenger hear a uncontrolled gas leak on the highway, violently that’s blocking traffic!",low
"I found a rapid explosion at the factory, loudly and people are panicking!",low
"There’s a missing and chaotic flood on the factory, frantically causing a huge mess!",life-threatening
"There’s a burning and unexpected scream at the street, violently right now!",life-threatening
"An old man see a uncontrolled leak in the parking lot, frantically with no one helping!",emergency
"There’s a vandalized and unexpected earthquake in the shopping mall, loudly with no one helping!",high
"My neighbor see a severe robbery at the apartment, loudly and it’s getting worse!",medium
"A student see a uncontrolled crash on the school, suddenly and it’s getting worse!",high
"I hear a severe explosion at the subway, quickly causing a huge mess!",low
"There’s a stuck and chaotic crash at the beach, violently and it’s getting worse!",medium
"There’s a suffocating and chaotic power outage in the construction site, unexpectedly with no one helping!",medium
"There’s a lost and terrifying robbery in the hospital, urgently near my house!",high
"There’s a drowning and massive scream on the factory, violently that’s blocking traffic!",high
"A student found a loud earthquake at the stadium, quickly in the middle of the night!",life-threatening
"A shopkeeper see a massive shooting on the subway, suddenly right now!",alert
"A shopkeeper see a severe leak in the stadium, rapidly and it’s getting worse!",medium
"A group of people see a dangerous roadblock in the tunnel, unexpectedly in the middle of the night!",alert
"There’s a broken and unexpected assault at the bridge, frantically causing a huge mess!",medium
"There’s a freezing and horrible vandalism on the shopping mall, loudly near my house!",medium
"A shopkeeper found a dangerous power outage on the tunnel, unexpectedly and it’s getting worse!",low
"A dog see a strange leak in the house, rapidly with no one helping!",immediate
"There’s a vandalized and loud earthquake at the office building, loudly near my house!",medium
"There’s a trapped and intense fight on the park, frantically and it’s getting worse!",severe
"My neighbor hear a dangerous gas leak on the shopping mall, rapidly in the middle of the night!",high
"There’s a broken and massive robbery at the subway, quickly right now!",medium
"There’s a missing and horrible roadblock at the factory, dangerously and people are panicking!",emergency
"There’s a missing and dangerous scream at the park, unexpectedly and people are panicking!",critical
"An old man see a loud medical emergency on the subway, violently that’s blocking traffic!",low
"There’s a stuck and sudden gas leak at the construction site, violently that’s blocking traffic!",medium
"There’s a abandoned and severe leak at the factory, loudly in the middle of the night!",critical
"An old man see a dangerous crash in the store, suddenly in the middle of the night!",high
"There’s a stuck and severe gas leak at the tunnel, suddenly that’s blocking traffic!",critical
"There’s a collapsing and severe drowning at the construction site, rapidly right now!",life-threatening
"An old man see a strange drowning on the apartment, frantically and it’s getting worse!",immediate
"My neighbor found a sudden scream on the hospital, suddenly that’s blocking traffic!",immediate
"There’s a freezing and chaotic crash at the factory, urgently that’s blocking traffic!",critical
"A police officer hear a severe earthquake on the subway, unexpectedly right now!",high
"There’s a abandoned and strange gas leak at the park, suddenly near my house!",high
"A kid found a severe shooting on the shopping mall, rapidly right now!",severe
"There’s a malfunctioning and intense riot in the alley, dangerously that’s blocking traffic!",high
"A police officer hear a intense leak at the subway, dangerously causing a huge mess!",life-threatening
"A student found a unexpected gas leak in the stadium, frantically and it’s getting worse!",critical
"There’s a unstable and loud vandalism in the store, dangerously near my house!",low
"There’s a broken and uncontrolled medical emergency in the street, urgently causing a huge mess!",medium
"I hear a loud crash on the hospital, loudly causing a huge mess!",medium
"There’s a malfunctioning and dangerous flood in the hospital, violently that’s blocking traffic!",severe
"A student hear a horrible medical emergency on the construction site, loudly causing a huge mess!",medium
"There’s a collapsing and chaotic landslide in the shopping mall, suddenly in the middle of the night!",low
"There’s a collapsing and severe drowning on the tunnel, unexpectedly and it’s getting worse!",medium
"A passenger hear a severe riot on the park, dangerously and people are panicking!",medium
"My neighbor hear a terrifying shooting at the bridge, loudly causing a huge mess!",emergency
"A student found a chaotic gas leak at the park, loudly in the middle of the night!",high
"A dog found a rapid fight in the shopping mall, rapidly in the middle of the night!",high
"There’s a vandalized and sudden power outage on the bridge, dangerously that’s blocking traffic!",high
"I hear a terrifying roadblock on the house, quickly and it’s getting worse!",high
"There’s a unstable and loud fire in the house, suddenly that’s blocking traffic!",low
"An old man see a rapid assault at the subway, rapidly and people are panicking!",medium
"A stranger see a dangerous earthquake on the alley, suddenly in the middle of the night!",medium
"There’s a freezing and massive shooting on the stadium, rapidly causing a huge mess!",medium
"A driver hear a terrifying assault in the construction site, suddenly with no one helping!",low
"There’s a hurt and rapid riot at the parking lot, loudly with no one helping!",high
"An old man hear a rapid roadblock on the hospital, suddenly in the middle of the night!",low
"An old man hear a unexpected robbery on the stadium, quickly in the middle of the night!",severe
"I found a sudden power outage in the house, urgently that’s blocking traffic!",critical
"A group of people found a unexpected drowning at the factory, suddenly in the middle of the night!",low
"There’s a malfunctioning and severe riot on the office building, quickly causing a huge mess!",low
"A shopkeeper see a unexpected riot on the office building, urgently near my house!",critical
"A woman see a terrifying earthquake on the parking lot, quickly and it’s getting worse!",medium
"There’s a freezing and strange gas leak in the street, urgently with no one helping!",critical
"There’s a vandalized and severe robbery on the school, loudly with no one helping!",alert
"There’s a drowning and strange fight in the alley, frantically near my house!",emergency
"There’s a lost and uncontrolled shooting at the park, rapidly in the middle of the night!",medium
"A driver found a loud scream in the house, unexpectedly in the middle of the night!",critical
"A dog found a massive roadblock in the parking lot, violently with no one helping!",high
"A child see a uncontrolled flood at the tunnel, unexpectedly that’s blocking traffic!",high
"There’s a lost and massive robbery in the house, unexpectedly causing a huge mess!",high
"There’s a stuck and chaotic gas leak in the house, loudly and it’s getting worse!",medium
"There’s a hurt and terrifying roadblock on the office building, frantically causing a huge mess!",low
"A shopkeeper found a strange assault on the parking lot, unexpectedly right now!",medium
"A passenger see a horrible explosion in the beach, dangerously and it’s getting worse!",low
"There’s a malfunctioning and severe vandalism on the tunnel, loudly right now!",medium
"A kid hear a dangerous drowning on the construction site, urgently that’s blocking traffic!",low
"There’s a missing and dangerous landslide in the apartment, suddenly right now!",low
"There’s a unconscious and massive medical emergency at the bridge, violently with no one helping!",high
"A student found a uncontrolled gas leak on the tunnel, rapidly and it’s getting worse!",low
"There’s a broken and sudden vandalism at the parking lot, quickly in the middle of the night!",emergency
"There’s a drowning and sudden gas leak at the school, loudly that’s blocking traffic!",immediate
"There’s a suffocating and rapid explosion in the parking lot, loudly with no one helping!",immediate
"There’s a suffocating and rapid earthquake in the highway, urgently with no one helping!",alert
"A cyclist found a rapid explosion at the house, frantically causing a huge mess!",immediate
"Someone found a rapid explosion on the house, quickly that’s blocking traffic!",low
"There’s a abandoned and chaotic scream at the parking lot, frantically and it’s getting worse!",emergency
"A group of people hear a severe crash on the store, violently near my house!",emergency
"A firefighter see a unexpected flood in the bridge, dangerously near my house!",medium
"There’s a unconscious and severe assault at the store, unexpectedly that’s blocking traffic!",critical
"There’s a lost and uncontrolled robbery at the office building, urgently and it’s getting worse!",critical
"A stranger see a horrible assault in the subway, urgently causing a huge mess!",medium
"A passenger see a rapid vandalism on the shopping mall, quickly that’s blocking traffic!",critical
"There’s a freezing and rapid explosion in the construction site, unexpectedly and it’s getting worse!",life-threatening
"A driver hear a rapid gas leak at the beach, rapidly causing a huge mess!",emergency
"A police officer found a dangerous earthquake in the apartment, rapidly that’s blocking traffic!",medium
"A child see a horrible earthquake at the apartment, rapidly with no one helping!",low
"There’s a broken and dangerous earthquake at the bridge, frantically that’s blocking traffic!",immediate
"Someone found a massive roadblock at the apartment, frantically and it’s getting worse!",medium
"A kid see a horrible assault in the park, rapidly in the middle of the night!",low
"A woman found a horrible crash in the beach, urgently and it’s getting worse!",emergency
"There’s a broken and loud fire in the park, rapidly that’s blocking traffic!",medium
"There’s a suffocating and loud medical emergency in the alley, quickly and it’s getting worse!",emergency
"There’s a broken and loud crash on the store, unexpectedly causing a huge mess!",low
"A kid see a severe robbery on the house, suddenly with no one helping!",high
"I hear a uncontrolled gas leak on the office building, dangerously causing a huge mess!",high
"A firefighter see a chaotic earthquake in the bridge, frantically near my house!",medium
"A woman hear a unexpected explosion on the shopping mall, violently right now!",medium
"A child see a massive flood in the construction site, suddenly and it’s getting worse!",life-threatening
"There’s a suffocating and loud crash at the hospital, violently that’s blocking traffic!",immediate
"A stranger see a rapid crash in the bridge, suddenly and people are panicking!",high
"There’s a unconscious and horrible fire at the hospital, dangerously that’s blocking traffic!",low
"There’s a trapped and loud crash on the beach, dangerously right now!",medium
"There’s a unstable and loud earthquake in the store, unexpectedly that’s blocking traffic!",low
"There’s a vandalized and dangerous assault at the construction site, urgently that’s blocking traffic!",high
"There’s a broken and uncontrolled earthquake at the parking lot, frantically with no one helping!",high
"A stranger hear a loud power outage in the tunnel, dangerously right now!",low
"A woman see a loud fight in the stadium, unexpectedly that’s blocking traffic!",emergency
"There’s a unconscious and uncontrolled shooting in the beach, unexpectedly and it’s getting worse!",medium
"There’s a unconscious and chaotic medical emergency on the stadium, urgently causing a huge mess!",medium
"There’s a abandoned and horrible scream on the store, loudly causing a huge mess!",critical
"Someone see a loud power outage at the hospital, frantically that’s blocking traffic!",low
"A student see a strange scream in the bridge, frantically right now!",critical
"A child hear a unexpected crash at the apartment, loudly and people are panicking!",low
"A passenger hear a chaotic landslide in the subway, unexpectedly and it’s getting worse!",life-threatening
"A stranger hear a uncontrolled drowning in the street, rapidly in the middle of the night!",medium
"There’s a lost and dangerous leak on the beach, dangerously near my house!",critical
"There’s a stuck and massive robbery on the alley, quickly right now!",immediate
"A child found a horrible assault at the alley, unexpectedly near my house!",medium
"There’s a suffocating and chaotic explosion at the highway, dangerously and it’s getting worse!",low
"There’s a missing and horrible medical emergency at the beach, frantically in the middle of the night!",high
"There’s a stuck and uncontrolled flood on the office building, unexpectedly causing a huge mess!",medium
"A child found a massive assault in the school, urgently in the middle of the night!",low
"A passenger see a intense gas leak at the beach, suddenly with no one helping!",medium
"There’s a lost and horrible explosion in the alley, dangerously and it’s getting worse!",emergency
"There’s a unstable and uncontrolled flood in the hospital, suddenly in the middle of the night!",high
"There’s a vandalized and terrifying power outage at the house, violently and it’s getting worse!",high
"There’s a malfunctioning and intense robbery in the stadium, suddenly causing a huge mess!",severe
"A driver hear a unexpected shooting on the apartment, unexpectedly near my house!",severe
"My neighbor hear a strange shooting at the subway, urgently near my house!",high
"There’s a freezing and severe fight in the apartment, rapidly that’s blocking traffic!",alert
"A firefighter hear a loud shooting on the street, loudly causing a huge mess!",medium
"A shopkeeper see a chaotic leak at the store, loudly causing a huge mess!",low
"There’s a lost and chaotic fire on the house, loudly right now!",high
"There’s a malfunctioning and loud fight on the parking lot, urgently right now!",medium
"A dog see a horrible crash in the school, loudly and it’s getting worse!",critical
"There’s a collapsing and strange robbery on the beach, dangerously and it’s getting worse!",medium
"There’s a suffocating and severe explosion in the bridge, rapidly in the middle of the night!",medium
"A kid see a strange landslide at the shopping mall, quickly and it’s getting worse!",low
"There’s a drowning and uncontrolled assault at the stadium, frantically and it’s getting worse!",low
"There’s a burning and rapid riot on the highway, rapidly and it’s getting worse!",medium
"There’s a freezing and uncontrolled drowning on the hospital, quickly causing a huge mess!",immediate
"There’s a unconscious and terrifying assault at the construction site, loudly that’s blocking traffic!",low
"There’s a trapped and dangerous roadblock on the apartment, unexpectedly near my house!",emergency
"There’s a malfunctioning and strange vandalism at the stadium, urgently right now!",low
"A passenger see a intense crash on the shopping mall, quickly that’s blocking traffic!",medium
"Someone hear a uncontrolled shooting in the office building, unexpectedly with no one helping!",high
"A group of people found a strange crash at the hospital, rapidly near my house!",high
"There’s a trapped and intense fire on the highway, frantically near my house!",life-threatening
"There’s a bleeding and horrible roadblock in the hospital, dangerously with no one helping!",high
"A shopkeeper see a severe roadblock on the alley, violently with no one helping!",high
"There’s a collapsing and intense roadblock on the hospital, frantically near my house!",low
"There’s a drowning and unexpected drowning in the stadium, urgently and people are panicking!",low
"A kid hear a severe riot at the alley, suddenly with no one helping!",medium
"A driver see a rapid power outage on the highway, dangerously and it’s getting worse!",immediate
"There’s a drowning and intense landslide in the store, suddenly and people are panicking!",low
"There’s a missing and severe robbery on the parking lot, dangerously that’s blocking traffic!",high
"There’s a collapsing and horrible gas leak in the highway, rapidly right now!",medium
"A firefighter hear a loud power outage at the alley, loudly causing a huge mess!",medium
"A stranger see a massive vandalism in the stadium, loudly with no one helping!",medium
"There’s a unconscious and severe explosion at the tunnel, dangerously with no one helping!",life-threatening
"There’s a unstable and dangerous earthquake on the apartment, urgently that’s blocking traffic!",low
"A cat found a sudden scream in the school, frantically that’s blocking traffic!",high
"A passenger see a intense earthquake on the school, frantically and it’s getting worse!",high
"A driver hear a strange riot at the subway, quickly right now!",medium
"An old man hear a horrible robbery in the tunnel, urgently with no one helping!",medium
"Someone see a dangerous robbery in the shopping mall, dangerously with no one helping!",high
"An old man found a rapid explosion in the school, loudly and people are panicking!",medium
"There’s a trapped and terrifying riot on the beach, quickly causing a huge mess!",immediate
"My neighbor found a severe earthquake at the stadium, urgently and people are panicking!",low
"There’s a vandalized and massive earthquake in the school, unexpectedly near my house!",emergency
"A cat found a unexpected shooting on the construction site, urgently near my house!",medium
"I found a severe scream at the house, quickly near my house!",immediate
"A kid see a sudden landslide in the shopping mall, quickly with no one helping!",emergency
"A kid hear a massive power outage on the hospital, urgently in the middle of the night!",low
"A police officer see a chaotic crash at the parking lot, quickly and people are panicking!",high
"There’s a hijacked and rapid crash on the shopping mall, violently in the middle of the night!",medium
"A kid see a intense explosion in the house, urgently and people are panicking!",high
"My neighbor found a loud robbery in the parking lot, violently and it’s getting worse!",high
"A group of people hear a loud medical emergency at the office building, urgently in the middle of the night!",medium
"There’s a hurt and terrifying medical emergency on the office building, frantically right now!",medium
"Someone hear a chaotic gas leak on the school, loudly near my house!",low
"I see a unexpected drowning in the hospital, loudly and people are panicking!",low
"There’s a freezing and dangerous vandalism in the construction site, quickly that’s blocking traffic!",low
"A woman hear a loud leak in the school, suddenly right now!",critical
"There’s a hurt and dangerous fight at the shopping mall, rapidly with no one helping!",low
"There’s a broken and severe robbery at the apartment, rapidly right now!",severe
"A cyclist found a intense power outage at the hospital, loudly and it’s getting worse!",immediate
"A woman found a unexpected leak on the school, unexpectedly and it’s getting worse!",critical
"A group of people hear a horrible flood at the office building, urgently right now!",low
"There’s a drowning and severe power outage at the office building, suddenly causing a huge mess!",high
"Someone see a loud earthquake in the park, rapidly with no one helping!",immediate
"A kid hear a severe leak on the subway, unexpectedly right now!",low
"A shopkeeper see a terrifying fight in the store, loudly with no one helping!",high
"A police officer hear a terrifying explosion on the stadium, rapidly and it’s getting worse!",medium
"There’s a malfunctioning and sudden power outage in the school, urgently near my house!",medium
"There’s a lost and terrifying power outage at the parking lot, suddenly that’s blocking traffic!",medium
"There’s a abandoned and loud robbery on the shopping mall, urgently with no one helping!",low
"There’s a stuck and terrifying gas leak on the store, unexpectedly in the middle of the night!",alert
"A woman found a strange leak on the school, unexpectedly and people are panicking!",immediate
"There’s a unstable and rapid explosion in the apartment, dangerously and it’s getting worse!",medium
"There’s a hurt and horrible drowning on the subway, loudly and people are panicking!",medium
"There’s a collapsing and chaotic explosion at the parking lot, suddenly in the middle of the night!",life-threatening
"A passenger found a loud flood at the bridge, frantically causing a huge mess!",medium
"There’s a suffocating and intense gas leak on the shopping mall, suddenly that’s blocking traffic!",immediate
"A police officer hear a loud landslide in the bridge, rapidly with no one helping!",low
"A stranger hear a sudden power outage on the bridge, loudly that’s blocking traffic!",low
"A woman found a sudden vandalism on the apartment, frantically that’s blocking traffic!",medium
"There’s a unstable and strange roadblock at the parking lot, dangerously and it’s getting worse!",severe
"A shopkeeper hear a intense medical emergency in the store, quickly that’s blocking traffic!",medium
"A student hear a uncontrolled assault at the tunnel, quickly in the middle of the night!",high
"There’s a unconscious and intense flood at the park, suddenly right now!",medium
"There’s a hijacked and strange landslide on the park, loudly causing a huge mess!",high
"There’s a burning and rapid robbery in the hospital, loudly and people are panicking!",low
"There’s a lost and rapid robbery on the shopping mall, violently that’s blocking traffic!",high
"There’s a collapsing and strange drowning at the park, dangerously right now!",medium
"There’s a hurt and uncontrolled shooting on the park, quickly and it’s getting worse!",immediate
"There’s a unstable and massive power outage at the apartment, rapidly causing a huge mess!",high
"There’s a bleeding and rapid crash in the subway, quickly right now!",low
"A driver hear a uncontrolled assault on the hospital, unexpectedly and people are panicking!",high
"I see a massive roadblock at the parking lot, unexpectedly with no one helping!",high
"A woman found a massive scream on the park, urgently and people are panicking!",high
"A driver hear a unexpected medical emergency on the house, loudly causing a huge mess!",medium
"I found a severe riot on the subway, violently and people are panicking!",low
"There’s a hurt and unexpected medical emergency in the alley, rapidly with no one helping!",low
"My neighbor hear a massive robbery on the beach, dangerously in the middle of the night!",high
"There’s a burning and rapid scream at the alley, violently that’s blocking traffic!",medium
"A cat found a unexpected earthquake in the parking lot, loudly near my house!",low
"There’s a freezing and unexpected leak at the office building, quickly right now!",life-threatening
"There’s a unstable and dangerous crash at the beach, loudly that’s blocking traffic!",critical
"There’s a freezing and uncontrolled roadblock on the highway, loudly in the middle of the night!",medium
"A shopkeeper hear a severe earthquake at the hospital, unexpectedly near my house!",high
"A police officer found a uncontrolled assault at the house, urgently with no one helping!",severe
"There’s a unconscious and uncontrolled crash in the subway, rapidly and it’s getting worse!",low
"There’s a stuck and severe drowning in the park, unexpectedly with no one helping!",emergency
"There’s a hurt and uncontrolled crash on the highway, loudly and people are panicking!",low
"There’s a freezing and horrible riot in the hospital, dangerously and people are panicking!",low
"There’s a stuck and intense fire on the apartment, dangerously that’s blocking traffic!",high
"An old man hear a horrible vandalism in the hospital, suddenly with no one helping!",emergency
"There’s a broken and intense fight on the highway, loudly with no one helping!",alert
"There’s a abandoned and loud riot on the shopping mall, suddenly and people are panicking!",low
"There’s a stuck and rapid medical emergency in the subway, quickly causing a huge mess!",medium
"A woman found a horrible scream in the stadium, violently near my house!",critical
"An old man found a uncontrolled robbery on the office building, dangerously and it’s getting worse!",high
"There’s a drowning and chaotic medical emergency at the stadium, rapidly in the middle of the night!",severe
"There’s a bleeding and rapid flood on the factory, suddenly in the middle of the night!",low
"There’s a stuck and sudden power outage in the apartment, dangerously and it’s getting worse!",low
"There’s a burning and intense earthquake at the parking lot, violently causing a huge mess!",high
"A passenger see a horrible drowning in the bridge, loudly that’s blocking traffic!",low
"There’s a malfunctioning and rapid crash at the hospital, rapidly causing a huge mess!",life-threatening
"There’s a collapsing and intense scream on the office building, frantically and people are panicking!",medium
"A group of people found a unexpected gas leak in the store, rapidly and people are panicking!",emergency
"Someone see a severe earthquake at the beach, suddenly and it’s getting worse!",high
"There’s a missing and horrible roadblock in the house, dangerously that’s blocking traffic!",severe
"A passenger hear a loud power outage on the school, unexpectedly in the middle of the night!",medium
"There’s a vandalized and rapid fire on the bridge, quickly with no one helping!",medium
"A kid see a massive crash in the street, quickly that’s blocking traffic!",alert
"A stranger hear a loud drowning in the subway, urgently near my house!",high
"A woman see a horrible power outage at the stadium, dangerously that’s blocking traffic!",alert
"There’s a malfunctioning and chaotic roadblock in the highway, loudly and it’s getting worse!",high
"Someone hear a massive shooting on the office building, suddenly with no one helping!",high
"There’s a hurt and horrible assault in the factory, unexpectedly and it’s getting worse!",high
"There’s a unconscious and sudden roadblock in the store, dangerously and it’s getting worse!",alert
"A cyclist hear a horrible roadblock at the shopping mall, suddenly and it’s getting worse!",low
"My neighbor found a chaotic flood in the office building, unexpectedly causing a huge mess!",low
"Someone see a uncontrolled crash at the hospital, frantically and people are panicking!",medium
"A cat hear a terrifying leak in the apartment, violently with no one helping!",life-threatening
"A shopkeeper hear a rapid fight in the street, urgently near my house!",low
"There’s a stuck and severe drowning at the highway, suddenly that’s blocking traffic!",high
"A driver hear a dangerous power outage at the store, quickly right now!",medium
"There’s a drowning and loud scream in the factory, frantically causing a huge mess!",medium
"There’s a abandoned and rapid fight on the stadium, frantically causing a huge mess!",medium
"There’s a unconscious and unexpected power outage at the store, rapidly and it’s getting worse!",high
"My neighbor hear a massive flood in the factory, loudly that’s blocking traffic!",high
"A dog found a horrible landslide at the bridge, frantically with no one helping!",alert
"A firefighter see a loud leak on the tunnel, loudly and people are panicking!",high
"There’s a stuck and sudden scream on the office building, unexpectedly and it’s getting worse!",immediate
"There’s a abandoned and rapid riot on the school, urgently right now!",immediate
"A police officer see a unexpected landslide in the highway, urgently and people are panicking!",critical
"There’s a unconscious and sudden riot in the school, loudly near my house!",medium
"A group of people see a intense gas leak on the beach, quickly right now!",alert
"There’s a vandalized and uncontrolled gas leak on the construction site, unexpectedly right now!",low
"A child see a sudden leak on the subway, dangerously that’s blocking traffic!",low
"There’s a vandalized and rapid earthquake on the office building, dangerously with no one helping!",high
"I hear a terrifying drowning in the office building, unexpectedly with no one helping!",medium
"An old man found a horrible scream at the hospital, rapidly right now!",low
"There’s a trapped and terrifying earthquake on the tunnel, dangerously in the middle of the night!",immediate
"There’s a malfunctioning and horrible vandalism in the highway, quickly and people are panicking!",medium
"There’s a trapped and rapid robbery at the highway, violently and people are panicking!",medium
"A student found a horrible explosion at the office building, suddenly and people are panicking!",low
"There’s a trapped and rapid roadblock on the factory, frantically and it’s getting worse!",low
"There’s a suffocating and terrifying robbery at the store, rapidly near my house!",immediate
"There’s a abandoned and chaotic vandalism in the tunnel, frantically and people are panicking!",high
"Someone found a rapid flood on the bridge, unexpectedly right now!",medium
"A dog see a horrible fire on the office building, suddenly right now!",low
"There’s a malfunctioning and unexpected earthquake in the tunnel, frantically right now!",low
"A driver hear a chaotic power outage on the school, suddenly and people are panicking!",low
"A kid found a loud gas leak in the bridge, frantically causing a huge mess!",medium
"A firefighter found a severe scream in the highway, quickly and people are panicking!",high
"A passenger found a dangerous fight on the highway, dangerously right now!",medium
"There’s a unstable and sudden assault on the bridge, rapidly with no one helping!",high
"There’s a vandalized and strange explosion in the stadium, loudly causing a huge mess!",low
"There’s a unconscious and chaotic robbery at the hospital, suddenly and people are panicking!",medium
"There’s a stuck and massive robbery in the highway, unexpectedly in the middle of the night!",severe
"There’s a abandoned and massive medical emergency in the store, unexpectedly in the middle of the night!",medium
"There’s a broken and dangerous earthquake at the beach, violently and it’s getting worse!",high
"There’s a hurt and severe earthquake at the shopping mall, dangerously causing a huge mess!",medium
"There’s a vandalized and dangerous flood in the alley, quickly right now!",critical
"There’s a unconscious and strange riot at the apartment, rapidly with no one helping!",high
"There’s a malfunctioning and uncontrolled leak on the apartment, frantically with no one helping!",low
"There’s a malfunctioning and unexpected assault in the tunnel, violently and people are panicking!",medium
"A police officer found a intense medical emergency in the subway, unexpectedly and people are panicking!",medium
"An old man hear a massive shooting on the street, suddenly in the middle of the night!",medium
"There’s a drowning and massive explosion at the alley, suddenly and it’s getting worse!",medium
"A driver hear a intense power outage at the beach, loudly in the middle of the night!",low
"There’s a stuck and horrible scream in the stadium, loudly and people are panicking!",life-threatening
"There’s a hijacked and strange riot at the tunnel, suddenly right now!",critical
"There’s a malfunctioning and massive power outage in the factory, violently right now!",immediate
"A cat see a strange fire on the construction site, suddenly in the middle of the night!",medium
"A child see a chaotic fight at the hospital, loudly near my house!",alert
"There’s a bleeding and chaotic assault on the alley, dangerously and people are panicking!",high
"There’s a broken and loud explosion in the shopping mall, unexpectedly that’s blocking traffic!",medium
"There’s a missing and horrible drowning in the beach, suddenly causing a huge mess!",emergency
"There’s a lost and uncontrolled crash on the store, violently that’s blocking traffic!",low
"Someone hear a unexpected power outage at the house, quickly causing a huge mess!",medium
"A woman see a loud explosion at the beach, suddenly in the middle of the night!",immediate
"There’s a unstable and loud scream at the street, loudly right now!",high
"There’s a abandoned and horrible medical emergency in the street, suddenly right now!",medium
"There’s a hurt and uncontrolled medical emergency on the construction site, suddenly in the middle of the night!",medium
"A cat found a strange explosion at the bridge, urgently with no one helping!",severe
"My neighbor see a unexpected leak on the school, dangerously in the middle of the night!",high
"A passenger see a sudden fight in the store, dangerously with no one helping!",critical
"There’s a hurt and dangerous crash at the alley, urgently that’s blocking traffic!",low
"My neighbor hear a massive assault at the shopping mall, loudly causing a huge mess!",high
"There’s a missing and uncontrolled medical emergency at the tunnel, quickly in the middle of the night!",low
"A cyclist see a rapid medical emergency on the factory, loudly near my house!",low
"Someone see a loud shooting in the alley, quickly near my house!",high
"There’s a missing and horrible crash at the school, suddenly that’s blocking traffic!",low
"I hear a massive scream at the tunnel, dangerously and people are panicking!",immediate
"There’s a vandalized and intense shooting in the factory, urgently and it’s getting worse!",emergency
"A passenger hear a unexpected gas leak in the alley, frantically near my house!",high
"A group of people hear a horrible explosion on the stadium, violently in the middle of the night!",medium
"There’s a hijacked and rapid fight at the bridge, urgently causing a huge mess!",medium
"There’s a drowning and strange drowning in the alley, unexpectedly near my house!",emergency
"There’s a drowning and chaotic earthquake in the store, rapidly and people are panicking!",medium
"There’s a unstable and dangerous flood at the highway, frantically right now!",medium
"A child found a uncontrolled riot on the office building, violently causing a huge mess!",medium
"There’s a missing and strange crash at the parking lot, loudly in the middle of the night!",low
"There’s a malfunctioning and severe roadblock on the school, quickly with no one helping!",life-threatening
"There’s a drowning and chaotic fight on the beach, violently that’s blocking traffic!",critical
"There’s a missing and intense medical emergency in the store, frantically causing a huge mess!",immediate
"There’s a malfunctioning and massive crash on the store, rapidly and it’s getting worse!",immediate
"There’s a drowning and horrible drowning in the shopping mall, unexpectedly causing a huge mess!",emergency
"There’s a abandoned and strange power outage on the beach, quickly near my house!",high
"A group of people found a sudden flood on the office building, dangerously and it’s getting worse!",low
"There’s a drowning and terrifying fight at the hospital, loudly in the middle of the night!",low
"There’s a collapsing and severe power outage on the office building, rapidly near my house!",critical
"A kid see a sudden robbery in the beach, loudly with no one helping!",critical
"There’s a hijacked and massive riot in the tunnel, loudly and it’s getting worse!",life-threatening
"A student hear a intense fight in the beach, frantically right now!",low
"There’s a vandalized and chaotic vandalism in the street, unexpectedly and people are panicking!",medium
"There’s a malfunctioning and loud gas leak at the parking lot, rapidly and it’s getting worse!",medium
"There’s a freezing and massive fight in the stadium, suddenly causing a huge mess!",immediate
"There’s a missing and strange riot on the street, urgently near my house!",immediate
"A child see a uncontrolled roadblock at the house, dangerously causing a huge mess!",alert
"A stranger found a massive fight at the beach, violently right now!",medium
"A passenger hear a terrifying fire at the store, unexpectedly right now!",medium
"There’s a broken and loud assault in the house, rapidly near my house!",medium
"There’s a hijacked and terrifying landslide in the shopping mall, unexpectedly causing a huge mess!",medium
"A dog hear a loud robbery at the store, urgently with no one helping!",medium
"A student hear a terrifying shooting on the hospital, urgently near my house!",medium
"My neighbor found a massive leak at the stadium, suddenly that’s blocking traffic!",medium
"There’s a abandoned and massive robbery in the subway, unexpectedly causing a huge mess!",high
"There’s a abandoned and massive riot in the office building, violently and it’s getting worse!",low
"A stranger hear a sudden roadblock at the house, unexpectedly and it’s getting worse!",low
"An old man found a severe assault at the office building, loudly and people are panicking!",low
"A police officer hear a rapid crash on the park, violently and people are panicking!",emergency
"There’s a collapsing and uncontrolled landslide at the beach, urgently near my house!",low
"There’s a broken and dangerous roadblock in the house, rapidly that’s blocking traffic!",medium
"A student hear a terrifying riot on the store, dangerously and people are panicking!",immediate
"A cyclist see a dangerous robbery on the subway, dangerously right now!",medium
"There’s a bleeding and dangerous landslide in the tunnel, violently near my house!",emergency
"There’s a collapsing and horrible landslide on the office building, suddenly that’s blocking traffic!",severe
"There’s a hijacked and intense landslide in the stadium, violently near my house!",high
"There’s a abandoned and unexpected power outage on the tunnel, quickly near my house!",low
"A dog see a horrible power outage in the highway, frantically and people are panicking!",medium
"A woman found a strange fight on the street, quickly and people are panicking!",life-threatening
"A cat hear a chaotic leak at the shopping mall, frantically causing a huge mess!",severe
"There’s a collapsing and loud roadblock in the factory, urgently in the middle of the night!",low
"A child see a chaotic robbery at the house, rapidly causing a huge mess!",low
"There’s a bleeding and rapid fight in the house, frantically right now!",emergency
"Someone found a terrifying gas leak at the school, frantically causing a huge mess!",medium
"There’s a trapped and loud leak at the store, quickly causing a huge mess!",immediate
"A firefighter found a rapid riot in the tunnel, violently in the middle of the night!",high
"There’s a trapped and chaotic medical emergency in the factory, violently right now!",high
"A police officer see a strange fire at the tunnel, loudly that’s blocking traffic!",high
"There’s a missing and massive flood on the factory, frantically causing a huge mess!",medium
"There’s a lost and strange power outage in the parking lot, violently and people are panicking!",emergency
"There’s a suffocating and strange scream on the office building, dangerously causing a huge mess!",low
"A kid found a loud robbery on the school, frantically near my house!",low
"A shopkeeper hear a dangerous leak on the subway, rapidly causing a huge mess!",high
"A woman see a uncontrolled medical emergency in the factory, unexpectedly that’s blocking traffic!",emergency
"A stranger found a sudden fire in the factory, unexpectedly and people are panicking!",medium
"There’s a unstable and horrible vandalism in the hospital, dangerously and people are panicking!",low
"There’s a hurt and massive earthquake in the factory, unexpectedly that’s blocking traffic!",low
"A woman see a sudden leak in the factory, loudly with no one helping!",high
"A cyclist found a severe crash at the office building, unexpectedly and people are panicking!",medium
"A firefighter see a terrifying power outage in the shopping mall, dangerously right now!",life-threatening
"A group of people hear a intense scream at the construction site, frantically causing a huge mess!",medium
"There’s a freezing and uncontrolled crash on the house, urgently with no one helping!",high
"A child hear a intense medical emergency on the office building, loudly near my house!",medium
"There’s a hurt and massive fire at the highway, frantically that’s blocking traffic!",high
"There’s a lost and chaotic assault on the school, frantically right now!",medium
"There’s a missing and loud explosion in the highway, quickly right now!",emergency
"There’s a freezing and terrifying riot in the stadium, unexpectedly causing a huge mess!",immediate
"A passenger found a uncontrolled assault on the house, quickly in the middle of the night!",low
"A shopkeeper hear a rapid earthquake on the tunnel, loudly in the middle of the night!",critical
"There’s a burning and rapid power outage on the stadium, violently and it’s getting worse!",low
"A student found a loud leak in the bridge, urgently and it’s getting worse!",alert
"A cat hear a loud leak in the alley, suddenly with no one helping!",low
"There’s a burning and massive shooting in the school, dangerously and people are panicking!",high
"Someone see a rapid drowning in the subway, urgently and people are panicking!",low
"Someone hear a uncontrolled shooting in the street, violently and people are panicking!",high
"Someone hear a terrifying explosion at the construction site, violently right now!",immediate
"There’s a lost and rapid riot at the office building, violently causing a huge mess!",emergency
"A woman hear a terrifying medical emergency on the park, unexpectedly in the middle of the night!",low
"There’s a malfunctioning and terrifying explosion on the factory, unexpectedly with no one helping!",medium
"There’s a burning and dangerous assault at the office building, suddenly and people are panicking!",severe
"There’s a abandoned and uncontrolled scream in the street, violently near my house!",medium
"There’s a broken and uncontrolled landslide in the school, quickly causing a huge mess!",high
"A woman hear a uncontrolled leak on the bridge, rapidly with no one helping!",medium
"A driver hear a loud medical emergency in the factory, rapidly near my house!",severe
"There’s a hurt and uncontrolled drowning at the alley, violently with no one helping!",low
"A group of people found a uncontrolled fight in the house, loudly in the middle of the night!",medium
"A passenger hear a horrible flood on the apartment, suddenly right now!",medium
"There’s a abandoned and loud vandalism on the street, loudly in the middle of the night!",low
"An old man see a horrible drowning on the subway, urgently with no one helping!",critical
"There’s a lost and horrible shooting at the highway, suddenly in the middle of the night!",low
"There’s a stuck and terrifying landslide in the shopping mall, quickly causing a huge mess!",medium
"There’s a collapsing and uncontrolled riot in the tunnel, rapidly and people are panicking!",critical
"There’s a missing and unexpected earthquake at the highway, urgently and it’s getting worse!",low
"A cat hear a strange drowning on the parking lot, violently right now!",high
"There’s a bleeding and horrible drowning at the bridge, rapidly near my house!",medium
"A cat see a terrifying fight in the construction site, suddenly in the middle of the night!",high
"A shopkeeper hear a intense leak in the store, urgently and it’s getting worse!",high
"There’s a missing and terrifying earthquake at the subway, urgently that’s blocking traffic!",low
"A cat see a chaotic leak on the shopping mall, loudly right now!",high
"There’s a hijacked and terrifying scream at the alley, quickly that’s blocking traffic!",low
"A firefighter hear a intense flood in the factory, unexpectedly with no one helping!",medium
"A group of people hear a terrifying assault on the stadium, loudly and people are panicking!",medium
"A police officer found a terrifying roadblock on the bridge, suddenly causing a huge mess!",low
"Someone found a horrible landslide at the alley, unexpectedly in the middle of the night!",alert
"There’s a stuck and chaotic flood in the bridge, urgently near my house!",high
"There’s a collapsing and intense vandalism on the house, frantically and people are panicking!",emergency
"A police officer see a severe earthquake on the alley, urgently and people are panicking!",critical
"A cat found a terrifying vandalism on the apartment, dangerously that’s blocking traffic!",medium
"There’s a freezing and sudden landslide in the park, quickly near my house!",immediate
"There’s a trapped and loud flood on the subway, violently in the middle of the night!",high
"There’s a freezing and uncontrolled robbery in the subway, unexpectedly that’s blocking traffic!",medium
"A firefighter hear a dangerous crash on the beach, unexpectedly causing a huge mess!",severe
"A dog see a unexpected assault in the house, quickly that’s blocking traffic!",emergency
"There’s a lost and strange drowning on the office building, suddenly and people are panicking!",severe
"There’s a stuck and sudden landslide on the school, loudly with no one helping!",medium
"An old man hear a sudden landslide at the hospital, rapidly near my house!",emergency
"There’s a burning and horrible medical emergency at the apartment, rapidly that’s blocking traffic!",emergency
"There’s a freezing and horrible earthquake on the construction site, urgently and it’s getting worse!",high
"There’s a vandalized and severe leak on the store, unexpectedly and it’s getting worse!",life-threatening
"There’s a vandalized and terrifying earthquake at the highway, violently near my house!",low
"A group of people hear a rapid flood at the subway, violently and it’s getting worse!",severe
"A dog found a horrible flood on the store, rapidly with no one helping!",high
"A group of people found a horrible medical emergency in the parking lot, loudly and it’s getting worse!",high
"There’s a burning and terrifying earthquake at the alley, frantically right now!",low
"There’s a suffocating and rapid earthquake at the apartment, frantically that’s blocking traffic!",low
"There’s a unstable and intense drowning on the factory, unexpectedly and it’s getting worse!",low
"There’s a hijacked and dangerous riot at the apartment, unexpectedly and it’s getting worse!",medium
"There’s a missing and unexpected drowning on the house, quickly right now!",severe
"There’s a missing and severe crash at the house, quickly in the middle of the night!",medium
"A firefighter hear a intense explosion on the street, dangerously causing a huge mess!",medium
"A student hear a severe fight at the construction site, quickly in the middle of the night!",low
"There’s a hurt and unexpected shooting at the apartment, frantically causing a huge mess!",emergency
"There’s a collapsing and unexpected shooting at the shopping mall, quickly and people are panicking!",high
"A stranger found a intense earthquake on the tunnel, loudly in the middle of the night!",severe
"There’s a bleeding and horrible scream at the hospital, quickly and people are panicking!",emergency
"A cat hear a terrifying gas leak at the apartment, quickly causing a huge mess!",high
"There’s a bleeding and loud explosion at the tunnel, violently with no one helping!",life-threatening
"A dog hear a massive drowning in the hospital, quickly near my house!",emergency
"A cyclist found a severe assault in the factory, urgently near my house!",low
"A dog see a sudden fight in the office building, suddenly and people are panicking!",medium
"I see a horrible riot in the house, dangerously near my house!",high
"There’s a unconscious and rapid gas leak at the construction site, suddenly near my house!",emergency
"There’s a vandalized and massive medical emergency on the school, rapidly with no one helping!",medium
"A dog see a severe assault on the highway, dangerously and people are panicking!",life-threatening
"A cyclist found a horrible vandalism at the school, urgently causing a huge mess!",medium
"There’s a vandalized and terrifying fire on the tunnel, frantically causing a huge mess!",medium
"There’s a unconscious and uncontrolled drowning in the hospital, dangerously right now!",low
"A police officer found a loud drowning at the stadium, urgently in the middle of the night!",emergency
"A shopkeeper hear a strange robbery on the parking lot, unexpectedly near my house!",low
"There’s a lost and loud gas leak in the house, frantically in the middle of the night!",medium
"There’s a unstable and chaotic earthquake on the office building, suddenly and people are panicking!",medium
"There’s a hijacked and massive fire in the highway, quickly near my house!",low
"A police officer found a intense gas leak in the factory, rapidly and it’s getting worse!",medium
"A stranger found a horrible drowning on the apartment, frantically causing a huge mess!",critical
"There’s a drowning and intense shooting at the shopping mall, dangerously near my house!",high
"There’s a abandoned and horrible robbery at the stadium, suddenly and it’s getting worse!",low
"There’s a missing and strange power outage at the store, quickly that’s blocking traffic!",high
"There’s a malfunctioning and horrible fire in the beach, dangerously near my house!",medium
"There’s a trapped and loud scream in the apartment, suddenly and people are panicking!",low
"A woman hear a dangerous assault in the tunnel, rapidly near my house!",emergency
"A dog found a terrifying crash at the store, quickly causing a huge mess!",life-threatening
"There’s a abandoned and massive riot in the park, unexpectedly causing a huge mess!",low
"A shopkeeper see a strange fire on the store, rapidly with no one helping!",low
"There’s a drowning and chaotic robbery on the store, rapidly in the middle of the night!",critical
"A cyclist see a intense landslide in the highway, rapidly right now!",high
"A cat see a terrifying power outage on the school, loudly and people are panicking!",low
"I hear a sudden drowning at the office building, dangerously right now!",immediate
"I see a intense crash on the school, suddenly near my house!",life-threatening
"A child see a loud shooting on the parking lot, unexpectedly causing a huge mess!",life-threatening
"A student found a sudden drowning at the parking lot, urgently with no one helping!",low
"My neighbor found a severe explosion at the hospital, suddenly in the middle of the night!",critical
"There’s a trapped and strange fire in the office building, frantically causing a huge mess!",medium
"A cyclist hear a rapid leak on the apartment, suddenly right now!",immediate
"A stranger see a intense landslide on the store, loudly causing a huge mess!",critical
"A child see a intense leak in the bridge, urgently right now!",high
"There’s a drowning and rapid medical emergency in the alley, unexpectedly with no one helping!",medium
"A passenger see a chaotic leak in the construction site, dangerously and it’s getting worse!",emergency
"There’s a bleeding and severe medical emergency on the alley, rapidly in the middle of the night!",medium
"There’s a unconscious and sudden vandalism in the park, urgently that’s blocking traffic!",emergency
"There’s a stuck and massive fire in the house, urgently causing a huge mess!",high
"Someone found a intense drowning on the construction site, dangerously and people are panicking!",low
"A police officer hear a uncontrolled flood at the tunnel, loudly near my house!",emergency
"There’s a bleeding and massive flood in the beach, frantically and people are panicking!",critical
"A group of people hear a rapid medical emergency on the school, quickly and it’s getting worse!",high
"A passenger found a horrible scream in the street, dangerously right now!",medium
"There’s a collapsing and unexpected medical emergency on the store, frantically and people are panicking!",medium
"A cat hear a chaotic landslide in the construction site, frantically causing a huge mess!",low
"An old man hear a chaotic roadblock at the hospital, suddenly and people are panicking!",medium
"There’s a malfunctioning and horrible flood at the bridge, frantically that’s blocking traffic!",medium
"There’s a hijacked and intense fire at the construction site, frantically with no one helping!",high
"There’s a suffocating and uncontrolled drowning on the tunnel, unexpectedly in the middle of the night!",medium
"There’s a suffocating and massive landslide at the house, frantically and people are panicking!",high
"There’s a lost and severe flood in the store, frantically right now!",low
"A shopkeeper hear a rapid earthquake in the house, unexpectedly in the middle of the night!",low
"A group of people hear a horrible roadblock at the construction site, violently right now!",critical
"There’s a bleeding and dangerous assault on the store, urgently near my house!",severe
"A cyclist hear a rapid crash in the hospital, loudly near my house!",medium
"There’s a missing and loud explosion at the shopping mall, dangerously near my house!",high
"A student found a massive drowning on the house, unexpectedly right now!",medium
"A stranger see a sudden gas leak on the stadium, loudly and it’s getting worse!",medium
"There’s a bleeding and terrifying crash at the highway, unexpectedly near my house!",medium
"There’s a suffocating and severe leak at the parking lot, dangerously with no one helping!",medium
"A student hear a terrifying explosion at the stadium, loudly that’s blocking traffic!",low
"There’s a bleeding and severe assault in the factory, unexpectedly and people are panicking!",alert
"I found a intense medical emergency in the stadium, frantically near my house!",immediate
"There’s a abandoned and massive landslide in the store, loudly right now!",high
"A firefighter found a sudden robbery at the bridge, loudly and it’s getting worse!",medium
"There’s a missing and severe scream in the school, violently right now!",critical
"There’s a broken and uncontrolled power outage at the office building, loudly that’s blocking traffic!",severe
"My neighbor found a terrifying gas leak at the hospital, quickly right now!",high
"A dog found a strange assault on the school, dangerously in the middle of the night!",medium
"A kid see a terrifying roadblock at the factory, quickly near my house!",life-threatening
"There’s a unstable and massive roadblock at the subway, suddenly near my house!",immediate
"There’s a collapsing and horrible vandalism at the hospital, suddenly causing a huge mess!",alert
"A firefighter found a terrifying shooting in the highway, rapidly in the middle of the night!",high
"A student hear a massive crash in the factory, urgently in the middle of the night!",low
"There’s a burning and horrible fire at the alley, quickly near my house!",emergency
"There’s a freezing and terrifying fire on the hospital, urgently and it’s getting worse!",high
"A shopkeeper see a unexpected assault at the hospital, quickly that’s blocking traffic!",immediate
"A shopkeeper hear a strange shooting in the office building, dangerously in the middle of the night!",medium
"Someone hear a massive fight on the apartment, frantically and people are panicking!",medium
"There’s a burning and rapid flood at the alley, suddenly and it’s getting worse!",medium
"A cat found a severe medical emergency in the shopping mall, quickly right now!",medium
"A firefighter found a severe fire in the shopping mall, rapidly near my house!",immediate
"There’s a lost and uncontrolled fight in the school, dangerously near my house!",medium
"A stranger see a strange fire in the hospital, urgently and it’s getting worse!",high
"A cat hear a strange fire in the park, violently and it’s getting worse!",alert
"There’s a abandoned and rapid robbery in the construction site, violently that’s blocking traffic!",low
"Someone hear a strange assault in the store, loudly right now!",high
"There’s a vandalized and intense crash on the apartment, quickly causing a huge mess!",medium
"There’s a freezing and massive leak at the factory, rapidly near my house!",immediate
"There’s a suffocating and sudden power outage in the park, rapidly near my house!",medium
"A police officer see a horrible vandalism on the factory, violently and people are panicking!",critical
"A cat found a intense medical emergency on the store, frantically in the middle of the night!",medium
"There’s a drowning and horrible robbery in the stadium, violently causing a huge mess!",alert
"There’s a missing and intense drowning at the store, quickly right now!",low
"There’s a drowning and massive flood on the beach, unexpectedly and people are panicking!",alert
"A dog see a sudden shooting at the hospital, unexpectedly near my house!",medium
"A passenger see a terrifying landslide at the tunnel, frantically in the middle of the night!",severe
"A student found a unexpected flood on the bridge, dangerously with no one helping!",medium
"A student found a massive crash at the house, frantically and it’s getting worse!",medium
"There’s a stuck and loud riot in the tunnel, suddenly and it’s getting worse!",high
"A kid found a massive leak on the highway, quickly right now!",immediate
"There’s a missing and uncontrolled riot in the office building, dangerously and people are panicking!",immediate
"Someone hear a uncontrolled medical emergency in the park, suddenly and people are panicking!",medium
"A passenger hear a unexpected medical emergency on the hospital, unexpectedly in the middle of the night!",low
"There’s a vandalized and strange gas leak in the parking lot, unexpectedly that’s blocking traffic!",emergency
"A passenger hear a intense fight in the stadium, frantically and it’s getting worse!",immediate
"A stranger hear a terrifying vandalism on the tunnel, frantically and it’s getting worse!",high
"There’s a malfunctioning and sudden power outage in the park, dangerously and people are panicking!",critical
"A firefighter hear a dangerous crash at the street, unexpectedly with no one helping!",high
"There’s a broken and chaotic explosion on the school, loudly and people are panicking!",low
"There’s a lost and loud vandalism at the park, rapidly right now!",alert
"A firefighter see a unexpected power outage in the house, quickly right now!",medium
"There’s a freezing and chaotic drowning in the factory, frantically and it’s getting worse!",low
"A student hear a strange earthquake at the bridge, loudly near my house!",low
"A stranger hear a sudden assault at the park, quickly in the middle of the night!",low
"There’s a vandalized and chaotic roadblock on the hospital, unexpectedly with no one helping!",life-threatening
"I hear a strange shooting on the office building, violently and it’s getting worse!",high
"A woman see a loud leak in the highway, rapidly with no one helping!",low
"There’s a stuck and terrifying gas leak at the factory, loudly causing a huge mess!",immediate
"There’s a hijacked and horrible shooting at the alley, frantically near my house!",high
"A driver hear a dangerous roadblock at the office building, urgently near my house!",high
"There’s a bleeding and loud gas leak on the apartment, unexpectedly in the middle of the night!",medium
"A shopkeeper hear a dangerous power outage in the street, unexpectedly right now!",medium
"There’s a missing and loud fire at the hospital, quickly in the middle of the night!",medium
"There’s a lost and loud power outage in the tunnel, urgently and it’s getting worse!",alert
"My neighbor found a rapid roadblock in the construction site, violently right now!",low
"A police officer see a intense drowning in the park, suddenly right now!",high
"Someone hear a dangerous gas leak at the parking lot, urgently causing a huge mess!",medium
"There’s a bleeding and loud robbery in the shopping mall, quickly with no one helping!",high
"A kid hear a intense earthquake at the street, loudly right now!",low
"There’s a collapsing and uncontrolled crash on the factory, violently and people are panicking!",emergency
"I see a intense power outage in the house, frantically in the middle of the night!",medium
"There’s a burning and chaotic robbery in the subway, loudly causing a huge mess!",medium
"A woman see a rapid flood at the stadium, dangerously near my house!",low
"There’s a hijacked and rapid shooting on the store, rapidly and people are panicking!",high
"A police officer found a unexpected robbery in the parking lot, suddenly and people are panicking!",severe
"A driver hear a loud assault in the alley, suddenly that’s blocking traffic!",low
"An old man see a massive drowning on the construction site, frantically and people are panicking!",low
"There’s a lost and dangerous crash at the school, suddenly and it’s getting worse!",critical
"There’s a malfunctioning and chaotic earthquake at the hospital, urgently with no one helping!",low
"There’s a broken and dangerous assault on the stadium, suddenly right now!",high
"My neighbor found a strange explosion in the alley, violently right now!",low
"A police officer found a rapid scream in the parking lot, urgently causing a huge mess!",low
"There’s a malfunctioning and rapid scream at the park, frantically near my house!",high
"There’s a trapped and horrible medical emergency at the tunnel, unexpectedly causing a huge mess!",high
"A student hear a unexpected fire in the school, quickly near my house!",critical
"A student found a rapid assault on the shopping mall, violently with no one helping!",low
"There’s a vandalized and rapid power outage at the store, unexpectedly right now!",severe
"A cat see a chaotic roadblock at the highway, suddenly with no one helping!",life-threatening
"I hear a sudden earthquake on the park, frantically causing a huge mess!",low
"There’s a missing and strange fight on the street, urgently near my house!",medium
"A child found a uncontrolled roadblock on the bridge, unexpectedly near my house!",low
"There’s a unstable and unexpected shooting at the beach, suddenly that’s blocking traffic!",low
"There’s a stuck and severe drowning on the park, dangerously right now!",low
"There’s a burning and uncontrolled assault in the hospital, frantically causing a huge mess!",low
"An old man found a loud flood in the alley, frantically and it’s getting worse!",high
"There’s a burning and severe landslide on the bridge, suddenly and people are panicking!",low
"There’s a hurt and intense explosion in the office building, rapidly and people are panicking!",high
"I hear a unexpected crash on the factory, loudly with no one helping!",life-threatening
"There’s a unconscious and strange flood in the highway, loudly with no one helping!",medium
"There’s a stuck and loud scream on the bridge, rapidly with no one helping!",critical
"There’s a abandoned and severe vandalism on the apartment, quickly that’s blocking traffic!",low
"There’s a suffocating and sudden explosion in the stadium, urgently with no one helping!",emergency
"A police officer found a sudden crash on the highway, dangerously in the middle of the night!",medium
"There’s a trapped and unexpected gas leak on the bridge, loudly with no one helping!",emergency
"A woman found a loud landslide in the shopping mall, loudly in the middle of the night!",high
"There’s a broken and dangerous leak in the factory, loudly and it’s getting worse!",emergency
"An old man hear a intense gas leak at the apartment, quickly with no one helping!",high
"There’s a hijacked and dangerous medical emergency in the park, violently causing a huge mess!",high
"There’s a hijacked and chaotic crash at the bridge, dangerously right now!",high
"There’s a drowning and strange roadblock in the apartment, loudly right now!",medium
"There’s a lost and terrifying earthquake in the shopping mall, urgently with no one helping!",life-threatening
"There’s a unstable and unexpected robbery in the bridge, dangerously and it’s getting worse!",low
"There’s a abandoned and chaotic fire in the highway, violently right now!",immediate
"A kid hear a unexpected gas leak on the apartment, quickly in the middle of the night!",medium
"There’s a missing and loud landslide on the house, violently that’s blocking traffic!",low
"A driver see a horrible gas leak on the street, rapidly right now!",emergency
"A police officer see a rapid medical emergency on the tunnel, loudly right now!",high
"There’s a unstable and severe robbery in the construction site, urgently that’s blocking traffic!",medium
"A police officer see a uncontrolled medical emergency at the highway, violently with no one helping!",medium
"A cat found a loud explosion in the parking lot, urgently near my house!",low
"A woman hear a severe riot on the highway, dangerously near my house!",emergency
"A driver hear a rapid leak at the bridge, rapidly and it’s getting worse!",low
"There’s a drowning and rapid shooting on the school, loudly with no one helping!",high
"A student found a rapid drowning on the apartment, loudly causing a huge mess!",high
"There’s a abandoned and unexpected power outage on the subway, violently and people are panicking!",medium
"A kid hear a intense drowning at the bridge, loudly and it’s getting worse!",emergency
"A shopkeeper found a horrible shooting in the school, dangerously that’s blocking traffic!",medium
"There’s a vandalized and sudden crash in the parking lot, unexpectedly and people are panicking!",low
"A group of people found a strange drowning on the house, quickly causing a huge mess!",critical
"There’s a hurt and strange vandalism in the stadium, urgently and it’s getting worse!",alert
"An old man see a terrifying roadblock at the parking lot, rapidly causing a huge mess!",immediate
"A dog hear a horrible roadblock on the school, urgently causing a huge mess!",medium
"There’s a trapped and rapid scream on the parking lot, loudly and it’s getting worse!",high
"There’s a trapped and chaotic power outage at the store, unexpectedly that’s blocking traffic!",medium
"A student see a intense fight on the beach, rapidly and people are panicking!",high
"An old man found a intense scream in the apartment, unexpectedly and it’s getting worse!",medium
"A police officer hear a loud earthquake on the tunnel, unexpectedly near my house!",medium
"There’s a abandoned and sudden crash at the highway, unexpectedly and people are panicking!",low
"There’s a abandoned and rapid fire on the hospital, violently with no one helping!",severe
"There’s a hurt and rapid scream in the parking lot, frantically near my house!",medium
"A cyclist hear a unexpected landslide on the construction site, suddenly in the middle of the night!",low
"A group of people found a intense explosion on the alley, violently in the middle of the night!",low
"A driver found a loud gas leak in the house, quickly causing a huge mess!",high
"A stranger hear a severe explosion at the factory, rapidly in the middle of the night!",low
"There’s a lost and rapid roadblock at the tunnel, suddenly and people are panicking!",medium
"A stranger found a strange fire in the tunnel, suddenly in the middle of the night!",critical
"There’s a bleeding and loud vandalism at the tunnel, violently right now!",high
"I see a uncontrolled shooting on the stadium, quickly near my house!",low
"A dog hear a intense shooting in the highway, dangerously and it’s getting worse!",high
"There’s a freezing and rapid riot in the factory, quickly in the middle of the night!",high
"A cat found a uncontrolled vandalism on the construction site, loudly and it’s getting worse!",immediate
"A driver found a chaotic scream at the bridge, violently in the middle of the night!",high
"There’s a malfunctioning and dangerous scream in the stadium, urgently and people are panicking!",medium
"A child hear a horrible explosion at the school, quickly and it’s getting worse!",high
"There’s a drowning and chaotic shooting on the parking lot, suddenly right now!",medium
"There’s a drowning and terrifying fire at the shopping mall, loudly and people are panicking!",low
"A shopkeeper hear a strange roadblock in the stadium, dangerously causing a huge mess!",immediate
"There’s a hijacked and uncontrolled leak on the house, violently and people are panicking!",emergency
"A kid see a terrifying explosion at the subway, suddenly with no one helping!",emergency
"A passenger hear a sudden drowning on the hospital, violently right now!",medium
"There’s a missing and strange riot at the office building, urgently that’s blocking traffic!",high
"There’s a freezing and massive power outage at the house, unexpectedly that’s blocking traffic!",emergency
"A cyclist hear a severe roadblock at the alley, rapidly near my house!",life-threatening
"There’s a freezing and severe fight in the highway, rapidly and it’s getting worse!",immediate
"A woman found a uncontrolled shooting on the apartment, violently right now!",low
"There’s a broken and horrible assault at the street, quickly and it’s getting worse!",emergency
"There’s a abandoned and chaotic medical emergency at the house, loudly with no one helping!",alert
"A cyclist found a rapid fight on the parking lot, urgently and people are panicking!",high
"There’s a malfunctioning and severe scream on the shopping mall, loudly and it’s getting worse!",high
"A group of people found a terrifying robbery on the parking lot, urgently causing a huge mess!",emergency
"There’s a burning and horrible fire on the house, urgently with no one helping!",critical
"There’s a bleeding and intense shooting at the park, rapidly with no one helping!",medium
"A passenger found a rapid explosion on the stadium, quickly causing a huge mess!",high
"There’s a abandoned and sudden fire at the subway, dangerously and it’s getting worse!",low
"An old man hear a massive medical emergency on the office building, suddenly causing a huge mess!",critical
"A kid see a strange riot on the parking lot, urgently with no one helping!",immediate
"A group of people see a intense leak in the parking lot, dangerously and it’s getting worse!",emergency
"A child found a horrible fire on the alley, rapidly in the middle of the night!",medium
"A child found a severe medical emergency at the house, suddenly near my house!",high
"A driver hear a intense scream at the construction site, frantically right now!",medium
"There’s a suffocating and massive flood on the bridge, rapidly and it’s getting worse!",immediate
"There’s a unstable and horrible assault at the street, loudly and it’s getting worse!",critical
"There’s a missing and severe medical emergency on the alley, dangerously with no one helping!",medium
"I found a rapid drowning at the alley, loudly and it’s getting worse!",immediate
"A cat found a unexpected leak on the store, dangerously causing a huge mess!",high
"There’s a suffocating and loud roadblock in the school, dangerously and it’s getting worse!",low
"There’s a abandoned and loud riot on the construction site, rapidly near my house!",life-threatening
"An old man hear a sudden robbery in the beach, quickly and people are panicking!",medium
"A cat hear a sudden landslide at the subway, urgently near my house!",emergency
"A kid found a uncontrolled power outage at the construction site, rapidly that’s blocking traffic!",emergency
"There’s a bleeding and loud riot on the school, suddenly near my house!",critical
"There’s a missing and unexpected gas leak on the stadium, dangerously and people are panicking!",high
"There’s a unconscious and severe drowning on the parking lot, urgently causing a huge mess!",critical
"There’s a hijacked and rapid scream on the stadium, quickly in the middle of the night!",critical
"A child hear a loud gas leak on the beach, loudly and people are panicking!",immediate
"Someone hear a severe landslide at the school, rapidly causing a huge mess!",high
"A child see a chaotic roadblock on the bridge, loudly and people are panicking!",low
"A passenger found a loud earthquake at the hospital, unexpectedly and people are panicking!",alert
"An old man found a strange drowning on the construction site, frantically near my house!",medium
"There’s a stuck and loud power outage in the office building, rapidly in the middle of the night!",medium
"A group of people see a massive crash in the highway, quickly and it’s getting worse!",medium
"There’s a collapsing and dangerous explosion in the store, suddenly in the middle of the night!",medium
"There’s a broken and massive flood in the park, violently and people are panicking!",medium
"An old man found a sudden gas leak at the beach, suddenly right now!",medium
"There’s a abandoned and massive explosion on the apartment, quickly and it’s getting worse!",emergency
"There’s a collapsing and rapid medical emergency on the apartment, suddenly and it’s getting worse!",high
"A woman found a chaotic vandalism at the office building, urgently near my house!",immediate
"A cat found a horrible roadblock on the stadium, suddenly with no one helping!",emergency
"An old man hear a loud drowning in the street, violently near my house!",life-threatening
"A shopkeeper found a intense scream in the tunnel, rapidly in the middle of the night!",medium
"There’s a abandoned and severe leak in the alley, violently and it’s getting worse!",high
"A child hear a terrifying earthquake on the office building, loudly and it’s getting worse!",low
"There’s a vandalized and loud fight on the beach, loudly near my house!",emergency
"There’s a suffocating and strange roadblock at the construction site, quickly with no one helping!",medium
"There’s a drowning and horrible robbery on the store, urgently that’s blocking traffic!",low
"There’s a collapsing and sudden scream on the highway, violently near my house!",low
"A kid see a loud landslide on the tunnel, suddenly and it’s getting worse!",medium
"A passenger see a rapid medical emergency at the park, unexpectedly right now!",low
"There’s a missing and horrible assault at the factory, violently that’s blocking traffic!",high
"There’s a unconscious and sudden landslide on the store, quickly causing a huge mess!",immediate
"A driver hear a rapid vandalism at the alley, loudly near my house!",medium
"A cat found a loud robbery on the office building, quickly with no one helping!",critical
"A passenger see a horrible scream on the construction site, quickly in the middle of the night!",immediate
"There’s a suffocating and chaotic flood in the shopping mall, unexpectedly that’s blocking traffic!",high
"There’s a collapsing and strange fire at the beach, urgently causing a huge mess!",severe
"I hear a unexpected explosion at the parking lot, unexpectedly causing a huge mess!",medium
"A dog hear a chaotic robbery in the construction site, quickly that’s blocking traffic!",severe
"There’s a stuck and horrible power outage on the parking lot, quickly that’s blocking traffic!",medium
"A stranger hear a strange explosion on the alley, unexpectedly that’s blocking traffic!",life-threatening
"A passenger hear a intense power outage in the store, rapidly and it’s getting worse!",medium
"A firefighter see a horrible explosion at the school, rapidly right now!",high
"A shopkeeper see a intense medical emergency at the construction site, loudly and people are panicking!",life-threatening
"My neighbor see a unexpected leak in the bridge, dangerously with no one helping!",medium
"Someone found a massive riot at the alley, quickly with no one helping!",high
"There’s a abandoned and chaotic assault at the school, suddenly and it’s getting worse!",medium
"A dog see a chaotic flood in the house, suddenly near my house!",low
"A firefighter see a strange power outage at the store, urgently and it’s getting worse!",high
"A dog see a uncontrolled riot at the office building, suddenly in the middle of the night!",low
"A group of people hear a chaotic robbery on the park, quickly right now!",medium
"There’s a trapped and severe vandalism in the alley, unexpectedly and it’s getting worse!",high
"A dog found a dangerous roadblock on the subway, unexpectedly and it’s getting worse!",immediate
"I see a loud scream on the school, loudly and people are panicking!",low
"There’s a freezing and intense robbery at the construction site, unexpectedly right now!",medium
"A cat found a horrible shooting in the subway, dangerously with no one helping!",medium
"A police officer found a unexpected fire on the alley, dangerously that’s blocking traffic!",medium
"There’s a hijacked and chaotic leak on the office building, violently near my house!",medium
"A group of people hear a strange explosion on the parking lot, dangerously with no one helping!",immediate
"There’s a unstable and unexpected gas leak at the construction site, suddenly in the middle of the night!",immediate
"There’s a freezing and chaotic power outage on the apartment, unexpectedly in the middle of the night!",medium
"A firefighter found a horrible fight at the house, frantically causing a huge mess!",low
"A passenger found a horrible roadblock in the school, unexpectedly and it’s getting worse!",high
"There’s a burning and uncontrolled landslide in the house, loudly in the middle of the night!",medium
"A driver hear a intense shooting on the office building, loudly in the middle of the night!",low
"Someone see a horrible assault in the park, quickly near my house!",immediate
"There’s a hijacked and uncontrolled riot in the highway, violently in the middle of the night!",low
"There’s a collapsing and horrible shooting in the highway, violently in the middle of the night!",low
"There’s a unconscious and massive medical emergency at the tunnel, unexpectedly and people are panicking!",medium
"There’s a vandalized and intense scream on the apartment, loudly causing a huge mess!",immediate
"I found a unexpected riot at the beach, quickly that’s blocking traffic!",low
"A dog hear a strange assault at the store, violently and people are panicking!",low
"A woman found a horrible power outage in the office building, urgently that’s blocking traffic!",medium
"There’s a collapsing and terrifying earthquake in the hospital, suddenly in the middle of the night!",low
"A dog see a loud explosion at the beach, rapidly that’s blocking traffic!",low
"A stranger see a loud crash at the subway, suddenly right now!",high
"A kid hear a unexpected fire in the street, loudly and it’s getting worse!",emergency
"Someone hear a massive landslide in the bridge, loudly that’s blocking traffic!",high
"A cat hear a severe landslide on the stadium, dangerously right now!",high
"A police officer found a chaotic roadblock in the subway, violently near my house!",life-threatening
"There’s a malfunctioning and loud fight in the beach, dangerously in the middle of the night!",low
"There’s a trapped and loud medical emergency on the construction site, loudly that’s blocking traffic!",high
"A child found a strange fire in the factory, suddenly and people are panicking!",emergency
"There’s a unstable and unexpected roadblock at the stadium, urgently that’s blocking traffic!",high
"There’s a missing and intense drowning on the beach, rapidly causing a huge mess!",low
"An old man found a rapid scream on the shopping mall, violently and it’s getting worse!",critical
"A police officer hear a dangerous scream at the hospital, violently near my house!",high
"A woman see a intense fight on the beach, quickly right now!",emergency
"An old man see a intense flood on the school, frantically causing a huge mess!",critical
"There’s a burning and loud landslide on the store, suddenly that’s blocking traffic!",high
"A shopkeeper hear a unexpected roadblock on the subway, urgently and people are panicking!",medium
"Someone see a intense robbery on the bridge, loudly right now!",life-threatening
"A group of people hear a rapid fight on the highway, loudly that’s blocking traffic!",low
"A dog hear a massive vandalism in the store, urgently and people are panicking!",low
"There’s a broken and uncontrolled assault at the house, quickly in the middle of the night!",low
"A student found a massive fight at the highway, violently and people are panicking!",medium
"A firefighter found a terrifying fire at the beach, unexpectedly in the middle of the night!",medium
"There’s a lost and strange flood on the store, frantically that’s blocking traffic!",low
"A driver found a massive gas leak at the hospital, quickly and people are panicking!",medium
"I hear a sudden leak in the alley, dangerously with no one helping!",medium
"A group of people see a severe medical emergency on the beach, urgently right now!",critical
"An old man found a horrible robbery on the parking lot, loudly and it’s getting worse!",alert
"There’s a stuck and chaotic earthquake in the park, unexpectedly near my house!",high
"A driver hear a rapid power outage at the highway, dangerously with no one helping!",medium
"A firefighter see a dangerous landslide in the tunnel, dangerously causing a huge mess!",high
"A student hear a rapid gas leak at the hospital, loudly near my house!",medium
"A woman see a chaotic roadblock on the factory, suddenly with no one helping!",immediate
"There’s a burning and unexpected gas leak at the tunnel, urgently causing a huge mess!",life-threatening
"I see a loud flood on the hospital, violently right now!",emergency
"A dog hear a sudden crash at the shopping mall, rapidly that’s blocking traffic!",emergency
"There’s a trapped and severe crash in the hospital, dangerously near my house!",low
"There’s a suffocating and loud scream in the house, quickly and people are panicking!",critical
"Someone see a uncontrolled drowning at the construction site, unexpectedly in the middle of the night!",alert
"A kid found a loud vandalism on the stadium, frantically with no one helping!",low
"There’s a bleeding and uncontrolled crash at the construction site, frantically with no one helping!",medium
"A passenger found a strange crash at the shopping mall, loudly causing a huge mess!",medium
"A firefighter found a sudden riot at the tunnel, loudly causing a huge mess!",medium
"A cat hear a intense flood at the highway, dangerously with no one helping!",high
"There’s a freezing and sudden explosion in the subway, urgently near my house!",medium
"There’s a suffocating and unexpected flood in the house, suddenly right now!",high
"A driver see a rapid fight on the factory, quickly that’s blocking traffic!",medium
"I see a unexpected roadblock in the tunnel, unexpectedly and people are panicking!",medium
"A kid found a intense power outage in the park, suddenly in the middle of the night!",medium
"A student see a loud earthquake at the construction site, unexpectedly with no one helping!",low
"There’s a abandoned and chaotic earthquake at the street, violently causing a huge mess!",medium
"A shopkeeper found a massive crash at the hospital, dangerously causing a huge mess!",low
"I hear a dangerous shooting at the apartment, rapidly and people are panicking!",immediate
"There’s a drowning and horrible leak in the tunnel, loudly causing a huge mess!",high
"There’s a trapped and loud drowning in the subway, urgently right now!",low
"There’s a hijacked and loud explosion on the alley, dangerously and people are panicking!",emergency
"A child see a intense flood at the hospital, unexpectedly with no one helping!",medium
"I see a rapid leak at the beach, urgently with no one helping!",alert
"There’s a stuck and strange medical emergency on the stadium, frantically in the middle of the night!",low
"There’s a hurt and loud leak at the factory, unexpectedly causing a huge mess!",low
"There’s a hijacked and intense medical emergency on the beach, suddenly in the middle of the night!",critical
"There’s a unstable and rapid medical emergency at the highway, suddenly and it’s getting worse!",immediate
"My neighbor found a severe landslide at the school, quickly causing a huge mess!",immediate
"An old man hear a terrifying landslide at the highway, frantically right now!",high
"There’s a freezing and loud roadblock at the alley, frantically that’s blocking traffic!",medium
"A cyclist found a massive robbery in the hospital, dangerously causing a huge mess!",critical
"There’s a abandoned and horrible roadblock in the highway, loudly causing a huge mess!",immediate
"A woman found a sudden crash on the factory, quickly near my house!",emergency
"A stranger hear a chaotic fight in the office building, frantically right now!",immediate
"A driver see a terrifying assault on the park, frantically right now!",medium
"There’s a abandoned and terrifying explosion on the park, dangerously and it’s getting worse!",low
"There’s a stuck and severe leak on the parking lot, dangerously near my house!",critical
"An old man found a strange roadblock in the store, frantically and people are panicking!",medium
"Someone see a strange vandalism at the apartment, urgently near my house!",low
"There’s a collapsing and intense power outage on the office building, frantically with no one helping!",critical
"A dog found a massive medical emergency in the hospital, frantically with no one helping!",high
"There’s a collapsing and rapid drowning on the factory, quickly that’s blocking traffic!",low
"A police officer hear a chaotic medical emergency on the beach, violently in the middle of the night!",medium
"I found a dangerous vandalism in the street, dangerously and it’s getting worse!",low
"There’s a missing and severe fire at the factory, frantically that’s blocking traffic!",medium
"There’s a burning and strange shooting in the highway, unexpectedly right now!",low
"I hear a unexpected scream on the office building, rapidly in the middle of the night!",low
"A dog found a loud flood at the alley, suddenly with no one helping!",severe
"There’s a malfunctioning and horrible riot at the subway, loudly causing a huge mess!",immediate
"Someone found a horrible flood in the office building, frantically and people are panicking!",emergency
"A group of people found a uncontrolled explosion on the stadium, rapidly right now!",immediate
"There’s a abandoned and sudden fire on the bridge, suddenly and people are panicking!",life-threatening
"A shopkeeper found a loud scream in the apartment, violently right now!",medium
"An old man hear a severe earthquake at the construction site, urgently with no one helping!",low
"There’s a missing and sudden riot at the house, frantically that’s blocking traffic!",high
"There’s a vandalized and terrifying power outage on the hospital, urgently and people are panicking!",medium
"There’s a lost and uncontrolled power outage in the subway, violently and it’s getting worse!",medium
"There’s a stuck and massive leak on the tunnel, urgently near my house!",medium
"There’s a abandoned and massive shooting at the construction site, suddenly and it’s getting worse!",medium
"There’s a trapped and unexpected fight at the shopping mall, loudly and it’s getting worse!",alert
"A cyclist see a severe leak in the house, unexpectedly that’s blocking traffic!",low
"A dog see a sudden roadblock on the street, frantically with no one helping!",critical
"There’s a freezing and strange flood in the parking lot, urgently causing a huge mess!",low
"A woman see a intense robbery in the hospital, violently with no one helping!",low
"A dog hear a terrifying riot at the bridge, dangerously right now!",immediate
"There’s a burning and unexpected flood on the alley, violently and it’s getting worse!",immediate
"There’s a suffocating and severe earthquake on the parking lot, violently causing a huge mess!",emergency
"A police officer found a horrible fire in the office building, quickly right now!",high
"There’s a unconscious and strange landslide on the house, frantically right now!",low
"A group of people found a chaotic earthquake in the subway, urgently in the middle of the night!",high
"There’s a drowning and uncontrolled fire at the hospital, dangerously and people are panicking!",alert
"There’s a unconscious and rapid gas leak on the stadium, violently causing a huge mess!",high
"There’s a missing and uncontrolled landslide at the highway, frantically with no one helping!",medium
"There’s a broken and loud roadblock on the shopping mall, dangerously and it’s getting worse!",medium
"A dog see a sudden assault on the construction site, violently that’s blocking traffic!",high
"Someone see a loud roadblock at the street, violently with no one helping!",high
"A stranger found a intense crash in the bridge, unexpectedly and people are panicking!",low
"There’s a bleeding and chaotic robbery in the house, unexpectedly in the middle of the night!",medium
"There’s a unstable and massive roadblock in the park, dangerously and people are panicking!",critical
"There’s a collapsing and loud shooting at the tunnel, rapidly near my house!",high
"There’s a missing and sudden medical emergency at the office building, frantically and people are panicking!",medium
"There’s a hurt and massive fight on the school, violently causing a huge mess!",alert
"A student hear a loud robbery in the stadium, loudly right now!",severe
"There’s a broken and rapid scream at the parking lot, loudly near my house!",high
"There’s a unstable and loud leak in the office building, unexpectedly with no one helping!",high
"There’s a trapped and unexpected robbery in the highway, loudly near my house!",low
"There’s a freezing and rapid earthquake at the store, unexpectedly causing a huge mess!",medium
"A woman found a massive fire at the bridge, unexpectedly causing a huge mess!",life-threatening
"An old man found a strange scream at the hospital, loudly right now!",medium
"There’s a suffocating and uncontrolled landslide at the hospital, suddenly near my house!",medium
"There’s a trapped and horrible crash at the street, urgently and it’s getting worse!",medium
"A driver see a loud drowning in the tunnel, loudly causing a huge mess!",medium
"A cat found a uncontrolled riot in the apartment, frantically causing a huge mess!",severe
"There’s a drowning and massive leak on the store, suddenly and people are panicking!",medium
"There’s a malfunctioning and severe drowning on the tunnel, quickly in the middle of the night!",medium
"A driver see a severe drowning on the tunnel, rapidly and it’s getting worse!",high
"My neighbor found a dangerous medical emergency at the office building, suddenly with no one helping!",severe
"There’s a broken and intense fight on the school, dangerously with no one helping!",low
"There’s a broken and chaotic gas leak in the factory, loudly with no one helping!",medium
"I found a chaotic scream in the beach, urgently right now!",emergency
"A child see a uncontrolled fire on the beach, loudly and people are panicking!",medium
"There’s a vandalized and rapid flood in the office building, unexpectedly and people are panicking!",medium
"There’s a freezing and unexpected vandalism on the street, unexpectedly near my house!",critical
"There’s a lost and horrible riot at the office building, frantically and people are panicking!",medium
"A dog see a horrible power outage at the shopping mall, loudly near my house!",medium
"A police officer hear a severe power outage at the park, quickly in the middle of the night!",medium
"There’s a hurt and terrifying leak at the park, quickly right now!",emergency
"A police officer see a sudden fire on the park, violently causing a huge mess!",life-threatening
"A cyclist see a rapid flood in the highway, rapidly and it’s getting worse!",low
"There’s a missing and massive assault on the subway, suddenly that’s blocking traffic!",low
"There’s a hurt and loud assault on the house, unexpectedly in the middle of the night!",critical
"A firefighter found a unexpected vandalism in the tunnel, suddenly right now!",severe
"There’s a bleeding and terrifying drowning in the construction site, dangerously with no one helping!",life-threatening
"There’s a vandalized and strange earthquake on the store, frantically right now!",emergency
"There’s a vandalized and rapid explosion in the tunnel, loudly with no one helping!",medium
"There’s a hurt and terrifying gas leak at the school, urgently near my house!",critical
"There’s a burning and horrible leak in the construction site, dangerously that’s blocking traffic!",medium
"There’s a abandoned and strange riot in the store, violently and it’s getting worse!",high
"There’s a freezing and dangerous flood on the parking lot, loudly in the middle of the night!",medium
"A cat found a massive scream in the hospital, rapidly near my house!",immediate
"A group of people see a chaotic assault on the shopping mall, urgently that’s blocking traffic!",high
"There’s a lost and sudden earthquake on the subway, urgently in the middle of the night!",immediate
"There’s a vandalized and sudden roadblock in the street, unexpectedly with no one helping!",low
"There’s a freezing and rapid assault in the construction site, unexpectedly that’s blocking traffic!",low
"A student hear a horrible assault in the bridge, violently and people are panicking!",medium
"There’s a hurt and uncontrolled gas leak at the bridge, frantically with no one helping!",medium
"There’s a lost and uncontrolled riot in the bridge, unexpectedly right now!",low
"There’s a suffocating and severe explosion at the parking lot, rapidly near my house!",high
"There’s a freezing and terrifying scream at the factory, quickly right now!",immediate
"A stranger found a rapid medical emergency at the store, loudly and it’s getting worse!",emergency
"A group of people found a chaotic flood at the park, quickly in the middle of the night!",low
"I found a uncontrolled landslide on the school, violently near my house!",high
"There’s a hijacked and dangerous medical emergency in the apartment, rapidly that’s blocking traffic!",medium
"There’s a bleeding and loud scream in the highway, frantically right now!",high
"I found a sudden power outage at the stadium, suddenly in the middle of the night!",low
"A police officer hear a strange roadblock on the bridge, urgently in the middle of the night!",medium
"There’s a hijacked and intense roadblock at the factory, rapidly and people are panicking!",high
"A group of people see a intense vandalism at the tunnel, quickly and it’s getting worse!",medium
"A student found a unexpected drowning in the alley, quickly and it’s getting worse!",low
"A cat found a terrifying flood in the street, rapidly in the middle of the night!",high
"My neighbor see a uncontrolled earthquake at the house, frantically in the middle of the night!",high
"There’s a unstable and horrible power outage at the school, violently in the middle of the night!",medium
"There’s a unconscious and terrifying shooting in the construction site, violently and it’s getting worse!",high
"An old man see a terrifying earthquake in the apartment, quickly that’s blocking traffic!",critical
"There’s a burning and unexpected landslide on the beach, unexpectedly near my house!",low
"A cat found a loud leak on the park, suddenly and people are panicking!",critical
"A cyclist see a intense gas leak at the stadium, dangerously right now!",high
"My neighbor see a severe vandalism at the construction site, rapidly that’s blocking traffic!",medium
"There’s a broken and loud medical emergency in the school, dangerously and people are panicking!",life-threatening
"A cat found a unexpected shooting on the park, urgently and it’s getting worse!",emergency
"There’s a trapped and intense shooting at the hospital, suddenly that’s blocking traffic!",medium
"There’s a stuck and rapid earthquake in the street, dangerously right now!",medium
"There’s a unstable and rapid roadblock in the construction site, loudly right now!",medium
"A police officer found a severe medical emergency at the shopping mall, rapidly with no one helping!",high
"A student found a terrifying gas leak at the subway, quickly right now!",alert
"There’s a bleeding and sudden fight at the office building, rapidly with no one helping!",high
"A woman see a unexpected robbery in the stadium, dangerously right now!",low
"There’s a malfunctioning and strange robbery in the highway, loudly that’s blocking traffic!",critical
"I found a strange assault on the construction site, dangerously that’s blocking traffic!",high
"There’s a trapped and massive shooting at the construction site, unexpectedly in the middle of the night!",medium
"A dog hear a sudden shooting at the school, suddenly that’s blocking traffic!",high
"A passenger see a rapid shooting on the hospital, loudly causing a huge mess!",high
"My neighbor found a uncontrolled roadblock on the house, dangerously causing a huge mess!",medium
"There’s a collapsing and rapid leak in the construction site, unexpectedly and it’s getting worse!",low
"There’s a burning and severe robbery in the store, rapidly that’s blocking traffic!",high
"A shopkeeper found a chaotic leak in the school, loudly right now!",emergency
"Someone see a strange shooting at the store, unexpectedly and people are panicking!",medium
"A driver found a severe fire on the street, urgently in the middle of the night!",medium
"A driver see a massive landslide on the construction site, quickly right now!",alert
"There’s a drowning and rapid assault at the parking lot, loudly causing a huge mess!",medium
"A police officer see a loud leak on the apartment, urgently and it’s getting worse!",medium
"A stranger see a dangerous shooting in the house, urgently with no one helping!",critical
"A dog hear a intense crash on the beach, frantically right now!",medium
"There’s a collapsing and massive power outage at the office building, dangerously that’s blocking traffic!",alert
"There’s a drowning and uncontrolled explosion on the highway, violently near my house!",emergency
"There’s a drowning and intense fight at the alley, suddenly right now!",medium
"My neighbor see a massive explosion at the shopping mall, unexpectedly with no one helping!",emergency
"There’s a malfunctioning and dangerous riot in the bridge, loudly and it’s getting worse!",high
"There’s a hurt and strange flood at the park, loudly causing a huge mess!",low
"There’s a lost and uncontrolled crash in the beach, frantically near my house!",high
"A passenger see a unexpected earthquake in the street, quickly with no one helping!",emergency
"Someone found a unexpected earthquake in the highway, unexpectedly in the middle of the night!",medium
"Someone see a severe vandalism in the office building, urgently in the middle of the night!",medium
"Someone see a sudden gas leak on the school, urgently causing a huge mess!",high
"A group of people hear a severe earthquake in the park, quickly and people are panicking!",medium
"A dog found a massive scream at the park, urgently in the middle of the night!",high
"There’s a hijacked and chaotic fire at the construction site, urgently and it’s getting worse!",medium
"A passenger found a strange shooting at the hospital, quickly with no one helping!",emergency
"My neighbor found a unexpected scream on the stadium, violently and people are panicking!",medium
"Someone found a horrible riot in the house, unexpectedly that’s blocking traffic!",emergency
"Someone hear a horrible drowning in the house, dangerously in the middle of the night!",alert
"There’s a burning and chaotic flood at the house, unexpectedly right now!",medium
"There’s a unconscious and terrifying leak on the office building, quickly right now!",high
"A child found a chaotic scream at the hospital, urgently in the middle of the night!",medium
"A cat hear a dangerous robbery at the factory, frantically near my house!",low
"My neighbor see a massive scream in the subway, urgently and it’s getting worse!",immediate
"There’s a stuck and intense flood on the parking lot, violently that’s blocking traffic!",life-threatening
"A kid hear a dangerous roadblock on the subway, frantically with no one helping!",low
"A police officer hear a unexpected earthquake in the tunnel, quickly and people are panicking!",low
"A kid hear a strange drowning on the park, violently and people are panicking!",medium
"A kid see a uncontrolled vandalism in the construction site, dangerously that’s blocking traffic!",medium
"There’s a burning and intense medical emergency in the beach, urgently in the middle of the night!",medium
"A kid hear a massive landslide in the apartment, frantically and it’s getting worse!",medium
"There’s a broken and sudden assault in the beach, urgently in the middle of the night!",low
"A student see a loud shooting on the school, violently in the middle of the night!",low
"A shopkeeper found a severe earthquake at the subway, rapidly and people are panicking!",low
"There’s a malfunctioning and unexpected vandalism on the subway, quickly and it’s getting worse!",low
"There’s a collapsing and massive assault at the hospital, violently right now!",medium
"I hear a unexpected roadblock on the parking lot, suddenly that’s blocking traffic!",medium
"A group of people found a dangerous fight on the stadium, violently and people are panicking!",medium
"There’s a vandalized and intense crash in the store, quickly and it’s getting worse!",medium
"Someone see a sudden landslide on the beach, violently and people are panicking!",high
"There’s a missing and severe shooting in the beach, unexpectedly and people are panicking!",high
"There’s a unconscious and chaotic robbery at the parking lot, loudly and it’s getting worse!",low
"There’s a vandalized and loud fight on the street, unexpectedly with no one helping!",high
"A kid hear a unexpected robbery at the alley, loudly and it’s getting worse!",emergency
"A shopkeeper found a horrible leak on the school, loudly and it’s getting worse!",critical
"There’s a broken and dangerous earthquake at the alley, quickly in the middle of the night!",critical
"There’s a broken and severe flood on the tunnel, quickly that’s blocking traffic!",life-threatening
"A shopkeeper see a severe landslide in the construction site, unexpectedly in the middle of the night!",critical
"A driver see a sudden power outage at the factory, dangerously right now!",medium
"There’s a drowning and unexpected fight in the street, loudly near my house!",low
"There’s a malfunctioning and uncontrolled crash in the parking lot, rapidly and people are panicking!",low
"Someone hear a terrifying landslide on the shopping mall, rapidly near my house!",immediate
"There’s a unstable and sudden roadblock at the parking lot, loudly in the middle of the night!",medium
"There’s a suffocating and unexpected riot at the shopping mall, unexpectedly near my house!",emergency
"There’s a malfunctioning and dangerous gas leak at the subway, frantically in the middle of the night!",high
"A kid see a uncontrolled leak at the house, unexpectedly right now!",low
"There’s a missing and rapid medical emergency at the beach, dangerously in the middle of the night!",low
"There’s a missing and strange crash at the park, quickly right now!",high
"An old man see a dangerous crash on the subway, frantically with no one helping!",emergency
"There’s a malfunctioning and strange assault on the factory, rapidly that’s blocking traffic!",critical
"A police officer hear a dangerous explosion at the tunnel, quickly in the middle of the night!",medium
"A shopkeeper found a severe explosion on the parking lot, loudly in the middle of the night!",alert
"A police officer found a severe vandalism at the beach, frantically that’s blocking traffic!",medium
"There’s a hurt and strange explosion at the construction site, unexpectedly near my house!",high
"There’s a collapsing and unexpected leak on the beach, urgently causing a huge mess!",medium
"There’s a suffocating and dangerous crash in the store, quickly causing a huge mess!",life-threatening
"A woman found a unexpected fight at the subway, loudly with no one helping!",medium
"There’s a burning and chaotic fight at the tunnel, dangerously and people are panicking!",high
"There’s a vandalized and sudden gas leak on the office building, urgently in the middle of the night!",high
"There’s a stuck and massive flood in the alley, unexpectedly with no one helping!",critical
"There’s a collapsing and loud roadblock in the house, quickly that’s blocking traffic!",high
"There’s a unstable and intense explosion at the hospital, dangerously and it’s getting worse!",high
"A cyclist found a severe scream on the store, suddenly with no one helping!",medium
"My neighbor see a horrible roadblock at the shopping mall, suddenly and it’s getting worse!",high
"A woman found a unexpected medical emergency on the street, urgently near my house!",medium
"There’s a collapsing and intense earthquake on the apartment, urgently causing a huge mess!",low
"There’s a hijacked and loud leak in the stadium, dangerously in the middle of the night!",critical
"There’s a bleeding and loud landslide in the street, urgently with no one helping!",medium
"There’s a unconscious and unexpected fire on the office building, suddenly causing a huge mess!",emergency
"There’s a hijacked and loud gas leak in the factory, rapidly with no one helping!",low
"There’s a drowning and unexpected shooting at the shopping mall, violently near my house!",low
"A cat hear a intense explosion in the store, loudly causing a huge mess!",low
"Someone hear a severe fire on the street, urgently and it’s getting worse!",low
"Someone see a horrible shooting on the hospital, loudly right now!",medium
"There’s a lost and intense leak in the street, violently in the middle of the night!",high
"An old man found a severe robbery on the subway, frantically with no one helping!",life-threatening
"There’s a collapsing and sudden drowning in the apartment, dangerously causing a huge mess!",critical
"A woman hear a sudden medical emergency at the street, urgently with no one helping!",life-threatening
"There’s a trapped and rapid gas leak at the highway, unexpectedly with no one helping!",critical
"There’s a trapped and horrible assault at the office building, dangerously that’s blocking traffic!",high
"There’s a missing and sudden riot on the hospital, urgently causing a huge mess!",high
"A police officer see a loud scream at the store, loudly near my house!",high
"There’s a hijacked and horrible roadblock on the bridge, unexpectedly in the middle of the night!",severe
"There’s a unconscious and rapid vandalism on the school, loudly right now!",emergency
"There’s a unconscious and intense assault on the factory, quickly and it’s getting worse!",critical
"There’s a unconscious and loud drowning at the tunnel, suddenly and it’s getting worse!",medium
"There’s a unstable and rapid scream on the beach, urgently near my house!",high
"There’s a bleeding and loud assault on the office building, dangerously causing a huge mess!",low
"There’s a lost and intense robbery at the beach, suddenly right now!",medium
"There’s a broken and uncontrolled power outage on the street, urgently with no one helping!",life-threatening
"Someone found a terrifying power outage at the factory, dangerously and it’s getting worse!",medium
"There’s a unstable and horrible assault at the tunnel, rapidly causing a huge mess!",severe
"A dog found a strange roadblock at the alley, unexpectedly with no one helping!",life-threatening
"Someone found a rapid landslide on the apartment, urgently and people are panicking!",high
"There’s a hijacked and loud crash at the park, rapidly causing a huge mess!",immediate
"There’s a unconscious and horrible gas leak in the parking lot, quickly right now!",high
"A child found a rapid medical emergency on the highway, urgently and people are panicking!",low
"There’s a malfunctioning and intense explosion in the street, rapidly and it’s getting worse!",low
"A dog hear a terrifying scream at the apartment, loudly right now!",low
"A cat see a chaotic crash at the park, urgently near my house!",medium
"My neighbor see a unexpected earthquake at the school, violently right now!",high
"Someone found a horrible fire at the highway, loudly that’s blocking traffic!",immediate
"A dog see a loud drowning at the house, rapidly with no one helping!",medium
"Someone found a sudden robbery at the factory, urgently that’s blocking traffic!",low
"There’s a suffocating and chaotic vandalism in the street, rapidly and people are panicking!",medium
"There’s a abandoned and uncontrolled vandalism in the bridge, suddenly in the middle of the night!",severe
"There’s a broken and rapid crash on the highway, unexpectedly causing a huge mess!",high
"A firefighter found a massive riot on the stadium, quickly and people are panicking!",medium
"There’s a hijacked and chaotic riot at the factory, dangerously causing a huge mess!",low
"There’s a stuck and loud power outage at the street, dangerously and people are panicking!",immediate
"A child found a severe flood on the parking lot, unexpectedly and it’s getting worse!",medium
"There’s a stuck and unexpected gas leak at the office building, loudly with no one helping!",severe
"A firefighter see a intense crash in the house, loudly and it’s getting worse!",medium
"My neighbor see a strange robbery on the shopping mall, dangerously with no one helping!",medium
"A cyclist found a uncontrolled landslide at the house, frantically that’s blocking traffic!",life-threatening
"There’s a stuck and horrible leak in the stadium, urgently with no one helping!",medium
"A passenger see a dangerous explosion on the stadium, suddenly right now!",medium
"There’s a drowning and unexpected roadblock on the apartment, loudly and people are panicking!",low
"There’s a suffocating and severe crash on the highway, quickly near my house!",medium
"There’s a unconscious and massive roadblock at the factory, suddenly with no one helping!",low
"An old man see a massive explosion in the subway, loudly with no one helping!",medium
"A stranger found a sudden earthquake at the house, quickly and it’s getting worse!",high
"I hear a strange gas leak on the shopping mall, loudly near my house!",severe
"A cyclist see a severe robbery at the tunnel, loudly causing a huge mess!",low
"A police officer hear a chaotic earthquake on the apartment, rapidly in the middle of the night!",low
"There’s a unstable and strange fire in the subway, frantically and people are panicking!",low
"There’s a bleeding and uncontrolled vandalism at the stadium, rapidly that’s blocking traffic!",high
"There’s a unconscious and dangerous assault in the apartment, frantically and it’s getting worse!",immediate
"There’s a collapsing and terrifying fight at the tunnel, loudly near my house!",low
"There’s a unconscious and massive shooting on the house, suddenly and it’s getting worse!",life-threatening
"There’s a suffocating and unexpected gas leak at the street, quickly and people are panicking!",high
"A kid found a dangerous leak at the stadium, quickly causing a huge mess!",medium
"A shopkeeper hear a uncontrolled scream in the alley, unexpectedly right now!",high
"A passenger see a severe vandalism on the tunnel, dangerously near my house!",medium
"A driver hear a unexpected shooting at the factory, suddenly that’s blocking traffic!",low
"A student found a chaotic riot in the alley, frantically that’s blocking traffic!",low
"Someone hear a dangerous medical emergency in the parking lot, suddenly and it’s getting worse!",medium
"An old man see a massive vandalism at the street, suddenly that’s blocking traffic!",medium
"Someone see a strange drowning on the alley, unexpectedly near my house!",life-threatening
"My neighbor found a rapid drowning in the parking lot, unexpectedly causing a huge mess!",high
"An old man see a strange medical emergency on the beach, rapidly with no one helping!",high
"A group of people hear a terrifying fire at the shopping mall, urgently with no one helping!",high
"My neighbor see a horrible landslide in the store, violently near my house!",alert
"A cat hear a rapid roadblock on the factory, urgently near my house!",critical
"There’s a unstable and chaotic landslide in the shopping mall, unexpectedly near my house!",emergency
"My neighbor hear a intense riot at the stadium, violently right now!",medium
"There’s a lost and loud shooting at the house, urgently and it’s getting worse!",life-threatening
"An old man hear a terrifying medical emergency on the store, dangerously near my house!",low
"There’s a abandoned and severe riot in the shopping mall, urgently causing a huge mess!",low
"A child hear a chaotic landslide in the subway, urgently causing a huge mess!",high
"There’s a freezing and unexpected vandalism at the apartment, rapidly and people are panicking!",medium
"A police officer see a loud power outage on the bridge, quickly right now!",low
"A stranger see a massive vandalism at the tunnel, suddenly causing a huge mess!",emergency
"A student hear a intense robbery on the house, suddenly in the middle of the night!",alert
"A group of people see a horrible earthquake on the parking lot, loudly in the middle of the night!",medium
"A child hear a unexpected riot in the subway, rapidly that’s blocking traffic!",medium
"There’s a abandoned and loud fire in the construction site, urgently in the middle of the night!",critical
"There’s a suffocating and strange robbery in the bridge, frantically with no one helping!",emergency
"There’s a burning and chaotic crash in the beach, quickly near my house!",high
"A cat hear a rapid shooting at the hospital, quickly and people are panicking!",high
"A child see a rapid fight in the construction site, loudly near my house!",medium
"My neighbor hear a severe earthquake at the park, rapidly that’s blocking traffic!",life-threatening
"An old man hear a unexpected flood in the school, quickly and it’s getting worse!",high
"There’s a malfunctioning and dangerous landslide at the park, rapidly and people are panicking!",high
"A group of people found a sudden assault at the shopping mall, rapidly with no one helping!",high
"A cyclist hear a unexpected gas leak at the park, frantically in the middle of the night!",medium
"Someone see a chaotic assault on the alley, quickly with no one helping!",critical
"My neighbor hear a intense vandalism at the stadium, unexpectedly causing a huge mess!",high
"A student see a intense drowning in the beach, violently and people are panicking!",medium
"There’s a freezing and sudden crash at the school, rapidly with no one helping!",high
"An old man found a horrible roadblock in the factory, quickly near my house!",alert
"There’s a missing and horrible flood in the hospital, frantically and it’s getting worse!",high
"There’s a lost and loud assault in the factory, loudly causing a huge mess!",high
"There’s a collapsing and intense gas leak on the hospital, suddenly right now!",life-threatening
"A stranger see a intense drowning on the school, loudly in the middle of the night!",high
"There’s a unstable and strange gas leak at the shopping mall, violently near my house!",low
"A student see a sudden leak in the factory, frantically that’s blocking traffic!",low
"A shopkeeper hear a chaotic explosion in the house, frantically that’s blocking traffic!",immediate
"An old man found a horrible leak on the stadium, urgently causing a huge mess!",medium
"Someone hear a massive power outage on the parking lot, loudly and it’s getting worse!",low
"A passenger see a horrible landslide at the shopping mall, unexpectedly in the middle of the night!",emergency
"There’s a malfunctioning and rapid vandalism at the subway, unexpectedly and it’s getting worse!",medium
"A child hear a strange drowning on the parking lot, suddenly causing a huge mess!",medium
"A firefighter found a unexpected assault in the subway, urgently and it’s getting worse!",high
"There’s a trapped and intense roadblock at the hospital, loudly that’s blocking traffic!",immediate
"I see a strange power outage on the hospital, unexpectedly with no one helping!",critical
"A passenger found a loud robbery at the park, quickly causing a huge mess!",high
"An old man see a massive shooting at the subway, urgently near my house!",low
"A dog see a horrible riot in the apartment, violently near my house!",high
"There’s a missing and chaotic robbery in the parking lot, violently and people are panicking!",alert
"There’s a collapsing and loud fire at the park, rapidly with no one helping!",emergency
"A group of people see a loud drowning in the parking lot, frantically causing a huge mess!",high
"There’s a broken and chaotic earthquake on the highway, frantically in the middle of the night!",high
"There’s a collapsing and severe crash on the tunnel, loudly and people are panicking!",low
"A firefighter see a strange crash in the tunnel, loudly right now!",emergency
"There’s a hurt and intense power outage at the store, frantically in the middle of the night!",severe
"A passenger hear a severe fire in the apartment, rapidly that’s blocking traffic!",critical
"There’s a bleeding and dangerous fight on the stadium, violently near my house!",medium
"There’s a collapsing and rapid gas leak at the factory, violently and people are panicking!",low
"A police officer see a unexpected earthquake on the store, urgently and people are panicking!",severe
"There’s a hurt and horrible leak on the highway, urgently causing a huge mess!",high
"A child found a massive fight in the parking lot, urgently right now!",immediate
"I hear a massive vandalism in the factory, urgently with no one helping!",low
"A passenger see a intense drowning in the bridge, violently with no one helping!",high
"A cat found a intense shooting at the school, suddenly in the middle of the night!",low
"A driver hear a dangerous shooting at the tunnel, frantically in the middle of the night!",medium
"There’s a freezing and severe gas leak on the school, rapidly with no one helping!",high
"There’s a missing and chaotic crash in the parking lot, dangerously and people are panicking!",high
"There’s a suffocating and sudden leak in the construction site, rapidly near my house!",high
"A child hear a intense crash in the shopping mall, rapidly near my house!",high
"I hear a massive explosion on the apartment, unexpectedly right now!",high
"There’s a hijacked and unexpected vandalism on the park, unexpectedly near my house!",medium
"There’s a broken and terrifying drowning at the highway, loudly causing a huge mess!",medium
"A cat see a intense roadblock at the bridge, urgently in the middle of the night!",life-threatening
"There’s a collapsing and severe earthquake on the subway, dangerously and people are panicking!",low
"A shopkeeper see a intense robbery in the store, dangerously near my house!",medium
"Someone hear a sudden landslide on the bridge, violently right now!",medium
"There’s a hurt and intense leak on the alley, unexpectedly that’s blocking traffic!",medium
"There’s a hijacked and terrifying crash on the beach, dangerously causing a huge mess!",low
"A police officer see a horrible flood on the shopping mall, urgently near my house!",high
"There’s a freezing and terrifying leak at the school, suddenly near my house!",low
"A firefighter see a chaotic power outage at the alley, urgently in the middle of the night!",emergency
"A kid see a loud fight at the street, quickly and it’s getting worse!",high
"A woman hear a massive gas leak in the stadium, rapidly that’s blocking traffic!",critical
"There’s a burning and horrible medical emergency in the street, loudly with no one helping!",high
"There’s a stuck and sudden fire at the factory, unexpectedly and people are panicking!",medium
"There’s a freezing and horrible riot at the construction site, violently causing a huge mess!",medium
"An old man hear a intense roadblock at the street, frantically and it’s getting worse!",medium
"My neighbor found a intense roadblock in the bridge, unexpectedly and people are panicking!",medium
"There’s a lost and unexpected scream in the park, quickly causing a huge mess!",high
"There’s a unconscious and intense gas leak on the stadium, dangerously near my house!",severe
"There’s a unstable and unexpected drowning in the subway, urgently that’s blocking traffic!",low
"Someone see a terrifying assault in the school, urgently and people are panicking!",medium
"There’s a trapped and strange robbery on the hospital, quickly causing a huge mess!",immediate
"A cyclist found a loud flood in the office building, loudly right now!",low
"I see a chaotic landslide at the school, quickly right now!",medium
"A police officer see a unexpected vandalism in the parking lot, frantically right now!",emergency
"A woman found a massive power outage on the apartment, suddenly and it’s getting worse!",low
"A group of people found a chaotic earthquake at the subway, urgently and people are panicking!",alert
"A woman found a intense explosion in the factory, rapidly that’s blocking traffic!",emergency
"There’s a hurt and rapid gas leak on the apartment, rapidly and it’s getting worse!",low
"There’s a suffocating and uncontrolled fight in the stadium, rapidly in the middle of the night!",medium
"There’s a stuck and dangerous riot in the alley, dangerously and it’s getting worse!",medium
"A police officer found a dangerous landslide at the highway, rapidly with no one helping!",low
"Someone found a strange medical emergency at the subway, suddenly causing a huge mess!",medium
"There’s a suffocating and loud riot on the construction site, rapidly and it’s getting worse!",high
"A group of people see a rapid fire in the office building, quickly with no one helping!",medium
"There’s a broken and terrifying medical emergency in the school, quickly in the middle of the night!",medium
"A dog found a massive power outage in the shopping mall, unexpectedly in the middle of the night!",emergency
"A shopkeeper hear a horrible riot in the alley, quickly with no one helping!",medium
"There’s a hijacked and loud drowning at the store, loudly right now!",medium
"A child found a massive explosion at the bridge, dangerously near my house!",life-threatening
"A child see a horrible riot in the subway, urgently in the middle of the night!",high
"Someone hear a sudden fire on the alley, violently and it’s getting worse!",medium
"There’s a unconscious and unexpected medical emergency in the beach, urgently that’s blocking traffic!",immediate
"A student see a unexpected explosion on the beach, violently and people are panicking!",severe
"There’s a bleeding and intense flood in the factory, quickly right now!",medium
"My neighbor found a chaotic fight on the school, frantically with no one helping!",medium
"I hear a horrible roadblock on the tunnel, quickly and people are panicking!",critical
"A cyclist see a uncontrolled flood at the parking lot, suddenly with no one helping!",medium
"There’s a malfunctioning and loud drowning on the street, unexpectedly that’s blocking traffic!",medium
"A passenger found a dangerous gas leak on the highway, frantically near my house!",life-threatening
"A firefighter hear a massive drowning on the hospital, rapidly and it’s getting worse!",emergency
"A child see a loud medical emergency at the construction site, suddenly near my house!",high
"There’s a collapsing and strange roadblock in the street, violently that’s blocking traffic!",high
"There’s a hurt and rapid shooting on the school, quickly with no one helping!",low
"A child hear a massive crash at the stadium, unexpectedly in the middle of the night!",medium
"There’s a suffocating and dangerous riot on the subway, loudly that’s blocking traffic!",low
"A dog found a unexpected fire in the highway, suddenly causing a huge mess!",critical
"There’s a suffocating and intense crash on the office building, dangerously that’s blocking traffic!",critical
"There’s a stuck and sudden gas leak in the subway, violently with no one helping!",low
"There’s a missing and uncontrolled shooting in the bridge, quickly that’s blocking traffic!",medium
"There’s a missing and massive explosion on the beach, rapidly and it’s getting worse!",emergency
"There’s a vandalized and dangerous robbery at the school, suddenly right now!",immediate
"There’s a hijacked and intense leak on the factory, dangerously that’s blocking traffic!",medium
"There’s a suffocating and terrifying fire on the school, violently right now!",medium
"There’s a lost and massive flood on the store, dangerously near my house!",low
"A student hear a horrible fire on the school, quickly that’s blocking traffic!",medium
"A firefighter hear a strange riot on the street, violently that’s blocking traffic!",medium
"A cat see a loud roadblock in the park, rapidly right now!",immediate
"A woman hear a horrible fight in the store, suddenly and it’s getting worse!",low
"There’s a burning and chaotic assault at the tunnel, urgently right now!",low
"There’s a vandalized and uncontrolled landslide in the bridge, violently near my house!",high
"There’s a unconscious and uncontrolled roadblock on the park, unexpectedly near my house!",medium
"A dog see a terrifying robbery at the shopping mall, rapidly and it’s getting worse!",medium
"A passenger hear a severe crash on the apartment, quickly and people are panicking!",immediate
"A police officer found a sudden riot on the hospital, dangerously with no one helping!",low
"There’s a hijacked and dangerous leak at the tunnel, rapidly and people are panicking!",immediate
"There’s a suffocating and terrifying assault at the store, dangerously near my house!",high
"There’s a broken and massive robbery on the store, loudly with no one helping!",low
"A woman see a strange landslide in the construction site, dangerously with no one helping!",severe
"A child found a rapid drowning at the parking lot, dangerously and it’s getting worse!",emergency
"There’s a collapsing and dangerous medical emergency at the parking lot, suddenly that’s blocking traffic!",low
"Someone found a massive medical emergency on the highway, quickly and people are panicking!",low
"There’s a unconscious and horrible shooting on the subway, urgently and it’s getting worse!",medium
"An old man hear a loud robbery at the shopping mall, loudly near my house!",severe
"A kid see a sudden explosion in the school, frantically right now!",low
"A shopkeeper found a unexpected assault at the office building, loudly and it’s getting worse!",medium
"A group of people found a massive roadblock at the parking lot, rapidly and people are panicking!",low
"A student hear a uncontrolled landslide on the highway, violently in the middle of the night!",high
"There’s a vandalized and intense fire at the street, urgently and it’s getting worse!",life-threatening
"There’s a missing and severe shooting in the parking lot, urgently right now!",low
"There’s a unconscious and strange medical emergency on the beach, frantically with no one helping!",high
"There’s a missing and severe explosion in the alley, dangerously that’s blocking traffic!",high
"A group of people found a terrifying riot in the park, quickly and people are panicking!",high
"Someone found a sudden gas leak at the apartment, rapidly in the middle of the night!",alert
"There’s a missing and uncontrolled power outage on the park, urgently and people are panicking!",high
"There’s a hijacked and terrifying leak at the subway, frantically near my house!",low
"There’s a vandalized and uncontrolled robbery on the apartment, urgently and people are panicking!",high
"There’s a broken and severe scream at the parking lot, loudly and people are panicking!",low
"An old man see a dangerous power outage at the store, suddenly and people are panicking!",severe
"There’s a unstable and strange landslide at the parking lot, suddenly and it’s getting worse!",emergency
"An old man hear a sudden drowning at the hospital, urgently with no one helping!",severe
"A cyclist see a sudden fight at the beach, unexpectedly that’s blocking traffic!",high
"A woman hear a horrible assault on the stadium, dangerously right now!",alert
"A group of people hear a horrible flood at the apartment, dangerously near my house!",low
"There’s a burning and horrible landslide in the tunnel, loudly near my house!",low
"There’s a suffocating and loud scream in the beach, frantically in the middle of the night!",medium
"There’s a abandoned and terrifying landslide in the apartment, violently in the middle of the night!",high
"There’s a trapped and strange explosion on the construction site, violently that’s blocking traffic!",emergency
"A child hear a unexpected explosion in the factory, suddenly near my house!",low
"There’s a missing and dangerous scream in the highway, frantically with no one helping!",medium
"A cat hear a rapid leak on the park, violently that’s blocking traffic!",emergency
"There’s a drowning and dangerous fight on the school, loudly in the middle of the night!",severe
"A group of people see a sudden earthquake in the parking lot, unexpectedly and people are panicking!",medium
"A police officer see a terrifying leak in the bridge, violently right now!",medium
"An old man see a sudden crash on the hospital, rapidly in the middle of the night!",life-threatening
"There’s a trapped and unexpected medical emergency at the tunnel, rapidly causing a huge mess!",life-threatening
"An old man see a sudden gas leak at the apartment, loudly in the middle of the night!",medium
"There’s a drowning and loud gas leak at the bridge, violently causing a huge mess!",high
"There’s a unstable and strange explosion on the alley, urgently and it’s getting worse!",low
"There’s a collapsing and chaotic power outage on the beach, frantically that’s blocking traffic!",low
"A shopkeeper see a severe explosion at the school, quickly and people are panicking!",low
"There’s a broken and intense explosion at the alley, frantically in the middle of the night!",low
"My neighbor see a chaotic explosion in the alley, rapidly in the middle of the night!",immediate
"There’s a abandoned and loud fight at the apartment, frantically that’s blocking traffic!",emergency
"A stranger see a horrible medical emergency in the tunnel, violently near my house!",medium
"A police officer found a unexpected assault on the factory, urgently in the middle of the night!",high
"There’s a drowning and severe flood at the apartment, rapidly and it’s getting worse!",critical
"There’s a trapped and horrible fight at the factory, urgently near my house!",high
"There’s a unstable and dangerous robbery in the tunnel, violently and it’s getting worse!",medium
"There’s a trapped and chaotic earthquake in the house, suddenly with no one helping!",medium
"There’s a malfunctioning and terrifying leak in the hospital, unexpectedly and it’s getting worse!",low
"There’s a burning and intense shooting at the school, loudly with no one helping!",severe
"There’s a missing and massive medical emergency on the subway, violently and people are panicking!",medium
"There’s a suffocating and rapid robbery on the parking lot, suddenly that’s blocking traffic!",critical
"There’s a hijacked and intense fight on the alley, quickly right now!",medium
"A cyclist hear a sudden crash on the factory, unexpectedly right now!",critical
"There’s a collapsing and massive explosion on the subway, quickly and people are panicking!",low
"There’s a unstable and dangerous vandalism in the shopping mall, unexpectedly and people are panicking!",medium
"A shopkeeper found a massive landslide at the tunnel, loudly and it’s getting worse!",immediate
"A cyclist hear a dangerous assault at the street, quickly near my house!",emergency
"A child hear a intense vandalism at the beach, suddenly and it’s getting worse!",medium
"There’s a malfunctioning and rapid drowning at the beach, urgently right now!",high
"I found a massive gas leak on the store, violently causing a huge mess!",alert
"A firefighter hear a dangerous landslide at the apartment, loudly causing a huge mess!",immediate
"A dog hear a terrifying assault in the park, suddenly that’s blocking traffic!",medium
"There’s a unconscious and uncontrolled fire on the street, suddenly right now!",life-threatening
"There’s a burning and rapid leak at the street, urgently and people are panicking!",medium
"There’s a trapped and strange flood on the store, rapidly and it’s getting worse!",medium
"There’s a missing and terrifying crash on the shopping mall, dangerously with no one helping!",immediate
"A passenger found a rapid power outage at the store, frantically right now!",low
"There’s a missing and severe explosion on the shopping mall, violently with no one helping!",medium
"There’s a freezing and strange gas leak in the street, rapidly causing a huge mess!",medium
"There’s a lost and strange power outage on the bridge, rapidly right now!",immediate
"A stranger found a severe power outage on the stadium, loudly causing a huge mess!",medium
"There’s a broken and chaotic shooting on the house, violently right now!",severe
"There’s a lost and rapid roadblock at the highway, rapidly that’s blocking traffic!",severe
"A group of people see a horrible fight on the parking lot, loudly with no one helping!",low
"There’s a vandalized and massive power outage in the beach, loudly with no one helping!",critical
"A student found a rapid riot at the bridge, rapidly that’s blocking traffic!",high
"There’s a unstable and dangerous power outage at the hospital, frantically right now!",medium
"My neighbor see a loud vandalism in the school, violently right now!",low
"There’s a unconscious and chaotic scream at the park, dangerously right now!",medium
"There’s a hurt and unexpected drowning in the bridge, violently with no one helping!",high
"There’s a drowning and chaotic landslide in the stadium, suddenly near my house!",high
"A cyclist hear a unexpected drowning in the house, suddenly near my house!",high
"There’s a lost and uncontrolled fight on the highway, suddenly and people are panicking!",high
"There’s a broken and terrifying medical emergency at the stadium, violently that’s blocking traffic!",high
"There’s a trapped and dangerous roadblock at the park, suddenly that’s blocking traffic!",low
"There’s a lost and terrifying gas leak in the alley, suddenly near my house!",medium
"There’s a hurt and horrible power outage in the highway, suddenly in the middle of the night!",medium
"A cyclist see a massive landslide on the alley, rapidly in the middle of the night!",high
"There’s a hurt and dangerous power outage in the school, unexpectedly and it’s getting worse!",low
"A child see a severe robbery in the tunnel, violently and it’s getting worse!",high
"There’s a missing and sudden leak in the store, frantically in the middle of the night!",low
"There’s a hurt and intense medical emergency at the construction site, violently right now!",immediate
"A stranger found a unexpected explosion on the tunnel, dangerously right now!",low
"There’s a bleeding and unexpected drowning at the hospital, frantically causing a huge mess!",low
"There’s a unconscious and sudden riot on the street, rapidly near my house!",life-threatening
"A kid found a severe medical emergency in the factory, rapidly in the middle of the night!",medium
"There’s a lost and unexpected vandalism at the store, unexpectedly and people are panicking!",critical
"There’s a unstable and terrifying power outage at the park, frantically causing a huge mess!",medium
"A stranger see a rapid drowning on the park, dangerously near my house!",low
"A shopkeeper see a dangerous flood at the subway, suddenly with no one helping!",low
"A police officer hear a unexpected riot in the bridge, violently right now!",immediate
"There’s a stuck and unexpected riot on the tunnel, urgently causing a huge mess!",low
"There’s a drowning and chaotic drowning at the park, violently and people are panicking!",medium
"There’s a suffocating and uncontrolled flood at the stadium, loudly causing a huge mess!",high
"There’s a hijacked and strange roadblock in the beach, frantically right now!",high
"There’s a freezing and massive riot on the factory, violently and people are panicking!",medium
"There’s a unstable and uncontrolled flood at the shopping mall, violently that’s blocking traffic!",medium
"There’s a abandoned and uncontrolled shooting at the office building, suddenly near my house!",medium
"There’s a missing and intense crash at the factory, frantically near my house!",medium
"A passenger found a loud earthquake on the subway, violently right now!",critical
"There’s a burning and terrifying riot on the highway, unexpectedly and people are panicking!",high
"A woman see a dangerous leak in the office building, urgently causing a huge mess!",emergency
"A kid found a strange earthquake on the office building, frantically and it’s getting worse!",medium
"A firefighter see a loud leak at the house, rapidly and people are panicking!",medium
"A shopkeeper found a terrifying flood in the beach, frantically in the middle of the night!",medium
"A cat hear a horrible explosion in the beach, dangerously and it’s getting worse!",high
"A student see a rapid explosion at the stadium, quickly and people are panicking!",life-threatening
"There’s a suffocating and dangerous leak at the subway, quickly with no one helping!",immediate
"There’s a malfunctioning and intense landslide in the street, unexpectedly that’s blocking traffic!",high
"A woman hear a dangerous power outage on the hospital, urgently in the middle of the night!",low
"There’s a drowning and massive fight in the beach, violently that’s blocking traffic!",alert
"There’s a burning and strange assault in the shopping mall, unexpectedly with no one helping!",emergency
"There’s a missing and chaotic assault on the street, quickly right now!",medium
"There’s a unstable and uncontrolled roadblock on the construction site, dangerously near my house!",high
"A cyclist found a severe medical emergency on the shopping mall, urgently right now!",medium
"I see a unexpected fight on the hospital, quickly that’s blocking traffic!",high
